Hospital,Link,Location,Trade,Attribution,Grade,Scale,Establish
中国医学科学院阜外医院,NA,北京·北京,公立医院,专科医院,三级甲等,1000 人以上,1956 年
中国医学科学院整形外科医院,NA,北京·北京,公立医院,专科医院,三级甲等,1000 人以上,1956 年
中日友好医院,NA,北京·北京,公立医院,专科医院,三级甲等,1000 人以上,1956 年
北京大学第六医院,NA,北京·北京,公立医院,专科医院,三级甲等,1000 人以上,1956 年
北京大学第一医院大兴南院区,NA,北京·北京,公立医院,专科医院,三级甲等,1000 人以上,1956 年
北京大学肿瘤医院,NA,北京·北京,公立医院,专科医院,三级甲等,1000 人以上,1956 年
北京地坛医院顺义院区,NA,北京·北京,公立医院,专科医院,三级甲等,1000 人以上,1956 年
北京回龙观医院,NA,北京·北京,公立医院,专科医院,三级甲等,1000 人以上,1956 年
北京结核病控制研究所,NA,北京·北京,公立医院,专科医院,三级甲等,1000 人以上,1956 年
北京积水潭医院回龙观院区,NA,北京·北京,公立医院,专科医院,三级甲等,1000 人以上,1956 年
北京军区总医院附属八一儿童医院,NA,北京·北京,公立医院,专科医院,三级甲等,1000 人以上,1956 年
北京市昌平区中西医结合医院,NA,北京·北京,公立医院,专科医院,三级甲等,1000 人以上,1956 年
北京市昌平区中医医院,NA,北京·北京,公立医院,专科医院,三级甲等,1000 人以上,1956 年
北京市第一中西医结合医院东坝院区,NA,北京·北京,公立医院,专科医院,三级甲等,1000 人以上,1956 年
北京市房山区中医医院,NA,北京·北京,公立医院,专科医院,三级甲等,1000 人以上,1956 年
北京市丰台中西医结合医院,NA,北京·北京,公立医院,专科医院,三级甲等,1000 人以上,1956 年
北京市肛肠医院,NA,北京·北京,公立医院,专科医院,三级甲等,1000 人以上,1956 年
北京市和平里医院,NA,北京·北京,公立医院,专科医院,三级甲等,1000 人以上,1956 年
北京市护国寺中医院,NA,北京·北京,公立医院,专科医院,三级甲等,1000 人以上,1956 年
北京市急救中心,NA,北京·北京,公立医院,专科医院,三级甲等,1000 人以上,1956 年
