Hospital,Link,Location,Trade,Attribution,Grade,Scale,Establish
北京爱尔英智眼科医院,NA,北京·朝阳区,民营医院,专科医院,一级医院,100-499 人,1995 年
北京昌平北城中医医院,NA,北京·朝阳区,民营医院,专科医院,一级医院,100-499 人,1995 年
北京东区儿童医院,NA,北京·朝阳区,民营医院,专科医院,一级医院,100-499 人,1995 年
北京霍普医院,NA,北京·朝阳区,民营医院,专科医院,一级医院,100-499 人,1995 年
北京劲松中西医结合医院,NA,北京·朝阳区,民营医院,专科医院,一级医院,100-499 人,1995 年
北京明德医院,NA,北京·朝阳区,民营医院,专科医院,一级医院,100-499 人,1995 年
北京善方医院,NA,北京·朝阳区,民营医院,专科医院,一级医院,100-499 人,1995 年
北京熙仁医院,NA,北京·朝阳区,民营医院,专科医院,一级医院,100-499 人,1995 年
北京优联医院,NA,北京·朝阳区,民营医院,专科医院,一级医院,100-499 人,1995 年
北京昭德医院,NA,北京·朝阳区,民营医院,专科医院,一级医院,100-499 人,1995 年
