Hospital,Link,Location,Trade,Attribution,Grade,Scale,Establish
北京安琪妇产医院,NA,北京·北京,民营医院,专科医院,二级医院,100-499 人,2013 年
北京高博博仁医院,NA,北京·北京,民营医院,专科医院,二级医院,100-499 人,2013 年
北京南郊肿瘤医院,NA,北京·北京,民营医院,专科医院,二级医院,100-499 人,2013 年
北京泰康拜博口腔医院,NA,北京·北京,民营医院,专科医院,二级医院,100-499 人,2013 年
北京希玛林顺潮眼科医院,NA,北京·北京,民营医院,专科医院,二级医院,100-499 人,2013 年
北京幸福颐养护理院,NA,北京·北京,民营医院,专科医院,二级医院,100-499 人,2013 年
北京新世纪儿童医院,NA,北京·北京,民营医院,专科医院,二级医院,100-499 人,2013 年
北京新世纪妇儿医院,NA,北京·北京,民营医院,专科医院,二级医院,100-499 人,2013 年
北京家恩德仁医院,NA,北京·北京,民营医院,专科医院,二级医院,100-499 人,2013 年
爱康国宾北京中关村体检分院,NA,北京·北京,民营医院,专科医院,二级医院,100-499 人,2013 年
北京爱尔妇产医院,NA,北京·北京,民营医院,专科医院,二级医院,100-499 人,2013 年
北京长安中西医结合医院,NA,北京·北京,民营医院,专科医院,二级医院,100-499 人,2013 年
北京昌平天通仁和中医医院,NA,北京·北京,民营医院,专科医院,二级医院,100-499 人,2013 年
北京承诺精神康复医院,NA,北京·北京,民营医院,专科医院,二级医院,100-499 人,2013 年
北京大兴兴业口腔医院,NA,北京·北京,民营医院,专科医院,二级医院,100-499 人,2013 年
北京大学医院,NA,北京·北京,民营医院,专科医院,二级医院,100-499 人,2013 年
北京德泽口腔医院,NA,北京·北京,民营医院,专科医院,二级医院,100-499 人,2013 年
北京东区口腔医院,NA,北京·北京,民营医院,专科医院,二级医院,100-499 人,2013 年
北京阜仁眼科医院,NA,北京·北京,民营医院,专科医院,二级医院,100-499 人,2013 年
北京广慈中医药研究院广济中医医院,NA,北京·北京,民营医院,专科医院,二级医院,100-499 人,2013 年
