Hospital,Link,Location,Trade,Attribution,Grade,Scale,Establish
首都医科大学附属北京同仁医院南区,NA,北京·北京,公立医院,综合医院,三级甲等,-,-
首都医科大学附属北京佑安医院,NA,北京·北京,公立医院,综合医院,三级甲等,-,-
同仁医院亦庄院区,NA,北京·北京,公立医院,综合医院,三级甲等,-,-
武警北京市总队第二医院,NA,北京·北京,公立医院,综合医院,三级甲等,-,-
武警北京市总队医院,NA,北京·北京,公立医院,综合医院,三级甲等,-,-
战略支援部队特色医学中心,NA,北京·北京,公立医院,综合医院,三级甲等,-,-
中国康复研究中心,NA,北京·北京,公立医院,综合医院,三级甲等,-,-
中国人民解放军第三0六医院,NA,北京·北京,公立医院,综合医院,三级甲等,-,-
中国人民解放军第三〇七医院,NA,北京·北京,公立医院,综合医院,三级甲等,-,-
中国人民解放军第三〇五医院,NA,北京·北京,公立医院,综合医院,三级甲等,-,-
中国人民解放军火箭军总医院,NA,北京·北京,公立医院,综合医院,三级甲等,-,-
中国人民解放军空军航空医学研究所附属医院,NA,北京·北京,公立医院,综合医院,三级甲等,-,-
中国人民解放军空军总医院,NA,北京·北京,公立医院,综合医院,三级甲等,-,-
中国人民解放军总医院,NA,北京·北京,公立医院,综合医院,三级甲等,-,-
中国医学科学院肿瘤医院,NA,北京·北京,公立医院,综合医院,三级甲等,-,-
中国中医科学院广安门医院,NA,北京·北京,公立医院,综合医院,三级甲等,-,-
中国中医科学院望京医院,NA,北京·北京,公立医院,综合医院,三级甲等,-,-
中国中医科学院西苑医院,NA,北京·北京,公立医院,综合医院,三级甲等,-,-
中国中医科学院眼科医院,NA,北京·北京,公立医院,综合医院,三级甲等,-,-
