Hospital,Link,Location,Trade,Attribution,Grade,Scale,Establish
北京天士力医院,NA,北京·北京,民营医院,综合医院,二级医院,-,2015 年
北京天宜乳腺医院,NA,北京·北京,民营医院,综合医院,二级医院,-,2015 年
北京卫人中医医院,NA,北京·北京,民营医院,综合医院,二级医院,-,2015 年
北京五方桥中医肾病医院,NA,北京·北京,民营医院,综合医院,二级医院,-,2015 年
北京先和妇产医院,NA,北京·北京,民营医院,综合医院,二级医院,-,2015 年
北京新里程肿瘤医院,NA,北京·北京,民营医院,综合医院,二级医院,-,2015 年
北京亚运村美中宜和妇儿医院,NA,北京·北京,民营医院,综合医院,二级医院,-,2015 年
北京友谊新华医院,NA,北京·北京,民营医院,综合医院,二级医院,-,2015 年
北京羽飞医院,NA,北京·北京,民营医院,综合医院,二级医院,-,2015 年
北京渔阳口腔医院,NA,北京·北京,民营医院,综合医院,二级医院,-,2015 年
北京长峰医院,NA,北京·北京,民营医院,综合医院,二级医院,-,2015 年
北京中诺第二口腔医院,NA,北京·北京,民营医院,综合医院,二级医院,-,2015 年
慈铭健康体检管理集团股份有限公司北京亮马桥医院,NA,北京·北京,民营医院,综合医院,二级医院,-,2015 年
光熙康复医院,NA,北京·北京,民营医院,综合医院,二级医院,-,2015 年
韩博仕国际医院,NA,北京·北京,民营医院,综合医院,二级医院,-,2015 年
密云区第二医院,NA,北京·北京,民营医院,综合医院,二级医院,-,2015 年
宁波瑞和康复医院,NA,北京·北京,民营医院,综合医院,二级医院,-,2015 年
瑞泰口腔医院,NA,北京·北京,民营医院,综合医院,二级医院,-,2015 年
三河中美燕顺医院,NA,北京·北京,民营医院,综合医院,二级医院,-,2015 年
智慧天使口腔医院,NA,北京·北京,民营医院,综合医院,二级医院,-,2015 年
