Hospital,Link,Location,Trade,Attribution,Grade,Scale,Establish
北大医疗康复医院,NA,北京·北京,民营医院,专科医院,三级医院,100-499 人,2015 年
北京爱育华妇儿医院,NA,北京·北京,民营医院,专科医院,三级医院,100-499 人,2015 年
北京大学国际医院,NA,北京·北京,民营医院,专科医院,三级医院,100-499 人,2015 年
北京丰台右安门医院,NA,北京·北京,民营医院,专科医院,三级医院,100-499 人,2015 年
北京华生康复医院,NA,北京·北京,民营医院,专科医院,三级医院,100-499 人,2015 年
北京华信医院,NA,北京·北京,民营医院,专科医院,三级医院,100-499 人,2015 年
北京京都儿童医院,NA,北京·北京,民营医院,专科医院,三级医院,100-499 人,2015 年
北京陆道培医院,NA,北京·北京,民营医院,专科医院,三级医院,100-499 人,2015 年
北京市垂杨柳医院,NA,北京·北京,民营医院,专科医院,三级医院,100-499 人,2015 年
北京市鼓楼中医医院,NA,北京·北京,民营医院,专科医院,三级医院,100-499 人,2015 年
北京首大眼耳鼻喉医院,NA,北京·北京,民营医院,专科医院,三级医院,100-499 人,2015 年
航空总医院,NA,北京·北京,民营医院,专科医院,三级医院,100-499 人,2015 年
航天中心医院,NA,北京·北京,民营医院,专科医院,三级医院,100-499 人,2015 年
首都医科大学附属北京康复医院,NA,北京·北京,民营医院,专科医院,三级医院,100-499 人,2015 年
首都医科大学附属北京潞河医院,NA,北京·北京,民营医院,专科医院,三级医院,100-499 人,2015 年
北京大学首钢医院,NA,北京·北京,民营医院,专科医院,三级医院,100-499 人,2015 年
北京电力医院,NA,北京·北京,民营医院,专科医院,三级医院,100-499 人,2015 年
北京公安医院,NA,北京·北京,民营医院,专科医院,三级医院,100-499 人,2015 年
北京国丹医院,NA,北京·北京,民营医院,专科医院,三级医院,100-499 人,2015 年
北京航天总医院,NA,北京·北京,民营医院,专科医院,三级医院,100-499 人,2015 年
