Hospital,Link,Location,Trade,Attribution,Grade,Scale,Establish
北京皇城股骨头坏死专科医院,NA,北京·北京,民营医院,专科医院,二级医院,-,1997 年
北京京北健永口腔医院新院,NA,北京·北京,民营医院,专科医院,二级医院,-,1997 年
北京京顺医院,NA,北京·北京,民营医院,专科医院,二级医院,-,1997 年
北京军区总医院京西医院,NA,北京·北京,民营医院,专科医院,二级医院,-,1997 年
北京康媛妇幼医院,NA,北京·北京,民营医院,专科医院,二级医院,-,1997 年
北京康泽肿瘤医院,NA,北京·北京,民营医院,专科医院,二级医院,-,1997 年
北京密云县博爱康医院,NA,北京·北京,民营医院,专科医院,二级医院,-,1997 年
北京普祥肿瘤医院,NA,北京·北京,民营医院,专科医院,二级医院,-,1997 年
北京睿养中医医院,NA,北京·北京,民营医院,专科医院,二级医院,-,1997 年
北京市丰盛中医骨伤专科医院,NA,北京·北京,民营医院,专科医院,二级医院,-,1997 年
北京市海淀区四季青医院,NA,北京·北京,民营医院,专科医院,二级医院,-,1997 年
北京市监狱局清河分局医院,NA,北京·北京,民营医院,专科医院,二级医院,-,1997 年
北京市门头沟区龙泉医院,NA,北京·北京,民营医院,专科医院,二级医院,-,1997 年
北京市平谷区妇幼保健院,NA,北京·北京,民营医院,专科医院,二级医院,-,1997 年
北京市顺义区精神病医院,NA,北京·北京,民营医院,专科医院,二级医院,-,1997 年
北京市西城区妇幼保健院,NA,北京·北京,民营医院,专科医院,二级医院,-,1997 年
北京市永定门外社区卫生服务中心,NA,北京·北京,民营医院,专科医院,二级医院,-,1997 年
北京市朝阳区双桥医院,NA,北京·北京,民营医院,专科医院,二级医院,-,1997 年
北京时珍堂中西医结合医院,NA,北京·北京,民营医院,专科医院,二级医院,-,1997 年
北京苏亚医疗美容医院,NA,北京·北京,民营医院,专科医院,二级医院,-,1997 年
