Hospital,Link,Location,Trade,Attribution,Grade,Scale,Establish
北京大学第一医院,NA,北京·北京,公立医院,综合医院,三级甲等,1000 人以上,1915 年
北京大学人民医院,NA,北京·北京,公立医院,综合医院,三级甲等,1000 人以上,1915 年
北京积水潭医院,NA,北京·北京,公立医院,综合医院,三级甲等,1000 人以上,1915 年
北京市第一中西医结合医院,NA,北京·北京,公立医院,综合医院,三级甲等,1000 人以上,1915 年
北京市平谷区中医医院,NA,北京·北京,公立医院,综合医院,三级甲等,1000 人以上,1915 年
北京协和医院,NA,北京·北京,公立医院,综合医院,三级甲等,1000 人以上,1915 年
北京中医药大学东直门医院,NA,北京·北京,公立医院,综合医院,三级甲等,1000 人以上,1915 年
北京中医医院顺义医院,NA,北京·北京,公立医院,综合医院,三级甲等,1000 人以上,1915 年
解放军总医院第七医学中心,NA,北京·北京,公立医院,综合医院,三级甲等,1000 人以上,1915 年
首都儿科研究所附属儿童医院,NA,北京·北京,公立医院,综合医院,三级甲等,1000 人以上,1915 年
首都医科大学附属北京安贞医院,NA,北京·北京,公立医院,综合医院,三级甲等,1000 人以上,1915 年
首都医科大学附属北京地坛医院,NA,北京·北京,公立医院,综合医院,三级甲等,1000 人以上,1915 年
首都医科大学附属北京儿童医院,NA,北京·北京,公立医院,综合医院,三级甲等,1000 人以上,1915 年
首都医科大学附属北京世纪坛医院,NA,北京·北京,公立医院,综合医院,三级甲等,1000 人以上,1915 年
首都医科大学附属北京天坛医院,NA,北京·北京,公立医院,综合医院,三级甲等,1000 人以上,1915 年
首都医科大学附属北京同仁医院,NA,北京·北京,公立医院,综合医院,三级甲等,1000 人以上,1915 年
首都医科大学附属北京胸科医院,NA,北京·北京,公立医院,综合医院,三级甲等,1000 人以上,1915 年
首都医科大学附属北京友谊医院,NA,北京·北京,公立医院,综合医院,三级甲等,1000 人以上,1915 年
首都医科大学附属北京朝阳医院,NA,北京·北京,公立医院,综合医院,三级甲等,1000 人以上,1915 年
首都医科大学宣武医院,NA,北京·北京,公立医院,综合医院,三级甲等,1000 人以上,1915 年
