Hospital,Link,Location,Trade,Attribution,Grade,Scale,Establish
北京燕化医院,NA,北京·房山区,民营医院,综合医院,三级乙等,1000 人以上,1973 年
北京市安康医院,NA,北京·房山区,民营医院,综合医院,三级乙等,1000 人以上,1973 年
北京市宣武中医医院,NA,北京·房山区,民营医院,综合医院,三级乙等,1000 人以上,1973 年
武警北京总队第三医院,NA,北京·房山区,民营医院,综合医院,三级乙等,1000 人以上,1973 年
中国人民解放军联勤保障部队第九八四医院,NA,北京·房山区,民营医院,综合医院,三级乙等,1000 人以上,1973 年
