Hospital,Link,Location,Trade,Attribution,Grade,Scale,Establish
北京市东城区第二妇幼保健院,NA,北京·北京,公立医院,专科医院,二级甲等,-,-
北京市东城区第一妇幼保健院,NA,北京·北京,公立医院,专科医院,二级甲等,-,-
北京市房山区第一医院,NA,北京·北京,公立医院,专科医院,二级甲等,-,-
北京市房山区妇幼保健院,NA,北京·北京,公立医院,专科医院,二级甲等,-,-
北京市海淀区青龙桥医院,NA,北京·北京,公立医院,专科医院,二级甲等,-,-
北京市化工职业病防治院,NA,北京·北京,公立医院,专科医院,二级甲等,-,-
北京市怀柔区妇幼保健院,NA,北京·北京,公立医院,专科医院,二级甲等,-,-
北京市回民医院,NA,北京·北京,公立医院,专科医院,二级甲等,-,-
北京市惠新医院,NA,北京·北京,公立医院,专科医院,二级甲等,-,-
北京市健宫医院,NA,北京·北京,公立医院,专科医院,二级甲等,-,-
北京市门头沟区妇幼保健院,NA,北京·北京,公立医院,专科医院,二级甲等,-,-
北京市门头沟区医院,NA,北京·北京,公立医院,专科医院,二级甲等,-,-
北京市密云区中医医院,NA,北京·北京,公立医院,专科医院,二级甲等,-,-
北京市普仁医院,NA,北京·北京,公立医院,专科医院,二级甲等,-,-
北京市仁和医院,NA,北京·北京,公立医院,专科医院,二级甲等,-,-
北京市石景山医院,NA,北京·北京,公立医院,专科医院,二级甲等,-,-
北京市通州区妇幼保健院,NA,北京·北京,公立医院,专科医院,二级甲等,-,-
北京市通州区中西医结合医院,NA,北京·北京,公立医院,专科医院,二级甲等,-,-
北京市西城区平安医院,NA,北京·北京,公立医院,专科医院,二级甲等,-,-
北京市延庆区妇幼保健院,NA,北京·北京,公立医院,专科医院,二级甲等,-,-
