Hospital,Link,Location,Trade,Attribution,Grade,Scale,Establish
北京铂林眼科诊所,NA,北京·海淀区,民营医院,专科医院,未定级,100-499 人,2017 年
北京昌平华佑医院,NA,北京·海淀区,民营医院,专科医院,未定级,100-499 人,2017 年
北京慈禄儿科门诊部,NA,北京·海淀区,民营医院,专科医院,未定级,100-499 人,2017 年
北京崔玉涛诊所,NA,北京·海淀区,民营医院,专科医院,未定级,100-499 人,2017 年
北京丰联嘉悦丽格眼科诊所有限公司,NA,北京·海淀区,民营医院,专科医院,未定级,100-499 人,2017 年
北京港澳国际医务诊所,NA,北京·海淀区,民营医院,专科医院,未定级,100-499 人,2017 年
北京国际医疗中心,NA,北京·海淀区,民营医院,专科医院,未定级,100-499 人,2017 年
北京和睦家医院,NA,北京·海淀区,民营医院,专科医院,未定级,100-499 人,2017 年
北京莱佛士医院,NA,北京·海淀区,民营医院,专科医院,未定级,100-499 人,2017 年
北京明亮眼科诊所,NA,北京·海淀区,民营医院,专科医院,未定级,100-499 人,2017 年
北京茗视光眼科,NA,北京·海淀区,民营医院,专科医院,未定级,100-499 人,2017 年
北京南加门诊部,NA,北京·海淀区,民营医院,专科医院,未定级,100-499 人,2017 年
北京青苗口腔门诊部,NA,北京·海淀区,民营医院,专科医院,未定级,100-499 人,2017 年
北京全景德康医学影像诊断中心,NA,北京·海淀区,民营医院,专科医院,未定级,100-499 人,2017 年
北京天坛普华医院,NA,北京·海淀区,民营医院,专科医院,未定级,100-499 人,2017 年
慈铭健康体检中心,NA,北京·海淀区,民营医院,专科医院,未定级,100-499 人,2017 年
北京一脉阳光医学影像诊断中心,NA,北京·海淀区,民营医院,专科医院,未定级,100-499 人,2017 年
首都医科大学三博脑科医院,NA,北京·海淀区,民营医院,专科医院,未定级,100-499 人,2017 年
