Hospital,Link,Location,Trade,Attribution,Grade,Scale,Establish
北京京煤集团总医院,NA,北京·北京,公立医院,综合医院,三级医院,-,1956 年
北京老年医院,NA,北京·北京,公立医院,综合医院,三级医院,-,1956 年
北京美尔目第二眼科医院,NA,北京·北京,公立医院,综合医院,三级医院,-,1956 年
北京清源儿童医院,NA,北京·北京,公立医院,综合医院,三级医院,-,1956 年
北京市昌平区医院,NA,北京·北京,公立医院,综合医院,三级医院,-,1956 年
北京市大兴区人民医院,NA,北京·北京,公立医院,综合医院,三级医院,-,1956 年
北京市大兴区中西医结合医院,NA,北京·北京,公立医院,综合医院,三级医院,-,1956 年
北京市房山区良乡医院,NA,北京·北京,公立医院,综合医院,三级医院,-,1956 年
北京市海淀医院,NA,北京·北京,公立医院,综合医院,三级医院,-,1956 年
北京市隆福医院,NA,北京·北京,公立医院,综合医院,三级医院,-,1956 年
北京市平谷区医院,NA,北京·北京,公立医院,综合医院,三级医院,-,1956 年
北京市顺义区医院,NA,北京·北京,公立医院,综合医院,三级医院,-,1956 年
北京市中西医结合医院,NA,北京·北京,公立医院,综合医院,三级医院,-,1956 年
北京泰禾国际医院,NA,北京·北京,公立医院,综合医院,三级医院,-,1956 年
北京祥云京城皮肤病医院,NA,北京·北京,公立医院,综合医院,三级医院,-,1956 年
北京小汤山医院,NA,北京·北京,公立医院,综合医院,三级医院,-,1956 年
北京中科白癜风医院,NA,北京·北京,公立医院,综合医院,三级医院,-,1956 年
民航总医院,NA,北京·北京,公立医院,综合医院,三级医院,-,1956 年
世中联京都肿瘤医院,NA,北京·北京,公立医院,综合医院,三级医院,-,1956 年
首都医科大学附属复兴医院,NA,北京·北京,公立医院,综合医院,三级医院,-,1956 年
