Hospital,Link,Location,Trade,Attribution,Grade,Scale,Establish
北京德尔康尼骨科医院,NA,北京·北京,民营医院,专科医院,二级甲等,100-499 人,2002 年
北京美中宜和北三环妇儿医院,NA,北京·北京,民营医院,专科医院,二级甲等,100-499 人,2002 年
北京美中宜和妇儿医院,NA,北京·北京,民营医院,专科医院,二级甲等,100-499 人,2002 年
北京市海淀区妇幼保健院,NA,北京·北京,民营医院,专科医院,二级甲等,100-499 人,2002 年
北京市门头沟区中医院,NA,北京·北京,民营医院,专科医院,二级甲等,100-499 人,2002 年
北京市顺义区妇幼保健院,NA,北京·北京,民营医院,专科医院,二级甲等,100-499 人,2002 年
北京市延庆区医院,NA,北京·北京,民营医院,专科医院,二级甲等,100-499 人,2002 年
北京市中关村医院,NA,北京·北京,民营医院,专科医院,二级甲等,100-499 人,2002 年
北京怡德医院,NA,北京·北京,民营医院,专科医院,二级甲等,100-499 人,2002 年
北京大学第一医院丰台医院,NA,北京·北京,民营医院,专科医院,二级甲等,100-499 人,2002 年
北京东苑中医医院,NA,北京·北京,民营医院,专科医院,二级甲等,100-499 人,2002 年
北京儿童医院顺义妇儿医院,NA,北京·北京,民营医院,专科医院,二级甲等,100-499 人,2002 年
北京侯丽萍风湿病中医医院,NA,北京·北京,民营医院,专科医院,二级甲等,100-499 人,2002 年
北京民康医院,NA,北京·北京,民营医院,专科医院,二级甲等,100-499 人,2002 年
北京市昌平区妇幼保健院,NA,北京·北京,民营医院,专科医院,二级甲等,100-499 人,2002 年
北京市大兴区妇幼保健院,NA,北京·北京,民营医院,专科医院,二级甲等,100-499 人,2002 年
北京市大兴区精神病医院,NA,北京·北京,民营医院,专科医院,二级甲等,100-499 人,2002 年
北京市第二医院,NA,北京·北京,民营医院,专科医院,二级甲等,100-499 人,2002 年
北京市第六医院,NA,北京·北京,民营医院,专科医院,二级甲等,100-499 人,2002 年
北京市第四社会福利医院,NA,北京·北京,民营医院,专科医院,二级甲等,100-499 人,2002 年
