Hospital,Link,Location,Trade,Attribution,Grade,Scale,Establish
北京南口铁路医院,NA,北京·北京,公立医院,综合医院,二级乙等,-,1918 年
北京市昌平区精神卫生保健院,NA,北京·北京,公立医院,综合医院,二级乙等,-,1918 年
北京市昌平区南口医院,NA,北京·北京,公立医院,综合医院,二级乙等,-,1918 年
北京市昌平区沙河医院,NA,北京·北京,公立医院,综合医院,二级乙等,-,1918 年
北京市崇文区体育馆路医院,NA,北京·北京,公立医院,综合医院,二级乙等,-,1918 年
北京市丰台区妇幼保健院,NA,北京·北京,公立医院,综合医院,二级乙等,-,1918 年
北京市丰台区南苑医院,NA,北京·北京,公立医院,综合医院,二级乙等,-,1918 年
北京市丰台区铁营医院,NA,北京·北京,公立医院,综合医院,二级乙等,-,1918 年
北京市平谷区第二医院,NA,北京·北京,公立医院,综合医院,二级乙等,-,1918 年
北京市平谷区精神病医院,NA,北京·北京,公立医院,综合医院,二级乙等,-,1918 年
北京市石景山区中医院,NA,北京·北京,公立医院,综合医院,二级乙等,-,1918 年
北京市顺义区空港医院,NA,北京·北京,公立医院,综合医院,二级乙等,-,1918 年
北京市西城区广外医院,NA,北京·北京,公立医院,综合医院,二级乙等,-,1918 年
北京市羊坊店医院,NA,北京·北京,公立医院,综合医院,二级乙等,-,1918 年
北京市延庆区永宁镇社区卫生服务中心,NA,北京·北京,公立医院,综合医院,二级乙等,-,1918 年
北京市展览路医院,NA,北京·北京,公立医院,综合医院,二级乙等,-,1918 年
北京市朝阳区第三医院,NA,北京·北京,公立医院,综合医院,二级乙等,-,1918 年
北京同仁堂中医医院,NA,北京·北京,公立医院,综合医院,二级乙等,-,1918 年
北京朝阳三环肿瘤医院,NA,北京·北京,公立医院,综合医院,二级乙等,-,1918 年
清华大学校医院,NA,北京·北京,公立医院,综合医院,二级乙等,-,1918 年
