Hospital,Link,Location,Trade,Attribution,Grade,Scale,Establish
北京世纪坛医院,NA,北京·北京,公立医院,综合医院,三级甲等,-,1915 年
北京协和医院西院,NA,北京·北京,公立医院,综合医院,三级甲等,-,1915 年
北京医院,NA,北京·北京,公立医院,综合医院,三级甲等,-,1915 年
北京友谊医院顺义院区,NA,北京·北京,公立医院,综合医院,三级甲等,-,1915 年
北京朝阳医院京西院区,NA,北京·北京,公立医院,综合医院,三级甲等,-,1915 年
北京中医药大学第三附属医院,NA,北京·北京,公立医院,综合医院,三级甲等,-,1915 年
北京中医药大学东方医院,NA,北京·北京,公立医院,综合医院,三级甲等,-,1915 年
北京中医药大学东方医院西院区,NA,北京·北京,公立医院,综合医院,三级甲等,-,1915 年
北京中医药大学东直门医院东区,NA,北京·北京,公立医院,综合医院,三级甲等,-,1915 年
北京中医医院,NA,北京·北京,公立医院,综合医院,三级甲等,-,1915 年
解放军总医院第八医学中心,NA,北京·北京,公立医院,综合医院,三级甲等,-,1915 年
解放军总医院第六医学中心,NA,北京·北京,公立医院,综合医院,三级甲等,-,1915 年
解放军总医院第七医学中心东区,NA,北京·北京,公立医院,综合医院,三级甲等,-,1915 年
解放军总医院第三医学中心,NA,北京·北京,公立医院,综合医院,三级甲等,-,1915 年
解放军总医院第四医学中心,NA,北京·北京,公立医院,综合医院,三级甲等,-,1915 年
解放军总医院第五医学中心,NA,北京·北京,公立医院,综合医院,三级甲等,-,1915 年
首都儿科研究所廊坊儿童医院,NA,北京·北京,公立医院,综合医院,三级甲等,-,1915 年
首都医科大学附属北京安定医院,NA,北京·北京,公立医院,综合医院,三级甲等,-,1915 年
首都医科大学附属北京妇产医院,NA,北京·北京,公立医院,综合医院,三级甲等,-,1915 年
首都医科大学附属北京口腔医院,NA,北京·北京,公立医院,综合医院,三级甲等,-,1915 年
