Hospital,Link,Location,Trade,Attribution,Grade,Scale,Establish
北京市朝阳区妇儿医院,NA,北京·北京,公立医院,专科医院,二级甲等,-,-
北京市朝阳区中医院,NA,北京·北京,公立医院,专科医院,二级甲等,-,-
北京水利医院,NA,北京·北京,公立医院,专科医院,二级甲等,-,-
北京同济东方中西医结合医院,NA,北京·北京,公立医院,专科医院,二级甲等,-,-
北京万杰医院,NA,北京·北京,公立医院,专科医院,二级甲等,-,-
北京藏医院,NA,北京·北京,公立医院,专科医院,二级甲等,-,-
北京中医医院延庆医院,NA,北京·北京,公立医院,专科医院,二级甲等,-,-
昌平区天通苑中医医院,NA,北京·北京,公立医院,专科医院,二级甲等,-,-
东城区第一人民医院,NA,北京·北京,公立医院,专科医院,二级甲等,-,-
航天七三一医院,NA,北京·北京,公立医院,专科医院,二级甲等,-,-
清华大学玉泉医院,NA,北京·北京,公立医院,专科医院,二级甲等,-,-
中国残疾人联合会北京按摩医院,NA,北京·北京,公立医院,专科医院,二级甲等,-,-
中国科学院大学附属北京怀柔医院,NA,北京·北京,公立医院,专科医院,二级甲等,-,-
中国人民解放军第二六三医院,NA,北京·北京,公立医院,专科医院,二级甲等,-,-
中国人民解放军六六四00部队医院,NA,北京·北京,公立医院,专科医院,二级甲等,-,-
中国人民解放军六六0五五医院,NA,北京·北京,公立医院,专科医院,二级甲等,-,-
中国人民解放军三一六医院,NA,北京·北京,公立医院,专科医院,二级甲等,-,-
中国人民解放军五一一一二医院,NA,北京·北京,公立医院,专科医院,二级甲等,-,-
中国人民解放军五一一一六医院,NA,北京·北京,公立医院,专科医院,二级甲等,-,-
中国中医科学院广安门医院南区,NA,北京·北京,公立医院,专科医院,二级甲等,-,-
