Hospital,Link,Location,Trade,Attribution,Grade,Scale,Establish
北京市监狱管理局清河农场医院,NA,天津·天津,公立医院,综合医院,二级乙等,-,-
天津华兴医院,NA,天津·天津,公立医院,综合医院,二级乙等,-,-
天津市滨海新区塘沽大华医院,NA,天津·天津,公立医院,综合医院,二级乙等,-,-
天津市汉沽农场医院,NA,天津·天津,公立医院,综合医院,二级乙等,-,-
天津市河北区建昌医院,NA,天津·天津,公立医院,综合医院,二级乙等,-,-
天津市河东区中医院,NA,天津·天津,公立医院,综合医院,二级乙等,-,-
天津市河西区康复医院,NA,天津·天津,公立医院,综合医院,二级乙等,-,-
天津市河西医院,NA,天津·天津,公立医院,综合医院,二级乙等,-,-
天津市津南区妇幼保健院,NA,天津·天津,公立医院,综合医院,二级乙等,-,-
天津市津南区小站医院,NA,天津·天津,公立医院,综合医院,二级乙等,-,-
天津市南开区理疗专科医院,NA,天津·天津,公立医院,综合医院,二级乙等,-,-
天津市南开区三潭医院,NA,天津·天津,公立医院,综合医院,二级乙等,-,-
天津市南开区王顶堤医院,NA,天津·天津,公立医院,综合医院,二级乙等,-,-
天津市塘沽区妇幼保健院,NA,天津·天津,公立医院,综合医院,二级乙等,-,-
天津市冶金医院,NA,天津·天津,公立医院,综合医院,二级乙等,-,-
天津拖拉机制造厂职工医院,NA,天津·天津,公立医院,综合医院,二级乙等,-,-
