Hospital,Link,Location,Trade,Attribution,Grade,Scale,Establish
天津和平新世纪妇儿医院,NA,天津·和平区,民营医院,综合医院,二级医院,100-499 人,2012 年
天津河西环湖美奥口腔医院,NA,天津·和平区,民营医院,综合医院,二级医院,100-499 人,2012 年
天津美中宜和妇儿医院,NA,天津·和平区,民营医院,综合医院,二级医院,100-499 人,2012 年
南开区妇女儿童保健中心,NA,天津·和平区,民营医院,综合医院,二级医院,100-499 人,2012 年
天津爱诺医院,NA,天津·和平区,民营医院,综合医院,二级医院,100-499 人,2012 年
天津百信医院,NA,天津·和平区,民营医院,综合医院,二级医院,100-499 人,2012 年
天津宝坻锦绣香江医院,NA,天津·和平区,民营医院,综合医院,二级医院,100-499 人,2012 年
天津北辰隆泽医院,NA,天津·和平区,民营医院,综合医院,二级医院,100-499 人,2012 年
天津滨海新区安琪妇产医院,NA,天津·和平区,民营医院,综合医院,二级医院,100-499 人,2012 年
天津滨海新区塘沽妇产医院,NA,天津·和平区,民营医院,综合医院,二级医院,100-499 人,2012 年
天津河东国太中医院,NA,天津·和平区,民营医院,综合医院,二级医院,100-499 人,2012 年
天津河东益尔康达医院,NA,天津·和平区,民营医院,综合医院,二级医院,100-499 人,2012 年
天津捷希肿瘤医院,NA,天津·和平区,民营医院,综合医院,二级医院,100-499 人,2012 年
天津静海泊泰医院,NA,天津·和平区,民营医院,综合医院,二级医院,100-499 人,2012 年
天津津好医院,NA,天津·和平区,民营医院,综合医院,二级医院,100-499 人,2012 年
天津蓟州妇儿医院,NA,天津·和平区,民营医院,综合医院,二级医院,100-499 人,2012 年
天津南开友好医院,NA,天津·和平区,民营医院,综合医院,二级医院,100-499 人,2012 年
天津市傅村医院,NA,天津·和平区,民营医院,综合医院,二级医院,100-499 人,2012 年
天津市复员退伍军人精神病疗养院,NA,天津·和平区,民营医院,综合医院,二级医院,100-499 人,2012 年
天津市和平区妇产科医院,NA,天津·和平区,民营医院,综合医院,二级医院,100-499 人,2012 年
