Hospital,Link,Location,Trade,Attribution,Grade,Scale,Establish
天津中医药大学第二附属医院,NA,天津·天津,公立医院,专科医院,三级甲等,-,1958 年
武警后勤学院附属医院,NA,天津·天津,公立医院,专科医院,三级甲等,-,1958 年
中国人民解放军第四六四医院,NA,天津·天津,公立医院,专科医院,三级甲等,-,1958 年
中国人民解放军联勤保障部队第九八三医院,NA,天津·天津,公立医院,专科医院,三级甲等,-,1958 年
