Hospital,Link,Location,Trade,Attribution,Grade,Scale,Establish
天津市宁河区医院,NA,天津·天津,公立医院,综合医院,三级乙等,1000 人以上,1940 年
天津泰达医院,NA,天津·天津,公立医院,综合医院,三级乙等,1000 人以上,1940 年
天津市第四医院,NA,天津·天津,公立医院,综合医院,三级乙等,1000 人以上,1940 年
天津市公安局安康医院,NA,天津·天津,公立医院,综合医院,三级乙等,1000 人以上,1940 年
天津市民政局安宁医院,NA,天津·天津,公立医院,综合医院,三级乙等,1000 人以上,1940 年
