Hospital,Link,Location,Trade,Attribution,Grade,Scale,Establish
北京大学滨海医院,NA,天津·,公立医院,综合医院,三级甲等,1000 人以上,1949 年
泰达国际心血管病医院,NA,天津·,公立医院,综合医院,三级甲等,1000 人以上,1949 年
天津市北辰区中医院,NA,天津·,公立医院,综合医院,三级甲等,1000 人以上,1949 年
天津市第三中心医院,NA,天津·,公立医院,综合医院,三级甲等,1000 人以上,1949 年
天津市第一中心医院,NA,天津·,公立医院,综合医院,三级甲等,1000 人以上,1949 年
天津市蓟州区人民医院,NA,天津·,公立医院,综合医院,三级甲等,1000 人以上,1949 年
天津市中医药研究院附属医院,NA,天津·,公立医院,综合医院,三级甲等,1000 人以上,1949 年
天津医科大学第二医院,NA,天津·,公立医院,综合医院,三级甲等,1000 人以上,1949 年
天津医科大学肿瘤医院,NA,天津·,公立医院,综合医院,三级甲等,1000 人以上,1949 年
天津医科大学总医院,NA,天津·,公立医院,综合医院,三级甲等,1000 人以上,1949 年
天津中医药大学第一附属医院,NA,天津·,公立医院,综合医院,三级甲等,1000 人以上,1949 年
中国医学科学院血液病医院,NA,天津·,公立医院,综合医院,三级甲等,1000 人以上,1949 年
北辰区新中医医院,NA,天津·,公立医院,综合医院,三级甲等,1000 人以上,1949 年
天津环湖医院,NA,天津·,公立医院,综合医院,三级甲等,1000 人以上,1949 年
天津市安定医院,NA,天津·,公立医院,综合医院,三级甲等,1000 人以上,1949 年
天津市宝坻区人民医院,NA,天津·,公立医院,综合医院,三级甲等,1000 人以上,1949 年
天津市滨海新区肿瘤医院,NA,天津·,公立医院,综合医院,三级甲等,1000 人以上,1949 年
天津市第二人民医院,NA,天津·,公立医院,综合医院,三级甲等,1000 人以上,1949 年
天津市第四中心医院,NA,天津·,公立医院,综合医院,三级甲等,1000 人以上,1949 年
天津市儿童医院,NA,天津·,公立医院,综合医院,三级甲等,1000 人以上,1949 年
