Hospital,Link,Location,Trade,Attribution,Grade,Scale,Establish
天津市第一中心医院东院,NA,天津·天津,公立医院,综合医院,二级甲等,-,-
天津市东丽区东丽医院,NA,天津·天津,公立医院,综合医院,二级甲等,-,-
天津市东丽区妇幼保健院,NA,天津·天津,公立医院,综合医院,二级甲等,-,-
天津市东丽区中医院,NA,天津·天津,公立医院,综合医院,二级甲等,-,-
天津市公安医院,NA,天津·天津,公立医院,综合医院,二级甲等,-,-
天津市汉沽区医院,NA,天津·天津,公立医院,综合医院,二级甲等,-,-
天津市河北区妇幼保健院,NA,天津·天津,公立医院,综合医院,二级甲等,-,-
天津市河东区赤峰医院,NA,天津·天津,公立医院,综合医院,二级甲等,-,-
天津市和平区中医医院,NA,天津·天津,公立医院,综合医院,二级甲等,-,-
天津市河西区柳林医院,NA,天津·天津,公立医院,综合医院,二级甲等,-,-
天津市红桥区妇幼保健院,NA,天津·天津,公立医院,综合医院,二级甲等,-,-
天津市红桥区中医院,NA,天津·天津,公立医院,综合医院,二级甲等,-,-
天津市红桥医院,NA,天津·天津,公立医院,综合医院,二级甲等,-,-
天津市黄河医院,NA,天津·天津,公立医院,综合医院,二级甲等,-,-
天津市静海区中医医院,NA,天津·天津,公立医院,综合医院,二级甲等,-,-
天津市蓟县妇幼保健院,NA,天津·天津,公立医院,综合医院,二级甲等,-,-
天津市蓟州区中医医院,NA,天津·天津,公立医院,综合医院,二级甲等,-,-
天津市民族医院,NA,天津·天津,公立医院,综合医院,二级甲等,-,-
天津市南开区中医医院,NA,天津·天津,公立医院,综合医院,二级甲等,-,-
天津市塘沽区中医院,NA,天津·天津,公立医院,综合医院,二级甲等,-,-
