Hospital,Link,Location,Trade,Attribution,Grade,Scale,Establish
天津市海河医院,NA,天津·天津,公立医院,综合医院,三级甲等,-,-
天津市静海区医院,NA,天津·天津,公立医院,综合医院,三级甲等,-,-
天津市口腔医院,NA,天津·天津,公立医院,综合医院,三级甲等,-,-
天津市南开医院,NA,天津·天津,公立医院,综合医院,三级甲等,-,-
天津市人民医院,NA,天津·天津,公立医院,综合医院,三级甲等,-,-
天津市人民医院滨江分院,NA,天津·天津,公立医院,综合医院,三级甲等,-,-
天津市武清区中医院,NA,天津·天津,公立医院,综合医院,三级甲等,-,-
天津市新一中心医院,NA,天津·天津,公立医院,综合医院,三级甲等,-,-
天津市胸科医院,NA,天津·天津,公立医院,综合医院,三级甲等,-,-
天津市眼科医院,NA,天津·天津,公立医院,综合医院,三级甲等,-,-
天津市永久医院,NA,天津·天津,公立医院,综合医院,三级甲等,-,-
天津市整形外科医院,NA,天津·天津,公立医院,综合医院,三级甲等,-,-
天津市中心妇产科医院,NA,天津·天津,公立医院,综合医院,三级甲等,-,-
天津市中医医院,NA,天津·天津,公立医院,综合医院,三级甲等,-,-
天津医科大学代谢病医院,NA,天津·天津,公立医院,综合医院,三级甲等,-,-
天津医科大学第三附属医院,NA,天津·天津,公立医院,综合医院,三级甲等,-,-
天津医科大学口腔医院,NA,天津·天津,公立医院,综合医院,三级甲等,-,-
天津医科大学眼科医院,NA,天津·天津,公立医院,综合医院,三级甲等,-,-
天津医院和平院区,NA,天津·天津,公立医院,综合医院,三级甲等,-,-
天津医院河西院区,NA,天津·天津,公立医院,综合医院,三级甲等,-,-
