Hospital,Link,Location,Trade,Attribution,Grade,Scale,Establish
天津市咸水沽医院,NA,天津·天津,公立医院,综合医院,二级甲等,-,-
天津市新生医院,NA,天津·天津,公立医院,综合医院,二级甲等,-,-
天津医科大学总医院滨海医院,NA,天津·天津,公立医院,综合医院,二级甲等,-,-
天津中铁十八局集团有限公司中心医院,NA,天津·天津,公立医院,综合医院,二级甲等,-,-
天津中医药大学附属保康医院,NA,天津·天津,公立医院,综合医院,二级甲等,-,-
武警八六三〇部队医院,NA,天津·天津,公立医院,综合医院,二级甲等,-,-
武警天津总队医院,NA,天津·天津,公立医院,综合医院,二级甲等,-,-
中国海洋石油总公司渤海石油公司职工医院,NA,天津·天津,公立医院,综合医院,二级甲等,-,-
中国人民解放军第二七二医院,NA,天津·天津,公立医院,综合医院,二级甲等,-,-
中国人民解放军第二七一医院,NA,天津·天津,公立医院,综合医院,二级甲等,-,-
中国人民解放军空军水上村医院,NA,天津·天津,公立医院,综合医院,二级甲等,-,-
