Hospital,Link,Location,Trade,Attribution,Grade,Scale,Establish
天津医科大学总医院空港医院,NA,天津·东丽区,公立医院,综合医院,三级医院,100-499 人,2015 年
天津圣佑医院,NA,天津·东丽区,公立医院,综合医院,三级医院,100-499 人,2015 年
天津市北辰医院,NA,天津·东丽区,公立医院,综合医院,三级医院,100-499 人,2015 年
天津市天津医院,NA,天津·东丽区,公立医院,综合医院,三级医院,100-499 人,2015 年
天津市武清区人民医院,NA,天津·东丽区,公立医院,综合医院,三级医院,100-499 人,2015 年
天津市西青医院,NA,天津·东丽区,公立医院,综合医院,三级医院,100-499 人,2015 年
天津太山肿瘤医院,NA,天津·东丽区,公立医院,综合医院,三级医院,100-499 人,2015 年
天津武清京滨联合医院,NA,天津·东丽区,公立医院,综合医院,三级医院,100-499 人,2015 年
