Hospital,Link,Location,Trade,Attribution,Grade,Scale,Establish
天津南开美奥口腔门诊部,NA,天津·南开区,民营医院,其他,未定级,20-99 人,2017 年
天津南开全景医学影像诊断中心,NA,天津·南开区,民营医院,其他,未定级,20-99 人,2017 年
天津唐昊喆口腔门诊部,NA,天津·南开区,民营医院,其他,未定级,20-99 人,2017 年
天津协和华美医学检验实验室,NA,天津·南开区,民营医院,其他,未定级,20-99 人,2017 年
天津和平新世纪妇儿医院,NA,天津·南开区,民营医院,其他,未定级,20-99 人,2017 年
