Hospital,Link,Location,Trade,Attribution,Grade,Scale,Establish
天津北大医疗海洋石油医院,NA,天津·滨海新区,公立医院,综合医院,二级甲等,500-999 人,1964 年
和平区中医医院新院,NA,天津·滨海新区,公立医院,综合医院,二级甲等,500-999 人,1964 年
蓟县269医院,NA,天津·滨海新区,公立医院,综合医院,二级甲等,500-999 人,1964 年
宁河县中医医院,NA,天津·滨海新区,公立医院,综合医院,二级甲等,500-999 人,1964 年
天津8630医院,NA,天津·滨海新区,公立医院,综合医院,二级甲等,500-999 人,1964 年
天津电力医院,NA,天津·滨海新区,公立医院,综合医院,二级甲等,500-999 人,1964 年
天津港口医院,NA,天津·滨海新区,公立医院,综合医院,二级甲等,500-999 人,1964 年
天津海滨人民医院,NA,天津·滨海新区,公立医院,综合医院,二级甲等,500-999 人,1964 年
天津河东天铁医院,NA,天津·滨海新区,公立医院,综合医院,二级甲等,500-999 人,1964 年
天津化工厂医院,NA,天津·滨海新区,公立医院,综合医院,二级甲等,500-999 人,1964 年
天津碱厂医院,NA,天津·滨海新区,公立医院,综合医院,二级甲等,500-999 人,1964 年
天津技术开发区医院,NA,天津·滨海新区,公立医院,综合医院,二级甲等,500-999 人,1964 年
天津市宝坻区中医院,NA,天津·滨海新区,公立医院,综合医院,二级甲等,500-999 人,1964 年
天津市北辰区妇幼保健所,NA,天津·滨海新区,公立医院,综合医院,二级甲等,500-999 人,1964 年
天津市滨海新区大港社区医院,NA,天津·滨海新区,公立医院,综合医院,二级甲等,500-999 人,1964 年
天津市滨海新区大港医院,NA,天津·滨海新区,公立医院,综合医院,二级甲等,500-999 人,1964 年
天津市滨海新区汉沽中医医院,NA,天津·滨海新区,公立医院,综合医院,二级甲等,500-999 人,1964 年
天津市滨海新区中医医院,NA,天津·滨海新区,公立医院,综合医院,二级甲等,500-999 人,1964 年
天津市第二医院,NA,天津·滨海新区,公立医院,综合医院,二级甲等,500-999 人,1964 年
天津市第一医院,NA,天津·滨海新区,公立医院,综合医院,二级甲等,500-999 人,1964 年
