Hospital,Link,Location,Trade,Attribution,Grade,Scale,Establish
天津市和平区中心医院,NA,天津·天津,公立医院,综合医院,二级医院,-,1979 年
天津市听力障碍康复中心,NA,天津·天津,公立医院,综合医院,二级医院,-,1979 年
天津塘沽仁和医院,NA,天津·天津,公立医院,综合医院,二级医院,-,1979 年
天津天钢集团有限公司冶金医院,NA,天津·天津,公立医院,综合医院,二级医院,-,1979 年
天津武清全胜医院,NA,天津·天津,公立医院,综合医院,二级医院,-,1979 年
天津武清区佶安医院,NA,天津·天津,公立医院,综合医院,二级医院,-,1979 年
天津武清仁和医院,NA,天津·天津,公立医院,综合医院,二级医院,-,1979 年
