Hospital,Link,Location,Trade,Attribution,Grade,Scale,Establish
保定市第四医院,NA,河北·保定市,公立医院,综合医院,二级乙等,-,-
保定市骨科医院,NA,河北·保定市,公立医院,综合医院,二级乙等,-,-
保定市莲池区人民医院,NA,河北·保定市,公立医院,综合医院,二级乙等,-,-
保定市新市区医院,NA,河北·保定市,公立医院,综合医院,二级乙等,-,-
保定市易县医院,NA,河北·保定市,公立医院,综合医院,二级乙等,-,-
泊头市第二医院,NA,河北·保定市,公立医院,综合医院,二级乙等,-,-
沧州中捷医院,NA,河北·保定市,公立医院,综合医院,二级乙等,-,-
承德市双滦区人民医院,NA,河北·保定市,公立医院,综合医院,二级乙等,-,-
承德市双桥区医院,NA,河北·保定市,公立医院,综合医院,二级乙等,-,-
磁县肿瘤医院,NA,河北·保定市,公立医院,综合医院,二级乙等,-,-
定州市中医院,NA,河北·保定市,公立医院,综合医院,二级乙等,-,-
阜平县医院,NA,河北·保定市,公立医院,综合医院,二级乙等,-,-
高邑县医院,NA,河北·保定市,公立医院,综合医院,二级乙等,-,-
广宗县医院,NA,河北·保定市,公立医院,综合医院,二级乙等,-,-
沽源县人民医院,NA,河北·保定市,公立医院,综合医院,二级乙等,-,-
海兴县医院,NA,河北·保定市,公立医院,综合医院,二级乙等,-,-
邯郸市按摩医院,NA,河北·保定市,公立医院,综合医院,二级乙等,-,-
邯郸陶瓷集团总公司职工医院,NA,河北·保定市,公立医院,综合医院,二级乙等,-,-
河北红十字石家庄中西医结合医院,NA,河北·保定市,公立医院,综合医院,二级乙等,-,-
河北任丘华北石油油建医院,NA,河北·保定市,公立医院,综合医院,二级乙等,-,-
