Hospital,Link,Location,Trade,Attribution,Grade,Scale,Establish
唐山市利明医院,NA,河北·唐山市,民营医院,综合医院,二级乙等,-,1962 年
香河县气管炎哮喘医院,NA,河北·唐山市,民营医院,综合医院,二级乙等,-,1962 年
香河县人民医院,NA,河北·唐山市,民营医院,综合医院,二级乙等,-,1962 年
邢台市第四医院,NA,河北·唐山市,民营医院,综合医院,二级乙等,-,1962 年
新乐市轻工医院,NA,河北·唐山市,民营医院,综合医院,二级乙等,-,1962 年
阳原县中医院,NA,河北·唐山市,民营医院,综合医院,二级乙等,-,1962 年
永年区第二医院,NA,河北·唐山市,民营医院,综合医院,二级乙等,-,1962 年
元氏县第二医院,NA,河北·唐山市,民营医院,综合医院,二级乙等,-,1962 年
张家口市第五医院,NA,河北·唐山市,民营医院,综合医院,二级乙等,-,1962 年
张家口市下花园煤矿医院,NA,河北·唐山市,民营医院,综合医院,二级乙等,-,1962 年
正定县第二人民医院,NA,河北·唐山市,民营医院,综合医院,二级乙等,-,1962 年
正定县第三人民医院,NA,河北·唐山市,民营医院,综合医院,二级乙等,-,1962 年
正定县中医研究所附属医院,NA,河北·唐山市,民营医院,综合医院,二级乙等,-,1962 年
正定县中医院,NA,河北·唐山市,民营医院,综合医院,二级乙等,-,1962 年
