Hospital,Link,Location,Trade,Attribution,Grade,Scale,Establish
宁晋县妇幼保健院,NA,河北·邢台市,公立医院,专科医院,二级医院,-,1980 年
平乡博爱医院,NA,河北·邢台市,公立医院,专科医院,二级医院,-,1980 年
平乡县中西医结合医院,NA,河北·邢台市,公立医院,专科医院,二级医院,-,1980 年
迁安华仁骨科医院,NA,河北·邢台市,公立医院,专科医院,二级医院,-,1980 年
迁安市传染病医院,NA,河北·邢台市,公立医院,专科医院,二级医院,-,1980 年
迁安燕山医院,NA,河北·邢台市,公立医院,专科医院,二级医院,-,1980 年
迁西县济德医院,NA,河北·邢台市,公立医院,专科医院,二级医院,-,1980 年
秦皇岛经济技术开发区医院,NA,河北·邢台市,公立医院,专科医院,二级医院,-,1980 年
秦皇岛潘纳茜医院,NA,河北·邢台市,公立医院,专科医院,二级医院,-,1980 年
秦皇岛市卫校医院,NA,河北·邢台市,公立医院,专科医院,二级医院,-,1980 年
秦皇岛市中铁山桥集团医院,NA,河北·邢台市,公立医院,专科医院,二级医院,-,1980 年
饶阳县妇幼保健院,NA,河北·邢台市,公立医院,专科医院,二级医院,-,1980 年
任丘康济新图医院,NA,河北·邢台市,公立医院,专科医院,二级医院,-,1980 年
任丘市法医医院,NA,河北·邢台市,公立医院,专科医院,二级医院,-,1980 年
石家庄德美尔医院,NA,河北·邢台市,公立医院,专科医院,二级医院,-,1980 年
石家庄华医医院,NA,河北·邢台市,公立医院,专科医院,二级医院,-,1980 年
石家庄蓝天中医院,NA,河北·邢台市,公立医院,专科医院,二级医院,-,1980 年
石家庄明翰医院,NA,河北·邢台市,公立医院,专科医院,二级医院,-,1980 年
石家庄市长安区医院,NA,河北·邢台市,公立医院,专科医院,二级医院,-,1980 年
石家庄远大白癜风医院,NA,河北·邢台市,公立医院,专科医院,二级医院,-,1980 年
