Hospital,Link,Location,Trade,Attribution,Grade,Scale,Establish
大名县妇幼保健院,NA,河北·邯郸市,公立医院,专科医院,二级甲等,-,-
大名县人民医院,NA,河北·邯郸市,公立医院,专科医院,二级甲等,-,-
大名县中医医院,NA,河北·邯郸市,公立医院,专科医院,二级甲等,-,-
定兴县医院,NA,河北·邯郸市,公立医院,专科医院,二级甲等,-,-
定州市第三医院,NA,河北·邯郸市,公立医院,专科医院,二级甲等,-,-
定州市第四医院,NA,河北·邯郸市,公立医院,专科医院,二级甲等,-,-
定州市妇幼保健院,NA,河北·邯郸市,公立医院,专科医院,二级甲等,-,-
定州市中医医院,NA,河北·邯郸市,公立医院,专科医院,二级甲等,-,-
定州武警部队医院,NA,河北·邯郸市,公立医院,专科医院,二级甲等,-,-
东光县中医医院,NA,河北·邯郸市,公立医院,专科医院,二级甲等,-,-
丰宁满族自治县医院,NA,河北·邯郸市,公立医院,专科医院,二级甲等,-,-
丰宁县中医院,NA,河北·邯郸市,公立医院,专科医院,二级甲等,-,-
丰润区第二人民医院,NA,河北·邯郸市,公立医院,专科医院,二级甲等,-,-
阜城县人民医院,NA,河北·邯郸市,公立医院,专科医院,二级甲等,-,-
抚宁县中医院,NA,河北·邯郸市,公立医院,专科医院,二级甲等,-,-
高碑店市医院,NA,河北·邯郸市,公立医院,专科医院,二级甲等,-,-
高阳县医院,NA,河北·邯郸市,公立医院,专科医院,二级甲等,-,-
高阳县中医院,NA,河北·邯郸市,公立医院,专科医院,二级甲等,-,-
高邑县中医院,NA,河北·邯郸市,公立医院,专科医院,二级甲等,-,-
广平县人民医院,NA,河北·邯郸市,公立医院,专科医院,二级甲等,-,-
