Hospital,Link,Location,Trade,Attribution,Grade,Scale,Establish
河北职工医学院唐钢教学医院,NA,河北·唐山市,公立医院,综合医院,二级甲等,-,-
河间市人民医院,NA,河北·唐山市,公立医院,综合医院,二级甲等,-,-
衡水市第六人民医院,NA,河北·唐山市,公立医院,综合医院,二级甲等,-,-
衡水市第三人民医院,NA,河北·唐山市,公立医院,综合医院,二级甲等,-,-
衡水市景县人民医院,NA,河北·唐山市,公立医院,综合医院,二级甲等,-,-
衡水市路北医院,NA,河北·唐山市,公立医院,综合医院,二级甲等,-,-
衡水市桃城区妇幼保健院,NA,河北·唐山市,公立医院,综合医院,二级甲等,-,-
衡水心血管病医院,NA,河北·唐山市,公立医院,综合医院,二级甲等,-,-
华北煤炭医学院附属医院分院,NA,河北·唐山市,公立医院,综合医院,二级甲等,-,-
华北煤炭医学院附属医院路南分院,NA,河北·唐山市,公立医院,综合医院,二级甲等,-,-
华北石油第三综合服务处医院,NA,河北·唐山市,公立医院,综合医院,二级甲等,-,-
华北石油二部医院,NA,河北·唐山市,公立医院,综合医院,二级甲等,-,-
华北石油管理局井下作业公司医院,NA,河北·唐山市,公立医院,综合医院,二级甲等,-,-
华北石油廊坊矿区第一医院,NA,河北·唐山市,公立医院,综合医院,二级甲等,-,-
华北石油水电医院,NA,河北·唐山市,公立医院,综合医院,二级甲等,-,-
华北油田总医院霸州矿区医院,NA,河北·唐山市,公立医院,综合医院,二级甲等,-,-
华北制药厂职工医院,NA,河北·唐山市,公立医院,综合医院,二级甲等,-,-
怀来县人民医院,NA,河北·唐山市,公立医院,综合医院,二级甲等,-,-
怀来县中医院,NA,河北·唐山市,公立医院,综合医院,二级甲等,-,-
黄骅市人民医院,NA,河北·唐山市,公立医院,综合医院,二级甲等,-,-
