Hospital,Link,Location,Trade,Attribution,Grade,Scale,Establish
衡水同瑞眼科医院,NA,河北·衡水市,民营医院,专科医院,二级医院,-,2012 年
怀来同济医院,NA,河北·衡水市,民营医院,专科医院,二级医院,-,2012 年
怀来新同济妇产医院,NA,河北·衡水市,民营医院,专科医院,二级医院,-,2012 年
黄骅神农居医院,NA,河北·衡水市,民营医院,专科医院,二级医院,-,2012 年
黄骅视光眼科医院,NA,河北·衡水市,民营医院,专科医院,二级医院,-,2012 年
冀南长城医院,NA,河北·衡水市,民营医院,专科医院,二级医院,-,2012 年
晋州同济医院,NA,河北·衡水市,民营医院,专科医院,二级医院,-,2012 年
廊坊爱德堡医院,NA,河北·衡水市,民营医院,专科医院,二级医院,-,2012 年
廊坊长征医院,NA,河北·衡水市,民营医院,专科医院,二级医院,-,2012 年
廊坊城南骨科医院,NA,河北·衡水市,民营医院,专科医院,二级医院,-,2012 年
廊坊城南医院,NA,河北·衡水市,民营医院,专科医院,二级医院,-,2012 年
廊坊佳洁口腔医院,NA,河北·衡水市,民营医院,专科医院,二级医院,-,2012 年
廊坊经济技术开发区人民医院,NA,河北·衡水市,民营医院,专科医院,二级医院,-,2012 年
廊坊市安次区医院,NA,河北·衡水市,民营医院,专科医院,二级医院,-,2012 年
廊坊武平医院,NA,河北·衡水市,民营医院,专科医院,二级医院,-,2012 年
廊坊怡宁精神病医院,NA,河北·衡水市,民营医院,专科医院,二级医院,-,2012 年
乐亭同济医院,NA,河北·衡水市,民营医院,专科医院,二级医院,-,2012 年
临漳县妇幼保健院,NA,河北·衡水市,民营医院,专科医院,二级医院,-,2012 年
滦平县红十字会医院,NA,河北·衡水市,民营医院,专科医院,二级医院,-,2012 年
宁晋臣广医院,NA,河北·衡水市,民营医院,专科医院,二级医院,-,2012 年
