Hospital,Link,Location,Trade,Attribution,Grade,Scale,Establish
保定星保医院,NA,河北·保定市,民营医院,综合医院,二级医院,-,-
保定真爱妇产医院,NA,河北·保定市,民营医院,综合医院,二级医院,-,-
博野县人民医院,NA,河北·保定市,民营医院,综合医院,二级医院,-,-
沧州市渤海新区人民医院,NA,河北·保定市,民营医院,综合医院,二级医院,-,-
承德朝聚眼科医院,NA,河北·保定市,民营医院,综合医院,二级医院,-,-
承德国茳医院,NA,河北·保定市,民营医院,综合医院,二级医院,-,-
承德康源医院,NA,河北·保定市,民营医院,综合医院,二级医院,-,-
承德县银泰医院,NA,河北·保定市,民营医院,综合医院,二级医院,-,-
东光县医院,NA,河北·保定市,民营医院,综合医院,二级医院,-,-
高碑店儿童医院,NA,河北·保定市,民营医院,综合医院,二级医院,-,-
邯郸宝岛妇产医院,NA,河北·保定市,民营医院,综合医院,二级医院,-,-
邯郸明仁医院,NA,河北·保定市,民营医院,综合医院,二级医院,-,-
邯郸市机械业局职工医院,NA,河北·保定市,民营医院,综合医院,二级医院,-,-
邯郸市口腔医院,NA,河北·保定市,民营医院,综合医院,二级医院,-,-
河北广平县华夏医院,NA,河北·保定市,民营医院,综合医院,二级医院,-,-
河北惠群中医院,NA,河北·保定市,民营医院,综合医院,二级医院,-,-
河北瑞康医院,NA,河北·保定市,民营医院,综合医院,二级医院,-,-
河北省三河市燕郊二三医院,NA,河北·保定市,民营医院,综合医院,二级医院,-,-
河北蕴育中西医结合妇科医院,NA,河北·保定市,民营医院,综合医院,二级医院,-,-
衡水市第五人民医院,NA,河北·保定市,民营医院,综合医院,二级医院,-,-
