Hospital,Link,Location,Trade,Attribution,Grade,Scale,Establish
滦平县中医院,NA,河北·承德市,公立医院,专科医院,二级甲等,-,-
滦州市人民医院,NA,河北·承德市,公立医院,专科医院,二级甲等,-,-
滦州市中医医院,NA,河北·承德市,公立医院,专科医院,二级甲等,-,-
卢龙县医院,NA,河北·承德市,公立医院,专科医院,二级甲等,-,-
卢龙县中医院,NA,河北·承德市,公立医院,专科医院,二级甲等,-,-
鹿泉市第二医院,NA,河北·承德市,公立医院,专科医院,二级甲等,-,-
鹿泉市人民医院,NA,河北·承德市,公立医院,专科医院,二级甲等,-,-
满城区人民医院,NA,河北·承德市,公立医院,专科医院,二级甲等,-,-
孟村回族自治县医院,NA,河北·承德市,公立医院,专科医院,二级甲等,-,-
孟村回族自治县中医院,NA,河北·承德市,公立医院,专科医院,二级甲等,-,-
南宫市人民医院,NA,河北·承德市,公立医院,专科医院,二级甲等,-,-
南宫市肿瘤医院,NA,河北·承德市,公立医院,专科医院,二级甲等,-,-
南宫市中医院,NA,河北·承德市,公立医院,专科医院,二级甲等,-,-
南和县医院,NA,河北·承德市,公立医院,专科医院,二级甲等,-,-
南皮县人民医院,NA,河北·承德市,公立医院,专科医院,二级甲等,-,-
南皮县中医医院,NA,河北·承德市,公立医院,专科医院,二级甲等,-,-
内丘县人民医院,NA,河北·承德市,公立医院,专科医院,二级甲等,-,-
宁晋第二医院,NA,河北·承德市,公立医院,专科医院,二级甲等,-,-
宁晋县第五医院,NA,河北·承德市,公立医院,专科医院,二级甲等,-,-
宁晋县医院,NA,河北·承德市,公立医院,专科医院,二级甲等,-,-
