Hospital,Link,Location,Trade,Attribution,Grade,Scale,Establish
河北省优抚医院,NA,河北·石家庄市,公立医院,综合医院,二级乙等,-,-
华北石油管理局第三钻井工程公司医院,NA,河北·石家庄市,公立医院,综合医院,二级乙等,-,-
华北石油管理局第一机械厂医院,NA,河北·石家庄市,公立医院,综合医院,二级乙等,-,-
华北石油油建医院,NA,河北·石家庄市,公立医院,综合医院,二级乙等,-,-
滦南县京东医院,NA,河北·石家庄市,公立医院,综合医院,二级乙等,-,-
南大港农场医院,NA,河北·石家庄市,公立医院,综合医院,二级乙等,-,-
平山县人民医院,NA,河北·石家庄市,公立医院,综合医院,二级乙等,-,-
平乡县第二医院,NA,河北·石家庄市,公立医院,综合医院,二级乙等,-,-
秦皇岛柳江医院,NA,河北·石家庄市,公立医院,综合医院,二级乙等,-,-
曲阳县第二医院,NA,河北·石家庄市,公立医院,综合医院,二级乙等,-,-
三河东杉医院,NA,河北·石家庄市,公立医院,综合医院,二级乙等,-,-
三门峡武强中医院,NA,河北·石家庄市,公立医院,综合医院,二级乙等,-,-
沙河市第二医院,NA,河北·石家庄市,公立医院,综合医院,二级乙等,-,-
石家庄第一棉纺织厂职工医院,NA,河北·石家庄市,公立医院,综合医院,二级乙等,-,-
石家庄飞机场医院,NA,河北·石家庄市,公立医院,综合医院,二级乙等,-,-
石家庄市第一眼科医院,NA,河北·石家庄市,公立医院,综合医院,二级乙等,-,-
石家庄市桥东区医院,NA,河北·石家庄市,公立医院,综合医院,二级乙等,-,-
石家庄市新华区医院,NA,河北·石家庄市,公立医院,综合医院,二级乙等,-,-
石家庄市友谊烧伤医院,NA,河北·石家庄市,公立医院,综合医院,二级乙等,-,-
唐山市第五医院,NA,河北·石家庄市,公立医院,综合医院,二级乙等,-,-
