Hospital,Link,Location,Trade,Attribution,Grade,Scale,Establish
宽城满族自治县医院,NA,河北·承德市,公立医院,综合医院,二级甲等,-,-
宽城满族自治县中医院,NA,河北·承德市,公立医院,综合医院,二级甲等,-,-
涞水县医院,NA,河北·承德市,公立医院,综合医院,二级甲等,-,-
涞源县医院,NA,河北·承德市,公立医院,综合医院,二级甲等,-,-
廊坊市建安医院,NA,河北·承德市,公立医院,综合医院,二级甲等,-,-
廊坊武警学院医院,NA,河北·承德市,公立医院,综合医院,二级甲等,-,-
乐亭县医院,NA,河北·承德市,公立医院,综合医院,二级甲等,-,-
乐亭县中医医院,NA,河北·承德市,公立医院,综合医院,二级甲等,-,-
临城县人民医院,NA,河北·承德市,公立医院,综合医院,二级甲等,-,-
临城县中医院,NA,河北·承德市,公立医院,综合医院,二级甲等,-,-
灵寿县医院,NA,河北·承德市,公立医院,综合医院,二级甲等,-,-
灵寿县中西医结合医院,NA,河北·承德市,公立医院,综合医院,二级甲等,-,-
临西县人民医院,NA,河北·承德市,公立医院,综合医院,二级甲等,-,-
临漳县医院,NA,河北·承德市,公立医院,综合医院,二级甲等,-,-
隆化县医院,NA,河北·承德市,公立医院,综合医院,二级甲等,-,-
隆化县中医院,NA,河北·承德市,公立医院,综合医院,二级甲等,-,-
隆尧县医院,NA,河北·承德市,公立医院,综合医院,二级甲等,-,-
滦南县医院,NA,河北·承德市,公立医院,综合医院,二级甲等,-,-
滦南县中医院,NA,河北·承德市,公立医院,综合医院,二级甲等,-,-
滦平县医院,NA,河北·承德市,公立医院,综合医院,二级甲等,-,-
