Hospital,Link,Location,Trade,Attribution,Grade,Scale,Establish
黄骅市中西医结合医院,NA,河北·沧州市,民营医院,专科医院,二级甲等,-,-
黄骅市中医医院,NA,河北·沧州市,民营医院,专科医院,二级甲等,-,-
井陉县医院,NA,河北·沧州市,民营医院,专科医院,二级甲等,-,-
井陉县中医院,NA,河北·沧州市,民营医院,专科医院,二级甲等,-,-
晋州市人民医院,NA,河北·沧州市,民营医院,专科医院,二级甲等,-,-
晋州市中医院,NA,河北·沧州市,民营医院,专科医院,二级甲等,-,-
鸡泽县医院,NA,河北·沧州市,民营医院,专科医院,二级甲等,-,-
冀中能源井矿集团总医院,NA,河北·沧州市,民营医院,专科医院,二级甲等,-,-
冀州区中医院,NA,河北·沧州市,民营医院,专科医院,二级甲等,-,-
巨鹿县医院,NA,河北·沧州市,民营医院,专科医院,二级甲等,-,-
巨鹿县中医院,NA,河北·沧州市,民营医院,专科医院,二级甲等,-,-
开滦集团有限责任公司林西矿医院,NA,河北·沧州市,民营医院,专科医院,二级甲等,-,-
开滦集团有限责任公司吕家坨医院,NA,河北·沧州市,民营医院,专科医院,二级甲等,-,-
开滦集团有限责任公司马家沟矿职工医院,NA,河北·沧州市,民营医院,专科医院,二级甲等,-,-
开滦集团有限责任公司钱家营矿分公司医院,NA,河北·沧州市,民营医院,专科医院,二级甲等,-,-
开滦集团有限责任公司唐家庄矿医院,NA,河北·沧州市,民营医院,专科医院,二级甲等,-,-
开滦总医院范各庄医院,NA,河北·沧州市,民营医院,专科医院,二级甲等,-,-
开滦总医院唐家庄矿职工医院,NA,河北·沧州市,民营医院,专科医院,二级甲等,-,-
开滦总医院赵各庄医院,NA,河北·沧州市,民营医院,专科医院,二级甲等,-,-
康保县人民医院,NA,河北·沧州市,民营医院,专科医院,二级甲等,-,-
