Hospital,Link,Location,Trade,Attribution,Grade,Scale,Establish
唐山市中医医院,NA,河北·唐山市,公立医院,专科医院,三级甲等,-,1972 年
文安县妇幼保健院,NA,河北·唐山市,公立医院,专科医院,三级甲等,-,1972 年
武警河北总队医院,NA,河北·唐山市,公立医院,专科医院,三级甲等,-,1972 年
张家口市第一医院,NA,河北·唐山市,公立医院,专科医院,三级甲等,-,1972 年
中国人民解放军第二八五医院,NA,河北·唐山市,公立医院,专科医院,三级甲等,-,1972 年
中国人民解放军联勤保障部队第九八一医院,NA,河北·唐山市,公立医院,专科医院,三级甲等,-,1972 年
中国人民解放军联勤保障部队第九八〇医院,NA,河北·唐山市,公立医院,专科医院,三级甲等,-,1972 年
中国人民解放军陆军第81集团军医院,NA,河北·唐山市,公立医院,专科医院,三级甲等,-,1972 年
中国人民解放军陆军第82集团军医院,NA,河北·唐山市,公立医院,专科医院,三级甲等,-,1972 年
中国石油中心医院,NA,河北·唐山市,公立医院,专科医院,三级甲等,-,1972 年
涿州市结核病医院,NA,河北·唐山市,公立医院,专科医院,三级甲等,-,1972 年
涿州市医院,NA,河北·唐山市,公立医院,专科医院,三级甲等,-,1972 年
