Hospital,Link,Location,Trade,Attribution,Grade,Scale,Establish
河北省第七人民医院,NA,河北·保定市,公立医院,综合医院,三级医院,500-999 人,1965 年
河北生殖妇产医院,NA,河北·保定市,公立医院,综合医院,三级医院,500-999 人,1965 年
河北燕达陆道培医院,NA,河北·保定市,公立医院,综合医院,三级医院,500-999 人,1965 年
河北医科大学口腔医院,NA,河北·保定市,公立医院,综合医院,三级医院,500-999 人,1965 年
廊坊市第四人民医院,NA,河北·保定市,公立医院,综合医院,三级医院,500-999 人,1965 年
唐山中心医院,NA,河北·保定市,公立医院,综合医院,三级医院,500-999 人,1965 年
玉田县中医医院,NA,河北·保定市,公立医院,综合医院,三级医院,500-999 人,1965 年
保定爱新医院,NA,河北·保定市,公立医院,综合医院,三级医院,500-999 人,1965 年
保定市第一医院,NA,河北·保定市,公立医院,综合医院,三级医院,500-999 人,1965 年
北京大学第三医院北戴河医院,NA,河北·保定市,公立医院,综合医院,三级医院,500-999 人,1965 年
定州市人民医院,NA,河北·保定市,公立医院,综合医院,三级医院,500-999 人,1965 年
邯郸华大医院,NA,河北·保定市,公立医院,综合医院,三级医院,500-999 人,1965 年
邯郸市妇幼保健院,NA,河北·保定市,公立医院,综合医院,三级医院,500-999 人,1965 年
河北北方学院附属第二医院,NA,河北·保定市,公立医院,综合医院,三级医院,500-999 人,1965 年
河北省民政总医院,NA,河北·保定市,公立医院,综合医院,三级医院,500-999 人,1965 年
河北省胸科医院,NA,河北·保定市,公立医院,综合医院,三级医院,500-999 人,1965 年
河北一洲肿瘤医院,NA,河北·保定市,公立医院,综合医院,三级医院,500-999 人,1965 年
衡水市第二人民医院,NA,河北·保定市,公立医院,综合医院,三级医院,500-999 人,1965 年
华北医疗健康产业集团有限公司邢矿总医院,NA,河北·保定市,公立医院,综合医院,三级医院,500-999 人,1965 年
秦皇岛市第二医院,NA,河北·保定市,公立医院,综合医院,三级医院,500-999 人,1965 年
