Hospital,Link,Location,Trade,Attribution,Grade,Scale,Establish
衡水市第四人民医院,NA,河北·衡水市,公立医院,综合医院,三级乙等,-,-
陆军军医大学士官学校附属医院,NA,河北·衡水市,公立医院,综合医院,三级乙等,-,-
石家庄心脑血管病医院,NA,河北·衡水市,公立医院,综合医院,三级乙等,-,-
中国人民解放军第二五六医院,NA,河北·衡水市,公立医院,综合医院,三级乙等,-,-
中国人民解放军联勤保障部队第九八二医院,NA,河北·衡水市,公立医院,综合医院,三级乙等,-,-
中国人民解放军四七二医院,NA,河北·衡水市,公立医院,综合医院,三级乙等,-,-
