Hospital,Link,Location,Trade,Attribution,Grade,Scale,Establish
沧州市人民医院,NA,河北·沧州市,公立医院,综合医院,三级甲等,1000 人以上,1961 年
沧州市中心医院,NA,河北·沧州市,公立医院,综合医院,三级甲等,1000 人以上,1961 年
河北北方学院附属第一医院,NA,河北·沧州市,公立医院,综合医院,三级甲等,1000 人以上,1961 年
河北大学附属医院,NA,河北·沧州市,公立医院,综合医院,三级甲等,1000 人以上,1961 年
河北工程大学附属医院,NA,河北·沧州市,公立医院,综合医院,三级甲等,1000 人以上,1961 年
河北省儿童医院,NA,河北·沧州市,公立医院,综合医院,三级甲等,1000 人以上,1961 年
河北省精神卫生中心,NA,河北·沧州市,公立医院,综合医院,三级甲等,1000 人以上,1961 年
河北省中医院,NA,河北·沧州市,公立医院,综合医院,三级甲等,1000 人以上,1961 年
河北燕达医院,NA,河北·沧州市,公立医院,综合医院,三级甲等,1000 人以上,1961 年
河北医科大学第三医院,NA,河北·沧州市,公立医院,综合医院,三级甲等,1000 人以上,1961 年
河北医科大学第一医院,NA,河北·沧州市,公立医院,综合医院,三级甲等,1000 人以上,1961 年
河北医科大学以岭医院,NA,河北·沧州市,公立医院,综合医院,三级甲等,1000 人以上,1961 年
衡水市人民医院,NA,河北·沧州市,公立医院,综合医院,三级甲等,1000 人以上,1961 年
京东誉美中西医结合肾病医院,NA,河北·沧州市,公立医院,综合医院,三级甲等,1000 人以上,1961 年
开滦总医院,NA,河北·沧州市,公立医院,综合医院,三级甲等,1000 人以上,1961 年
唐山市工人医院,NA,河北·沧州市,公立医院,综合医院,三级甲等,1000 人以上,1961 年
华北石油管理局总医院,NA,河北·沧州市,公立医院,综合医院,三级甲等,1000 人以上,1961 年
保定市第二医院,NA,河北·沧州市,公立医院,综合医院,三级甲等,1000 人以上,1961 年
保定市第二中心医院,NA,河北·沧州市,公立医院,综合医院,三级甲等,1000 人以上,1961 年
保定市第一中心医院,NA,河北·沧州市,公立医院,综合医院,三级甲等,1000 人以上,1961 年
