Hospital,Link,Location,Trade,Attribution,Grade,Scale,Establish
肃宁县人民医院,NA,河北·沧州市,公立医院,综合医院,二级医院,-,1950 年
肃宁县人民医院分院,NA,河北·沧州市,公立医院,综合医院,二级医院,-,1950 年
泰福春中医医院,NA,河北·沧州市,公立医院,综合医院,二级医院,-,1950 年
唐山曹妃甸唐海中医医院,NA,河北·沧州市,公立医院,综合医院,二级医院,-,1950 年
唐山德华医院,NA,河北·沧州市,公立医院,综合医院,二级医院,-,1950 年
唐山丰润滨河医院,NA,河北·沧州市,公立医院,综合医院,二级医院,-,1950 年
唐山华佗医院,NA,河北·沧州市,公立医院,综合医院,二级医院,-,1950 年
唐山康诚医院,NA,河北·沧州市,公立医院,综合医院,二级医院,-,1950 年
唐山市第四医院,NA,河北·沧州市,公立医院,综合医院,二级医院,-,1950 年
围场县中医院,NA,河北·沧州市,公立医院,综合医院,二级医院,-,1950 年
魏县第二人民医院,NA,河北·沧州市,公立医院,综合医院,二级医院,-,1950 年
无极人和医院,NA,河北·沧州市,公立医院,综合医院,二级医院,-,1950 年
武邑县医院,NA,河北·沧州市,公立医院,综合医院,二级医院,-,1950 年
邢台市第七医院,NA,河北·沧州市,公立医院,综合医院,二级医院,-,1950 年
邢台市第五医院,NA,河北·沧州市,公立医院,综合医院,二级医院,-,1950 年
邢台县中医院,NA,河北·沧州市,公立医院,综合医院,二级医院,-,1950 年
新河县中医院,NA,河北·沧州市,公立医院,综合医院,二级医院,-,1950 年
雄县盛德医院,NA,河北·沧州市,公立医院,综合医院,二级医院,-,1950 年
阳原县人民医院,NA,河北·沧州市,公立医院,综合医院,二级医院,-,1950 年
盐山阜德医院,NA,河北·沧州市,公立医院,综合医院,二级医院,-,1950 年
