Hospital,Link,Location,Trade,Attribution,Grade,Scale,Establish
保定德润医院,NA,河北·保定市,民营医院,综合医院,二级医院,100-499 人,2003 年
保定泰和康复医院,NA,河北·保定市,民营医院,综合医院,二级医院,100-499 人,2003 年
保定裕东医院,NA,河北·保定市,民营医院,综合医院,二级医院,100-499 人,2003 年
沧州市妇幼保健院,NA,河北·保定市,民营医院,综合医院,二级医院,100-499 人,2003 年
黄骅开发区博爱医院,NA,河北·保定市,民营医院,综合医院,二级医院,100-499 人,2003 年
廊坊瑞和妇产医院,NA,河北·保定市,民营医院,综合医院,二级医院,100-499 人,2003 年
秦皇岛爱尔眼科医院,NA,河北·保定市,民营医院,综合医院,二级医院,100-499 人,2003 年
顺平兴和医院,NA,河北·保定市,民营医院,综合医院,二级医院,100-499 人,2003 年
无极血康中医医院,NA,河北·保定市,民营医院,综合医院,二级医院,100-499 人,2003 年
安平泰博儿童医院,NA,河北·保定市,民营医院,综合医院,二级医院,100-499 人,2003 年
安平县人民医院,NA,河北·保定市,民营医院,综合医院,二级医院,100-499 人,2003 年
柏乡县中心医院,NA,河北·保定市,民营医院,综合医院,二级医院,100-499 人,2003 年
保定白沟新城和平医院,NA,河北·保定市,民营医院,综合医院,二级医院,100-499 人,2003 年
保定京都皮肤病医院,NA,河北·保定市,民营医院,综合医院,二级医院,100-499 人,2003 年
保定京南医院,NA,河北·保定市,民营医院,综合医院,二级医院,100-499 人,2003 年
保定金秋老年公寓医院,NA,河北·保定市,民营医院,综合医院,二级医院,100-499 人,2003 年
保定脉管炎医院,NA,河北·保定市,民营医院,综合医院,二级医院,100-499 人,2003 年
保定市高科区医院,NA,河北·保定市,民营医院,综合医院,二级医院,100-499 人,2003 年
保定市清苑区人民医院,NA,河北·保定市,民营医院,综合医院,二级医院,100-499 人,2003 年
保定市清苑区中医医院,NA,河北·保定市,民营医院,综合医院,二级医院,100-499 人,2003 年
