Hospital,Link,Location,Trade,Attribution,Grade,Scale,Establish
邯郸市涉县中医院,NA,河北·邯郸市,公立医院,专科医院,二级甲等,-,-
邯郸市魏县中医院,NA,河北·邯郸市,公立医院,专科医院,二级甲等,-,-
邯郸市眼科医院,NA,河北·邯郸市,公立医院,专科医院,二级甲等,-,-
邯郸市永年区第一医院,NA,河北·邯郸市,公立医院,专科医院,二级甲等,-,-
邯郸市永年区中医院,NA,河北·邯郸市,公立医院,专科医院,二级甲等,-,-
邯郸县第二医院,NA,河北·邯郸市,公立医院,专科医院,二级甲等,-,-
邯钢烧伤治疗中心,NA,河北·邯郸市,公立医院,专科医院,二级甲等,-,-
邯矿集团总医院,NA,河北·邯郸市,公立医院,专科医院,二级甲等,-,-
河北北方学院附属第三医院,NA,河北·邯郸市,公立医院,专科医院,二级甲等,-,-
河北大学附属医院北院,NA,河北·邯郸市,公立医院,专科医院,二级甲等,-,-
河北东方中西医结合医院,NA,河北·邯郸市,公立医院,专科医院,二级甲等,-,-
河北钢铁集团邯钢职工医院,NA,河北·邯郸市,公立医院,专科医院,二级甲等,-,-
河北平泉市医院,NA,河北·邯郸市,公立医院,专科医院,二级甲等,-,-
河北省大厂县中医院,NA,河北·邯郸市,公立医院,专科医院,二级甲等,-,-
河北省大城县中心医院,NA,河北·邯郸市,公立医院,专科医院,二级甲等,-,-
河北省定州市第七人民医院,NA,河北·邯郸市,公立医院,专科医院,二级甲等,-,-
河北省故城县医院,NA,河北·邯郸市,公立医院,专科医院,二级甲等,-,-
河北省老年病医院,NA,河北·邯郸市,公立医院,专科医院,二级甲等,-,-
河北省秦皇岛市海港医院,NA,河北·邯郸市,公立医院,专科医院,二级甲等,-,-
河北省秦皇岛市解放军第408医院,NA,河北·邯郸市,公立医院,专科医院,二级甲等,-,-
