Hospital,Link,Location,Trade,Attribution,Grade,Scale,Establish
秦皇岛市第三医院,NA,河北·秦皇岛市,公立医院,综合医院,三级医院,-,-
石家庄市第三医院,NA,河北·秦皇岛市,公立医院,综合医院,三级医院,-,-
石家庄市第五医院,NA,河北·秦皇岛市,公立医院,综合医院,三级医院,-,-
石家庄市妇幼保健院,NA,河北·秦皇岛市,公立医院,综合医院,三级医院,-,-
石家庄医学高等专科学校附属医院,NA,河北·秦皇岛市,公立医院,综合医院,三级医院,-,-
唐山市第二医院,NA,河北·秦皇岛市,公立医院,综合医院,三级医院,-,-
唐山市协和医院,NA,河北·秦皇岛市,公立医院,综合医院,三级医院,-,-
邢台市第三医院,NA,河北·秦皇岛市,公立医院,综合医院,三级医院,-,-
邢台市中医院,NA,河北·秦皇岛市,公立医院,综合医院,三级医院,-,-
邢台医专第二附属医院,NA,河北·秦皇岛市,公立医院,综合医院,三级医院,-,-
