Hospital,Link,Location,Trade,Attribution,Grade,Scale,Establish
承德县医院,NA,河北·承德市,公立医院,综合医院,二级甲等,500-999 人,1949 年
河北友爱医院,NA,河北·承德市,公立医院,综合医院,二级甲等,500-999 人,1949 年
河北中医肝病医院,NA,河北·承德市,公立医院,综合医院,二级甲等,500-999 人,1949 年
京东中美医院,NA,河北·承德市,公立医院,综合医院,二级甲等,500-999 人,1949 年
清河县人民医院,NA,河北·承德市,公立医院,综合医院,二级甲等,500-999 人,1949 年
清河县中心医院,NA,河北·承德市,公立医院,综合医院,二级甲等,500-999 人,1949 年
石家庄爱尔眼科医院,NA,河北·承德市,公立医院,综合医院,二级甲等,500-999 人,1949 年
石家庄和协口腔医院,NA,河北·承德市,公立医院,综合医院,二级甲等,500-999 人,1949 年
石家庄平安医院,NA,河北·承德市,公立医院,综合医院,二级甲等,500-999 人,1949 年
唐山市古冶区中医医院,NA,河北·承德市,公立医院,综合医院,二级甲等,500-999 人,1949 年
遵化坤桐医院,NA,河北·承德市,公立医院,综合医院,二级甲等,500-999 人,1949 年
遵化市中医医院,NA,河北·承德市,公立医院,综合医院,二级甲等,500-999 人,1949 年
安国市医院,NA,河北·承德市,公立医院,综合医院,二级甲等,500-999 人,1949 年
安国市中医院,NA,河北·承德市,公立医院,综合医院,二级甲等,500-999 人,1949 年
安新县医院,NA,河北·承德市,公立医院,综合医院,二级甲等,500-999 人,1949 年
柏乡县人民医院,NA,河北·承德市,公立医院,综合医院,二级甲等,500-999 人,1949 年
保定高碑店医院,NA,河北·承德市,公立医院,综合医院,二级甲等,500-999 人,1949 年
保定恒兴中西医结合医院,NA,河北·承德市,公立医院,综合医院,二级甲等,500-999 人,1949 年
保定市第三中心医院,NA,河北·承德市,公立医院,综合医院,二级甲等,500-999 人,1949 年
保定市第五医院,NA,河北·承德市,公立医院,综合医院,二级甲等,500-999 人,1949 年
