Hospital,Link,Location,Trade,Attribution,Grade,Scale,Establish
河北医科大学第三医院友谊院区,NA,河北·石家庄市,公立医院,综合医院,三级甲等,-,-
河北医科大学第四医院,NA,河北·石家庄市,公立医院,综合医院,三级甲等,-,-
河北医科大学附属邢台市人民医院,NA,河北·石家庄市,公立医院,综合医院,三级甲等,-,-
衡水市中医医院,NA,河北·石家庄市,公立医院,综合医院,三级甲等,-,-
华北理工大学附属医院,NA,河北·石家庄市,公立医院,综合医院,三级甲等,-,-
冀中能源峰峰集团邯郸医院,NA,河北·石家庄市,公立医院,综合医院,三级甲等,-,-
冀中能源峰峰集团有限公司总医院,NA,河北·石家庄市,公立医院,综合医院,三级甲等,-,-
冀中能源峰峰集团有限公司总医院北院区,NA,河北·石家庄市,公立医院,综合医院,三级甲等,-,-
廊坊市人民医院,NA,河北·石家庄市,公立医院,综合医院,三级甲等,-,-
廊坊市中医院,NA,河北·石家庄市,公立医院,综合医院,三级甲等,-,-
迁安市中医院,NA,河北·石家庄市,公立医院,综合医院,三级甲等,-,-
秦皇岛市第一医院,NA,河北·石家庄市,公立医院,综合医院,三级甲等,-,-
秦皇岛市妇幼保健院,NA,河北·石家庄市,公立医院,综合医院,三级甲等,-,-
秦皇岛市中医院,NA,河北·石家庄市,公立医院,综合医院,三级甲等,-,-
石家庄市第一医院,NA,河北·石家庄市,公立医院,综合医院,三级甲等,-,-
石家庄市第一医院中心医院院区,NA,河北·石家庄市,公立医院,综合医院,三级甲等,-,-
石家庄市妇产医院,NA,河北·石家庄市,公立医院,综合医院,三级甲等,-,-
石家庄市中医院,NA,河北·石家庄市,公立医院,综合医院,三级甲等,-,-
唐山市妇幼保健院,NA,河北·石家庄市,公立医院,综合医院,三级甲等,-,-
唐山市人民医院,NA,河北·石家庄市,公立医院,综合医院,三级甲等,-,-
