Hospital,Link,Location,Trade,Attribution,Grade,Scale,Establish
保定市第一中医院,NA,河北·保定市,公立医院,专科医院,三级甲等,-,1949 年
保定市妇幼保健院,NA,河北·保定市,公立医院,专科医院,三级甲等,-,1949 年
沧州市人民医院医专肿瘤院区,NA,河北·保定市,公立医院,专科医院,三级甲等,-,1949 年
沧州市中心医院脑科医院,NA,河北·保定市,公立医院,专科医院,三级甲等,-,1949 年
沧州市中西医结合医院东院区,NA,河北·保定市,公立医院,专科医院,三级甲等,-,1949 年
沧州中西医结合医院,NA,河北·保定市,公立医院,专科医院,三级甲等,-,1949 年
承德市中心医院,NA,河北·保定市,公立医院,专科医院,三级甲等,-,1949 年
承德市中医院,NA,河北·保定市,公立医院,专科医院,三级甲等,-,1949 年
承德医学院附属医院,NA,河北·保定市,公立医院,专科医院,三级甲等,-,1949 年
高新区第一人民医院,NA,河北·保定市,公立医院,专科医院,三级甲等,-,1949 年
哈励逊国际和平医院,NA,河北·保定市,公立医院,专科医院,三级甲等,-,1949 年
邯郸市第一医院,NA,河北·保定市,公立医院,专科医院,三级甲等,-,1949 年
邯郸市中心医院东区,NA,河北·保定市,公立医院,专科医院,三级甲等,-,1949 年
邯郸市中心医院西区,NA,河北·保定市,公立医院,专科医院,三级甲等,-,1949 年
邯郸市中医院,NA,河北·保定市,公立医院,专科医院,三级甲等,-,1949 年
河北省第六人民医院,NA,河北·保定市,公立医院,专科医院,三级甲等,-,1949 年
河北省人民医院,NA,河北·保定市,公立医院,专科医院,三级甲等,-,1949 年
河北省眼科医院,NA,河北·保定市,公立医院,专科医院,三级甲等,-,1949 年
河北医科大学第二医院,NA,河北·保定市,公立医院,专科医院,三级甲等,-,1949 年
河北医科大学第三医院湘江院区,NA,河北·保定市,公立医院,专科医院,三级甲等,-,1949 年
