Hospital,Link,Location,Trade,Attribution,Grade,Scale,Establish
保定市儿童医院,NA,河北·保定市,公立医院,专科医院,二级甲等,-,-
保定市蠡县医院,NA,河北·保定市,公立医院,专科医院,二级甲等,-,-
保定市蠡县中医医院,NA,河北·保定市,公立医院,专科医院,二级甲等,-,-
保定市清苑区妇幼保健院,NA,河北·保定市,公立医院,专科医院,二级甲等,-,-
保定市唐县人民医院,NA,河北·保定市,公立医院,专科医院,二级甲等,-,-
保定市唐县中医院,NA,河北·保定市,公立医院,专科医院,二级甲等,-,-
保定市雄县医院,NA,河北·保定市,公立医院,专科医院,二级甲等,-,-
保定市徐水区妇幼保健院,NA,河北·保定市,公立医院,专科医院,二级甲等,-,-
保定市徐水区人民医院,NA,河北·保定市,公立医院,专科医院,二级甲等,-,-
保定市徐水区中医医院,NA,河北·保定市,公立医院,专科医院,二级甲等,-,-
保定市中医院,NA,河北·保定市,公立医院,专科医院,二级甲等,-,-
霸州市第二医院,NA,河北·保定市,公立医院,专科医院,二级甲等,-,-
霸州市中医院,NA,河北·保定市,公立医院,专科医院,二级甲等,-,-
北戴河医院,NA,河北·保定市,公立医院,专科医院,二级甲等,-,-
北京军区北戴河疗养院,NA,河北·保定市,公立医院,专科医院,二级甲等,-,-
泊头市医院,NA,河北·保定市,公立医院,专科医院,二级甲等,-,-
泊头市中医医院,NA,河北·保定市,公立医院,专科医院,二级甲等,-,-
沧州市沧县人民医院,NA,河北·保定市,公立医院,专科医院,二级甲等,-,-
沧州市传染病医院,NA,河北·保定市,公立医院,专科医院,二级甲等,-,-
沧州市第十三化建医院,NA,河北·保定市,公立医院,专科医院,二级甲等,-,-
