Hospital,Link,Location,Trade,Attribution,Grade,Scale,Establish
馆陶县人民医院,NA,河北·邯郸市,公立医院,综合医院,二级甲等,-,-
馆陶县中医院,NA,河北·邯郸市,公立医院,综合医院,二级甲等,-,-
固安县人民医院,NA,河北·邯郸市,公立医院,综合医院,二级甲等,-,-
邯郸电力医院,NA,河北·邯郸市,公立医院,综合医院,二级甲等,-,-
邯郸峰峰中心卫生院,NA,河北·邯郸市,公立医院,综合医院,二级甲等,-,-
邯郸钢铁集团有限责任公司职工医院,NA,河北·邯郸市,公立医院,综合医院,二级甲等,-,-
邯郸建工集团有限公司职工医院,NA,河北·邯郸市,公立医院,综合医院,二级甲等,-,-
邯郸矿业集团公司医院,NA,河北·邯郸市,公立医院,综合医院,二级甲等,-,-
邯郸市磁县妇幼保健院,NA,河北·邯郸市,公立医院,综合医院,二级甲等,-,-
邯郸市磁县中医院,NA,河北·邯郸市,公立医院,综合医院,二级甲等,-,-
邯郸市第六医院,NA,河北·邯郸市,公立医院,综合医院,二级甲等,-,-
邯郸市第七医院,NA,河北·邯郸市,公立医院,综合医院,二级甲等,-,-
邯郸市第四医院,NA,河北·邯郸市,公立医院,综合医院,二级甲等,-,-
邯郸市第五医院,NA,河北·邯郸市,公立医院,综合医院,二级甲等,-,-
邯郸市纺织职工总医院,NA,河北·邯郸市,公立医院,综合医院,二级甲等,-,-
邯郸市肥乡区中心医院,NA,河北·邯郸市,公立医院,综合医院,二级甲等,-,-
邯郸市邱县中心医院,NA,河北·邯郸市,公立医院,综合医院,二级甲等,-,-
邯郸市邱县中医院,NA,河北·邯郸市,公立医院,综合医院,二级甲等,-,-
邯郸市人民医院,NA,河北·邯郸市,公立医院,综合医院,二级甲等,-,-
邯郸市涉县医院,NA,河北·邯郸市,公立医院,综合医院,二级甲等,-,-
