Hospital,Link,Location,Trade,Attribution,Grade,Scale,Establish
沧州市和平医院,NA,河北·沧州市,民营医院,综合医院,二级甲等,-,-
沧州市青县第二人民医院,NA,河北·沧州市,民营医院,综合医院,二级甲等,-,-
沧州市青县人民医院,NA,河北·沧州市,民营医院,综合医院,二级甲等,-,-
沧州市献县人民医院,NA,河北·沧州市,民营医院,综合医院,二级甲等,-,-
沧州市献县中医院,NA,河北·沧州市,民营医院,综合医院,二级甲等,-,-
沧州眼科医院,NA,河北·沧州市,民营医院,综合医院,二级甲等,-,-
长城心脑血管病医院,NA,河北·沧州市,民营医院,综合医院,二级甲等,-,-
昌黎县人民医院,NA,河北·沧州市,民营医院,综合医院,二级甲等,-,-
昌黎县中医院,NA,河北·沧州市,民营医院,综合医院,二级甲等,-,-
成安县人民医院,NA,河北·沧州市,民营医院,综合医院,二级甲等,-,-
成安县中医院,NA,河北·沧州市,民营医院,综合医院,二级甲等,-,-
承德钢铁集团有限公司总医院,NA,河北·沧州市,民营医院,综合医院,二级甲等,-,-
承德市妇幼保健院,NA,河北·沧州市,民营医院,综合医院,二级甲等,-,-
承德市精神康复中心,NA,河北·沧州市,民营医院,综合医院,二级甲等,-,-
承德县中医院,NA,河北·沧州市,民营医院,综合医院,二级甲等,-,-
崇礼区人民医院,NA,河北·沧州市,民营医院,综合医院,二级甲等,-,-
磁县人民医院,NA,河北·沧州市,民营医院,综合医院,二级甲等,-,-
大厂回族自治县人民医院,NA,河北·沧州市,民营医院,综合医院,二级甲等,-,-
大城县医院,NA,河北·沧州市,民营医院,综合医院,二级甲等,-,-
大城县中医院,NA,河北·沧州市,民营医院,综合医院,二级甲等,-,-
