Hospital,Link,Location,Trade,Attribution,Grade,Scale,Establish
运城市盐湖区人民医院,NA,山西·运城市,公立医院,综合医院,二级甲等,-,-
榆社县人民医院,NA,山西·运城市,公立医院,综合医院,二级甲等,-,-
泽州县妇幼保健院,NA,山西·运城市,公立医院,综合医院,二级甲等,-,-
泽州县人民医院,NA,山西·运城市,公立医院,综合医院,二级甲等,-,-
中国辐射防护研究院附属医院,NA,山西·运城市,公立医院,综合医院,二级甲等,-,-
中国人民解放军第517医院,NA,山西·运城市,公立医院,综合医院,二级甲等,-,-
中国人民解放军第二八二医院,NA,山西·运城市,公立医院,综合医院,二级甲等,-,-
中国人民解放军二八九医院,NA,山西·运城市,公立医院,综合医院,二级甲等,-,-
中化二建集团医院,NA,山西·运城市,公立医院,综合医院,二级甲等,-,-
中铁三局集团中心医院,NA,山西·运城市,公立医院,综合医院,二级甲等,-,-
中铁十二局集团有限公司中心医院,NA,山西·运城市,公立医院,综合医院,二级甲等,-,-
中铁十七局集团中心医院,NA,山西·运城市,公立医院,综合医院,二级甲等,-,-
中阳县人民医院,NA,山西·运城市,公立医院,综合医院,二级甲等,-,-
左云县人民医院,NA,山西·运城市,公立医院,综合医院,二级甲等,-,-
