Hospital,Link,Location,Trade,Attribution,Grade,Scale,Establish
忻州云河医院,NA,山西·忻州市,公立医院,综合医院,二级乙等,-,1993 年
阳高县人民医院,NA,山西·忻州市,公立医院,综合医院,二级乙等,-,1993 年
阳高县中医院,NA,山西·忻州市,公立医院,综合医院,二级乙等,-,1993 年
阳煤集团二矿医院,NA,山西·忻州市,公立医院,综合医院,二级乙等,-,1993 年
阳泉固庄煤矿医院,NA,山西·忻州市,公立医院,综合医院,二级乙等,-,1993 年
阳泉煤业集团有限责任公司第三医院,NA,山西·忻州市,公立医院,综合医院,二级乙等,-,1993 年
阳泉市第四人民医院,NA,山西·忻州市,公立医院,综合医院,二级乙等,-,1993 年
阳泉协和医院,NA,山西·忻州市,公立医院,综合医院,二级乙等,-,1993 年
阳曲县人民医院,NA,山西·忻州市,公立医院,综合医院,二级乙等,-,1993 年
阳曲县中医院,NA,山西·忻州市,公立医院,综合医院,二级乙等,-,1993 年
永济关铝医院,NA,山西·忻州市,公立医院,综合医院,二级乙等,-,1993 年
郑州铁路分局长治北铁路医院,NA,山西·忻州市,公立医院,综合医院,二级乙等,-,1993 年
左权县人民医院,NA,山西·忻州市,公立医院,综合医院,二级乙等,-,1993 年
