Hospital,Link,Location,Trade,Attribution,Grade,Scale,Establish
临汾市蒲县人民医院,NA,山西·临汾市,公立医院,综合医院,二级甲等,-,1951 年
临汾市尧都区第一人民医院,NA,山西·临汾市,公立医院,综合医院,二级甲等,-,1951 年
临汾市尧都区中医骨伤科医院,NA,山西·临汾市,公立医院,综合医院,二级甲等,-,1951 年
临汾市肿瘤医院,NA,山西·临汾市,公立医院,综合医院,二级甲等,-,1951 年
灵丘县中医院,NA,山西·临汾市,公立医院,综合医院,二级甲等,-,1951 年
灵石县人民医院,NA,山西·临汾市,公立医院,综合医院,二级甲等,-,1951 年
临猗县第二人民医院,NA,山西·临汾市,公立医院,综合医院,二级甲等,-,1951 年
柳林县人民医院,NA,山西·临汾市,公立医院,综合医院,二级甲等,-,1951 年
潞城市人民医院,NA,山西·临汾市,公立医院,综合医院,二级甲等,-,1951 年
吕梁市临县人民医院,NA,山西·临汾市,公立医院,综合医院,二级甲等,-,1951 年
吕梁市兴县人民医院,NA,山西·临汾市,公立医院,综合医院,二级甲等,-,1951 年
宁武县人民医院,NA,山西·临汾市,公立医院,综合医院,二级甲等,-,1951 年
平定县人民医院,NA,山西·临汾市,公立医院,综合医院,二级甲等,-,1951 年
平定县中医医院,NA,山西·临汾市,公立医院,综合医院,二级甲等,-,1951 年
平陆县人民医院,NA,山西·临汾市,公立医院,综合医院,二级甲等,-,1951 年
平遥县人民医院,NA,山西·临汾市,公立医院,综合医院,二级甲等,-,1951 年
清徐县人民医院,NA,山西·临汾市,公立医院,综合医院,二级甲等,-,1951 年
沁水县人民医院,NA,山西·临汾市,公立医院,综合医院,二级甲等,-,1951 年
沁源县第二人民医院,NA,山西·临汾市,公立医院,综合医院,二级甲等,-,1951 年
沁源县人民医院,NA,山西·临汾市,公立医院,综合医院,二级甲等,-,1951 年
