Hospital,Link,Location,Trade,Attribution,Grade,Scale,Establish
晋城煤业集团古书院医院,NA,山西·晋城市,公立医院,综合医院,二级甲等,-,1973 年
晋城市城区中医院,NA,山西·晋城市,公立医院,综合医院,二级甲等,-,1973 年
晋城市第二人民医院,NA,山西·晋城市,公立医院,综合医院,二级甲等,-,1973 年
静乐县人民医院,NA,山西·晋城市,公立医院,综合医院,二级甲等,-,1973 年
晋煤集团古书院矿医院,NA,山西·晋城市,公立医院,综合医院,二级甲等,-,1973 年
晋中晋华医院,NA,山西·晋城市,公立医院,综合医院,二级甲等,-,1973 年
晋中市第三人民医院,NA,山西·晋城市,公立医院,综合医院,二级甲等,-,1973 年
晋中市祁县人民医院,NA,山西·晋城市,公立医院,综合医院,二级甲等,-,1973 年
晋中市榆次区人民医院,NA,山西·晋城市,公立医院,综合医院,二级甲等,-,1973 年
晋中市榆次区中医院,NA,山西·晋城市,公立医院,综合医院,二级甲等,-,1973 年
稷山县妇幼保健院,NA,山西·晋城市,公立医院,综合医院,二级甲等,-,1973 年
稷山县人民医院,NA,山西·晋城市,公立医院,综合医院,二级甲等,-,1973 年
稷山县中医院,NA,山西·晋城市,公立医院,综合医院,二级甲等,-,1973 年
岢岚县人民医院,NA,山西·晋城市,公立医院,综合医院,二级甲等,-,1973 年
黎城县人民医院,NA,山西·晋城市,公立医院,综合医院,二级甲等,-,1973 年
黎城县中医院,NA,山西·晋城市,公立医院,综合医院,二级甲等,-,1973 年
临汾明仁中西医结合眼科医院,NA,山西·晋城市,公立医院,综合医院,二级甲等,-,1973 年
临汾市第二人民医院,NA,山西·晋城市,公立医院,综合医院,二级甲等,-,1973 年
临汾市第三人民医院,NA,山西·晋城市,公立医院,综合医院,二级甲等,-,1973 年
临汾市古县人民医院,NA,山西·晋城市,公立医院,综合医院,二级甲等,-,1973 年
