Hospital,Link,Location,Trade,Attribution,Grade,Scale,Establish
大同新和医院,NA,山西·大同市,民营医院,综合医院,二级甲等,-,1993 年
定襄县人民医院,NA,山西·大同市,民营医院,综合医院,二级甲等,-,1993 年
汾西矿业集团总医院,NA,山西·大同市,民营医院,综合医院,二级甲等,-,1993 年
汾阳市中医院,NA,山西·大同市,民营医院,综合医院,二级甲等,-,1993 年
高平市人民医院,NA,山西·大同市,民营医院,综合医院,二级甲等,-,1993 年
高平市中医院,NA,山西·大同市,民营医院,综合医院,二级甲等,-,1993 年
广灵县人民医院,NA,山西·大同市,民营医院,综合医院,二级甲等,-,1993 年
古交矿区总医院,NA,山西·大同市,民营医院,综合医院,二级甲等,-,1993 年
古交市中心医院,NA,山西·大同市,民营医院,综合医院,二级甲等,-,1993 年
古交市中医院,NA,山西·大同市,民营医院,综合医院,二级甲等,-,1993 年
恒伦口腔,NA,山西·大同市,民营医院,综合医院,二级甲等,-,1993 年
河曲县人民医院,NA,山西·大同市,民营医院,综合医院,二级甲等,-,1993 年
和顺县人民医院,NA,山西·大同市,民营医院,综合医院,二级甲等,-,1993 年
洪洞县人民医院,NA,山西·大同市,民营医院,综合医院,二级甲等,-,1993 年
洪洞县中中医院,NA,山西·大同市,民营医院,综合医院,二级甲等,-,1993 年
壶关县人民医院,NA,山西·大同市,民营医院,综合医院,二级甲等,-,1993 年
霍州市人民医院,NA,山西·大同市,民营医院,综合医院,二级甲等,-,1993 年
交城县人民医院,NA,山西·大同市,民营医院,综合医院,二级甲等,-,1993 年
介休市人民医院,NA,山西·大同市,民营医院,综合医院,二级甲等,-,1993 年
介休市中医院,NA,山西·大同市,民营医院,综合医院,二级甲等,-,1993 年
