Hospital,Link,Location,Trade,Attribution,Grade,Scale,Establish
长治云峰医院,NA,山西·长治市,民营医院,专科医院,未定级,100-499 人,1998 年
怀仁诺贝尔医院,NA,山西·长治市,民营医院,专科医院,未定级,100-499 人,1998 年
晋中市传染病医院,NA,山西·长治市,民营医院,专科医院,未定级,100-499 人,1998 年
高平博爱医院,NA,山西·长治市,民营医院,专科医院,未定级,100-499 人,1998 年
保德德馨医院,NA,山西·长治市,民营医院,专科医院,未定级,100-499 人,1998 年
晋中市第四人民医院,NA,山西·长治市,民营医院,专科医院,未定级,100-499 人,1998 年
阳泉日潭医院,NA,山西·长治市,民营医院,专科医院,未定级,100-499 人,1998 年
静乐县红十字利民医院,NA,山西·长治市,民营医院,专科医院,未定级,100-499 人,1998 年
静乐县同济医院,NA,山西·长治市,民营医院,专科医院,未定级,100-499 人,1998 年
