Hospital,Link,Location,Trade,Attribution,Grade,Scale,Establish
大宁县医院,NA,山西·临汾市,公立医院,综合医院,二级医院,-,-
大同景慈医院,NA,山西·临汾市,公立医院,综合医院,二级医院,-,-
大同市中科肿瘤医院,NA,山西·临汾市,公立医院,综合医院,二级医院,-,-
大同顺泰医院,NA,山西·临汾市,公立医院,综合医院,二级医院,-,-
大同天才医院,NA,山西·临汾市,公立医院,综合医院,二级医院,-,-
大同魏都医院,NA,山西·临汾市,公立医院,综合医院,二级医院,-,-
大同欣泰中医院,NA,山西·临汾市,公立医院,综合医院,二级医院,-,-
繁峙县中医院,NA,山西·临汾市,公立医院,综合医院,二级医院,-,-
晋城国康肝胆胃病医院,NA,山西·临汾市,公立医院,综合医院,二级医院,-,-
晋城煤业集团王台矿医院,NA,山西·临汾市,公立医院,综合医院,二级医院,-,-
晋城市职业病医院,NA,山西·临汾市,公立医院,综合医院,二级医院,-,-
晋中开发区人民医院,NA,山西·临汾市,公立医院,综合医院,二级医院,-,-
吕梁安康医院,NA,山西·临汾市,公立医院,综合医院,二级医院,-,-
吕梁市儿童医院,NA,山西·临汾市,公立医院,综合医院,二级医院,-,-
吕梁泰化医院,NA,山西·临汾市,公立医院,综合医院,二级医院,-,-
吕梁怡华妇产医院,NA,山西·临汾市,公立医院,综合医院,二级医院,-,-
山西和济肾脏病医院,NA,山西·临汾市,公立医院,综合医院,二级医院,-,-
山西汇丰医院,NA,山西·临汾市,公立医院,综合医院,二级医院,-,-
山西焦煤集团公司第二职工医院,NA,山西·临汾市,公立医院,综合医院,二级医院,-,-
山西省戒毒康复医院,NA,山西·临汾市,公立医院,综合医院,二级医院,-,-
