Hospital,Link,Location,Trade,Attribution,Grade,Scale,Establish
霍州市中医院,NA,山西·临汾市,公立医院,专科医院,二级乙等,-,1986 年
经纬纺织机械厂职工医院,NA,山西·临汾市,公立医院,专科医院,二级乙等,-,1986 年
晋中市荣复军人精神病院,NA,山西·临汾市,公立医院,专科医院,二级乙等,-,1986 年
稷山正身医院,NA,山西·临汾市,公立医院,专科医院,二级乙等,-,1986 年
吉县中医医院,NA,山西·临汾市,公立医院,专科医院,二级乙等,-,1986 年
临汾临钢医院,NA,山西·临汾市,公立医院,专科医院,二级乙等,-,1986 年
临汾市吉县人民医院,NA,山西·临汾市,公立医院,专科医院,二级乙等,-,1986 年
临汾市蒲县中医院,NA,山西·临汾市,公立医院,专科医院,二级乙等,-,1986 年
临汾市荣军康复医院,NA,山西·临汾市,公立医院,专科医院,二级乙等,-,1986 年
临汾市隰县人民医院,NA,山西·临汾市,公立医院,专科医院,二级乙等,-,1986 年
陵川县人民医院,NA,山西·临汾市,公立医院,专科医院,二级乙等,-,1986 年
陵川县中医院,NA,山西·临汾市,公立医院,专科医院,二级乙等,-,1986 年
灵丘县人民医院,NA,山西·临汾市,公立医院,专科医院,二级乙等,-,1986 年
灵石县中医院,NA,山西·临汾市,公立医院,专科医院,二级乙等,-,1986 年
吕梁市离石区人民医院,NA,山西·临汾市,公立医院,专科医院,二级乙等,-,1986 年
偏关县人民医院,NA,山西·临汾市,公立医院,专科医院,二级乙等,-,1986 年
偏关县中医院,NA,山西·临汾市,公立医院,专科医院,二级乙等,-,1986 年
平顺县人民医院,NA,山西·临汾市,公立医院,专科医院,二级乙等,-,1986 年
普天通信电缆有限公司职工医院,NA,山西·临汾市,公立医院,专科医院,二级乙等,-,1986 年
山西晋柴机械制造有限公司职工医院,NA,山西·临汾市,公立医院,专科医院,二级乙等,-,1986 年
