Hospital,Link,Location,Trade,Attribution,Grade,Scale,Establish
朔州市人民医院,NA,山西·朔州市,公立医院,综合医院,二级甲等,-,1951 年
朔州市中医院,NA,山西·朔州市,公立医院,综合医院,二级甲等,-,1951 年
太谷县人民医院,NA,山西·朔州市,公立医院,综合医院,二级甲等,-,1951 年
太谷县中医院,NA,山西·朔州市,公立医院,综合医院,二级甲等,-,1951 年
太原长城骨伤手外科医院,NA,山西·朔州市,公立医院,综合医院,二级甲等,-,1951 年
太原长城外科医院,NA,山西·朔州市,公立医院,综合医院,二级甲等,-,1951 年
太原侯丽萍风湿骨病中医医院,NA,山西·朔州市,公立医院,综合医院,二级甲等,-,1951 年
太原华晋医院,NA,山西·朔州市,公立医院,综合医院,二级甲等,-,1951 年
太原化学工业集团有限公司职工医院,NA,山西·朔州市,公立医院,综合医院,二级甲等,-,1951 年
太原市第七人民医院,NA,山西·朔州市,公立医院,综合医院,二级甲等,-,1951 年
太原市和平医院,NA,山西·朔州市,公立医院,综合医院,二级甲等,-,1951 年
太原市尖草坪区中心医院,NA,山西·朔州市,公立医院,综合医院,二级甲等,-,1951 年
太原市人民医院,NA,山西·朔州市,公立医院,综合医院,二级甲等,-,1951 年
太原市商业职工医院,NA,山西·朔州市,公立医院,综合医院,二级甲等,-,1951 年
太原市太航医院,NA,山西·朔州市,公立医院,综合医院,二级甲等,-,1951 年
太原市杏花岭区中心医院,NA,山西·朔州市,公立医院,综合医院,二级甲等,-,1951 年
天脊医院,NA,山西·朔州市,公立医院,综合医院,二级甲等,-,1951 年
天镇县人民医院,NA,山西·朔州市,公立医院,综合医院,二级甲等,-,1951 年
铁道部永济电机厂职工医院,NA,山西·朔州市,公立医院,综合医院,二级甲等,-,1951 年
万荣县人民医院,NA,山西·朔州市,公立医院,综合医院,二级甲等,-,1951 年
