Hospital,Link,Location,Trade,Attribution,Grade,Scale,Establish
山西万峰医院,NA,山西·太原市,民营医院,综合医院,二级医院,-,-
朔州爱民眼科医院,NA,山西·太原市,民营医院,综合医院,二级医院,-,-
太原北方医院,NA,山西·太原市,民营医院,综合医院,二级医院,-,-
太原云水医院,NA,山西·太原市,民营医院,综合医院,二级医院,-,-
襄汾丁大糖尿病医院,NA,山西·太原市,民营医院,综合医院,二级医院,-,-
襄汾县第二人民医院,NA,山西·太原市,民营医院,综合医院,二级医院,-,-
忻州忻府区亿佳医院,NA,山西·太原市,民营医院,综合医院,二级医院,-,-
阳泉康贝齿科医院,NA,山西·太原市,民营医院,综合医院,二级医院,-,-
阳泉祥爱医院,NA,山西·太原市,民营医院,综合医院,二级医院,-,-
中国第十三冶金建设公司职工医院,NA,山西·太原市,民营医院,综合医院,二级医院,-,-
