Hospital,Link,Location,Trade,Attribution,Grade,Scale,Establish
山西医科大学第一医院,NA,山西·太原市,公立医院,综合医院,三级甲等,-,1957 年
山西中医学院第三中医院,NA,山西·太原市,公立医院,综合医院,三级甲等,-,1957 年
山西中医学院附属医院,NA,山西·太原市,公立医院,综合医院,三级甲等,-,1957 年
朔州市大医院,NA,山西·太原市,公立医院,综合医院,三级甲等,-,1957 年
太钢总医院,NA,山西·太原市,公立医院,综合医院,三级甲等,-,1957 年
太原市第三人民医院,NA,山西·太原市,公立医院,综合医院,三级甲等,-,1957 年
太原市第四人民医院,NA,山西·太原市,公立医院,综合医院,三级甲等,-,1957 年
太原市妇幼保健院,NA,山西·太原市,公立医院,综合医院,三级甲等,-,1957 年
忻州市人民医院,NA,山西·太原市,公立医院,综合医院,三级甲等,-,1957 年
忻州市中医医院,NA,山西·太原市,公立医院,综合医院,三级甲等,-,1957 年
阳泉市第一人民医院,NA,山西·太原市,公立医院,综合医院,三级甲等,-,1957 年
运城市妇幼保健医院,NA,山西·太原市,公立医院,综合医院,三级甲等,-,1957 年
中国人民解放军第三二二医院,NA,山西·太原市,公立医院,综合医院,三级甲等,-,1957 年
中国人民解放军联勤保障部队第九八五医院,NA,山西·太原市,公立医院,综合医院,三级甲等,-,1957 年
中国人民武装警察部队山西省总队医院,NA,山西·太原市,公立医院,综合医院,三级甲等,-,1957 年
山西白求恩医院,NA,山西·太原市,公立医院,综合医院,三级甲等,-,1957 年
