Hospital,Link,Location,Trade,Attribution,Grade,Scale,Establish
侯马市人民医院,NA,山西·临汾市,公立医院,综合医院,三级乙等,-,1958 年
晋中市第二人民医院,NA,山西·临汾市,公立医院,综合医院,三级乙等,-,1958 年
晋中市妇幼保健院,NA,山西·临汾市,公立医院,综合医院,三级乙等,-,1958 年
山西中医学院晋中中医院,NA,山西·临汾市,公立医院,综合医院,三级乙等,-,1958 年
太原市中医医院,NA,山西·临汾市,公立医院,综合医院,三级乙等,-,1958 年
五四一总医院,NA,山西·临汾市,公立医院,综合医院,三级乙等,-,1958 年
忻州市妇幼保健院,NA,山西·临汾市,公立医院,综合医院,三级乙等,-,1958 年
西山煤电集团公司职工总医院,NA,山西·临汾市,公立医院,综合医院,三级乙等,-,1958 年
阳泉市第三人民医院,NA,山西·临汾市,公立医院,综合医院,三级乙等,-,1958 年
运城市中医院,NA,山西·临汾市,公立医院,综合医院,三级乙等,-,1958 年
