Hospital,Link,Location,Trade,Attribution,Grade,Scale,Establish
山西省第一建筑工程公司职工医院,NA,山西·临汾市,公立医院,综合医院,二级乙等,-,1951 年
山西省运城市盐湖区中医院,NA,山西·临汾市,公立医院,综合医院,二级乙等,-,1951 年
神池县人民医院,NA,山西·临汾市,公立医院,综合医院,二级乙等,-,1951 年
朔州神头电建二公司医院,NA,山西·临汾市,公立医院,综合医院,二级乙等,-,1951 年
太原市北城区中心医院,NA,山西·临汾市,公立医院,综合医院,二级乙等,-,1951 年
太原市康复医院,NA,山西·临汾市,公立医院,综合医院,二级乙等,-,1951 年
太原市小店区人民医院,NA,山西·临汾市,公立医院,综合医院,二级乙等,-,1951 年
太原市小店区中医院,NA,山西·临汾市,公立医院,综合医院,二级乙等,-,1951 年
太原市杏花岭区中医院,NA,山西·临汾市,公立医院,综合医院,二级乙等,-,1951 年
太原市迎泽区中心医院,NA,山西·临汾市,公立医院,综合医院,二级乙等,-,1951 年
屯留县人民医院,NA,山西·临汾市,公立医院,综合医院,二级乙等,-,1951 年
王坪煤矿医院,NA,山西·临汾市,公立医院,综合医院,二级乙等,-,1951 年
武乡县人民医院,NA,山西·临汾市,公立医院,综合医院,二级乙等,-,1951 年
武乡县中医院,NA,山西·临汾市,公立医院,综合医院,二级乙等,-,1951 年
五寨县第一人民医院,NA,山西·临汾市,公立医院,综合医院,二级乙等,-,1951 年
乡宁县中医医院,NA,山西·临汾市,公立医院,综合医院,二级乙等,-,1951 年
襄垣县中医院,NA,山西·临汾市,公立医院,综合医院,二级乙等,-,1951 年
新绛县汾河骨科医院,NA,山西·临汾市,公立医院,综合医院,二级乙等,-,1951 年
新绛县人民医院,NA,山西·临汾市,公立医院,综合医院,二级乙等,-,1951 年
忻州市代县人民医院,NA,山西·临汾市,公立医院,综合医院,二级乙等,-,1951 年
