Hospital,Link,Location,Trade,Attribution,Grade,Scale,Establish
北大医疗潞安医院,NA,山西·长治市,民营医院,综合医院,三级甲等,1000 人以上,1959 年
长治市中医研究所附属医院,NA,山西·长治市,民营医院,综合医院,三级甲等,1000 人以上,1959 年
长治市中医医院,NA,山西·长治市,民营医院,综合医院,三级甲等,1000 人以上,1959 年
长治医学院附属和平医院,NA,山西·长治市,民营医院,综合医院,三级甲等,1000 人以上,1959 年
大同市第三人民医院,NA,山西·长治市,民营医院,综合医院,三级甲等,1000 人以上,1959 年
国药同煤总医院,NA,山西·长治市,民营医院,综合医院,三级甲等,1000 人以上,1959 年
晋城大医院,NA,山西·长治市,民营医院,综合医院,三级甲等,1000 人以上,1959 年
晋中市第一人民医院,NA,山西·长治市,民营医院,综合医院,三级甲等,1000 人以上,1959 年
吕梁市人民医院,NA,山西·长治市,民营医院,综合医院,三级甲等,1000 人以上,1959 年
山西省第二人民医院,NA,山西·长治市,民营医院,综合医院,三级甲等,1000 人以上,1959 年
山西省中医院,NA,山西·长治市,民营医院,综合医院,三级甲等,1000 人以上,1959 年
山西中医药大学附属医院,NA,山西·长治市,民营医院,综合医院,三级甲等,1000 人以上,1959 年
太原市中心医院,NA,山西·长治市,民营医院,综合医院,三级甲等,1000 人以上,1959 年
阳泉煤业（集团）有限责任公司总医院,NA,山西·长治市,民营医院,综合医院,三级甲等,1000 人以上,1959 年
运城市第一医院,NA,山西·长治市,民营医院,综合医院,三级甲等,1000 人以上,1959 年
运城市中心医院,NA,山西·长治市,民营医院,综合医院,三级甲等,1000 人以上,1959 年
长治市第二人民医院,NA,山西·长治市,民营医院,综合医院,三级甲等,1000 人以上,1959 年
长治市妇幼保健院,NA,山西·长治市,民营医院,综合医院,三级甲等,1000 人以上,1959 年
长治市人民医院,NA,山西·长治市,民营医院,综合医院,三级甲等,1000 人以上,1959 年
长治医学院附属和济医院,NA,山西·长治市,民营医院,综合医院,三级甲等,1000 人以上,1959 年
