Hospital,Link,Location,Trade,Attribution,Grade,Scale,Establish
文水县人民医院,NA,山西·吕梁市,公立医院,综合医院,二级甲等,-,-
闻喜县人民医院,NA,山西·吕梁市,公立医院,综合医院,二级甲等,-,-
武警8650部队医院,NA,山西·吕梁市,公立医院,综合医院,二级甲等,-,-
五台县第一人民医院,NA,山西·吕梁市,公立医院,综合医院,二级甲等,-,-
襄汾县人民医院,NA,山西·吕梁市,公立医院,综合医院,二级甲等,-,-
襄汾县中医医院,NA,山西·吕梁市,公立医院,综合医院,二级甲等,-,-
乡宁县人民医院,NA,山西·吕梁市,公立医院,综合医院,二级甲等,-,-
襄垣县人民医院,NA,山西·吕梁市,公立医院,综合医院,二级甲等,-,-
孝义市人民医院,NA,山西·吕梁市,公立医院,综合医院,二级甲等,-,-
孝义市中医院,NA,山西·吕梁市,公立医院,综合医院,二级甲等,-,-
新绛县中医院,NA,山西·吕梁市,公立医院,综合医院,二级甲等,-,-
忻州市第二人民医院,NA,山西·吕梁市,公立医院,综合医院,二级甲等,-,-
忻州市中心医院,NA,山西·吕梁市,公立医院,综合医院,二级甲等,-,-
西山煤电古交矿区总医院,NA,山西·吕梁市,公立医院,综合医院,二级甲等,-,-
西山煤电集团有限责任公司古交矿区总医院东曲分院,NA,山西·吕梁市,公立医院,综合医院,二级甲等,-,-
昔阳县人民医院,NA,山西·吕梁市,公立医院,综合医院,二级甲等,-,-
昔阳县中医院,NA,山西·吕梁市,公立医院,综合医院,二级甲等,-,-
阳城县妇幼保健院,NA,山西·吕梁市,公立医院,综合医院,二级甲等,-,-
阳城县人民医院,NA,山西·吕梁市,公立医院,综合医院,二级甲等,-,-
阳城县肿瘤医院,NA,山西·吕梁市,公立医院,综合医院,二级甲等,-,-
