Hospital,Link,Location,Trade,Attribution,Grade,Scale,Establish
保德县人民医院,NA,山西·忻州市,公立医院,综合医院,二级乙等,-,1952 年
保德新康医院,NA,山西·忻州市,公立医院,综合医院,二级乙等,-,1952 年
长治市沁县人民医院,NA,山西·忻州市,公立医院,综合医院,二级乙等,-,1952 年
大同朝聚安康眼科医院,NA,山西·忻州市,公立医院,综合医院,二级乙等,-,1952 年
大同康洁眼科医院,NA,山西·忻州市,公立医院,综合医院,二级乙等,-,1952 年
大同市城区人民医院,NA,山西·忻州市,公立医院,综合医院,二级乙等,-,1952 年
大同市第六人民医院,NA,山西·忻州市,公立医院,综合医院,二级乙等,-,1952 年
大同市南郊区人民医院,NA,山西·忻州市,公立医院,综合医院,二级乙等,-,1952 年
大同市商业职工医院,NA,山西·忻州市,公立医院,综合医院,二级乙等,-,1952 年
大同市社会精神病医院,NA,山西·忻州市,公立医院,综合医院,二级乙等,-,1952 年
繁峙县第二人民医院,NA,山西·忻州市,公立医院,综合医院,二级乙等,-,1952 年
繁峙县第一人民医院,NA,山西·忻州市,公立医院,综合医院,二级乙等,-,1952 年
汾西县人民医院,NA,山西·忻州市,公立医院,综合医院,二级乙等,-,1952 年
浮山县人民医院,NA,山西·忻州市,公立医院,综合医院,二级乙等,-,1952 年
国营山西柴油机厂职工医院,NA,山西·忻州市,公立医院,综合医院,二级乙等,-,1952 年
河津市骨科医院创伤急救中心,NA,山西·忻州市,公立医院,综合医院,二级乙等,-,1952 年
侯马市神经精神病医院,NA,山西·忻州市,公立医院,综合医院,二级乙等,-,1952 年
怀仁市医疗集团人民医院,NA,山西·忻州市,公立医院,综合医院,二级乙等,-,1952 年
浑源县人民医院,NA,山西·忻州市,公立医院,综合医院,二级乙等,-,1952 年
霍州市矿务局中心医院,NA,山西·忻州市,公立医院,综合医院,二级乙等,-,1952 年
