Hospital,Link,Location,Trade,Attribution,Grade,Scale,Establish
曲沃县人民医院,NA,山西·临汾市,公立医院,综合医院,二级甲等,-,1949 年
芮城县人民医院,NA,山西·临汾市,公立医院,综合医院,二级甲等,-,1949 年
山西长平煤业有限责任公司王台矿医院,NA,山西·临汾市,公立医院,综合医院,二级甲等,-,1949 年
山西大同大学附属医院,NA,山西·临汾市,公立医院,综合医院,二级甲等,-,1949 年
山西汾西矿业有限责任公司职工总医院,NA,山西·临汾市,公立医院,综合医院,二级甲等,-,1949 年
山西铝厂职工医院,NA,山西·临汾市,公立医院,综合医院,二级甲等,-,1949 年
山西省肛肠医院,NA,山西·临汾市,公立医院,综合医院,二级甲等,-,1949 年
山西省荣军医院,NA,山西·临汾市,公立医院,综合医院,二级甲等,-,1949 年
山西省一Ｏ九医院,NA,山西·临汾市,公立医院,综合医院,二级甲等,-,1949 年
山西省运城市第二医院,NA,山西·临汾市,公立医院,综合医院,二级甲等,-,1949 年
山西省运城同德医院,NA,山西·临汾市,公立医院,综合医院,二级甲等,-,1949 年
山西省中国人民解放军总后第五职工医院,NA,山西·临汾市,公立医院,综合医院,二级甲等,-,1949 年
山西省中西医结合妇科医院,NA,山西·临汾市,公立医院,综合医院,二级甲等,-,1949 年
山西医科大学第三医院,NA,山西·临汾市,公立医院,综合医院,二级甲等,-,1949 年
山西中条山集团总医院,NA,山西·临汾市,公立医院,综合医院,二级甲等,-,1949 年
山阴县人民医院,NA,山西·临汾市,公立医院,综合医院,二级甲等,-,1949 年
石楼县人民医院,NA,山西·临汾市,公立医院,综合医院,二级甲等,-,1949 年
寿阳县人民医院,NA,山西·临汾市,公立医院,综合医院,二级甲等,-,1949 年
寿阳县中医院,NA,山西·临汾市,公立医院,综合医院,二级甲等,-,1949 年
朔州市第一人民医院,NA,山西·临汾市,公立医院,综合医院,二级甲等,-,1949 年
