Hospital,Link,Location,Trade,Attribution,Grade,Scale,Establish
大同煤矿集团公司总医院,NA,山西·大同市,公立医院,综合医院,三级甲等,-,-
大同市第五人民医院,NA,山西·大同市,公立医院,综合医院,三级甲等,-,-
大同市第一人民医院,NA,山西·大同市,公立医院,综合医院,三级甲等,-,-
晋城市人民医院,NA,山西·大同市,公立医院,综合医院,三级甲等,-,-
临汾市第四人民医院,NA,山西·大同市,公立医院,综合医院,三级甲等,-,-
临汾市妇幼保健院,NA,山西·大同市,公立医院,综合医院,三级甲等,-,-
临汾市人民医院,NA,山西·大同市,公立医院,综合医院,三级甲等,-,-
潞安集团总医院,NA,山西·大同市,公立医院,综合医院,三级甲等,-,-
山西晋城煤业集团总医院,NA,山西·大同市,公立医院,综合医院,三级甲等,-,-
山西煤炭中心医院,NA,山西·大同市,公立医院,综合医院,三级甲等,-,-
山西省儿童医院,NA,山西·大同市,公立医院,综合医院,三级甲等,-,-
山西省汾阳医院,NA,山西·大同市,公立医院,综合医院,三级甲等,-,-
山西省精神卫生中心,NA,山西·大同市,公立医院,综合医院,三级甲等,-,-
山西省人民医院,NA,山西·大同市,公立医院,综合医院,三级甲等,-,-
山西省荣军精神康宁医院,NA,山西·大同市,公立医院,综合医院,三级甲等,-,-
山西省心血管疾病医院,NA,山西·大同市,公立医院,综合医院,三级甲等,-,-
山西省眼科医院,NA,山西·大同市,公立医院,综合医院,三级甲等,-,-
山西省肿瘤医院,NA,山西·大同市,公立医院,综合医院,三级甲等,-,-
山西省中西医结合医院,NA,山西·大同市,公立医院,综合医院,三级甲等,-,-
山西医科大学第二医院,NA,山西·大同市,公立医院,综合医院,三级甲等,-,-
