Hospital,Link,Location,Trade,Attribution,Grade,Scale,Establish
阳城县中医院,NA,山西·晋城市,公立医院,专科医院,二级甲等,-,1984 年
阳泉市第二人民医院,NA,山西·晋城市,公立医院,专科医院,二级甲等,-,1984 年
阳泉市妇幼保健医院,NA,山西·晋城市,公立医院,专科医院,二级甲等,-,1984 年
阳泉市口腔医院,NA,山西·晋城市,公立医院,专科医院,二级甲等,-,1984 年
阳泉市盂县人民医院,NA,山西·晋城市,公立医院,专科医院,二级甲等,-,1984 年
阳泉市盂县中医医院,NA,山西·晋城市,公立医院,专科医院,二级甲等,-,1984 年
阳泉市中医医院,NA,山西·晋城市,公立医院,专科医院,二级甲等,-,1984 年
翼城县人民医院,NA,山西·晋城市,公立医院,专科医院,二级甲等,-,1984 年
永济市人民医院,NA,山西·晋城市,公立医院,专科医院,二级甲等,-,1984 年
右玉县人民医院,NA,山西·晋城市,公立医院,专科医院,二级甲等,-,1984 年
原平市第一人民医院,NA,山西·晋城市,公立医院,专科医院,二级甲等,-,1984 年
原平市轩岗矿务局医院,NA,山西·晋城市,公立医院,专科医院,二级甲等,-,1984 年
原平县轩岗煤矿职工医院,NA,山西·晋城市,公立医院,专科医院,二级甲等,-,1984 年
垣曲县妇幼保健计划生育服务中心,NA,山西·晋城市,公立医院,专科医院,二级甲等,-,1984 年
垣曲县人民医院,NA,山西·晋城市,公立医院,专科医院,二级甲等,-,1984 年
运城护理职业学院附属医院,NA,山西·晋城市,公立医院,专科医院,二级甲等,-,1984 年
运城市第三医院,NA,山西·晋城市,公立医院,专科医院,二级甲等,-,1984 年
运城市绛县人民医院,NA,山西·晋城市,公立医院,专科医院,二级甲等,-,1984 年
运城市临猗县人民医院,NA,山西·晋城市,公立医院,专科医院,二级甲等,-,1984 年
运城市夏县人民医院,NA,山西·晋城市,公立医院,专科医院,二级甲等,-,1984 年
