Hospital,Link,Location,Trade,Attribution,Grade,Scale,Establish
长治市第三人民医院,NA,山西·长治市,公立医院,综合医院,二级甲等,100-499 人,1956 年
大同爱尔眼科医院,NA,山西·长治市,公立医院,综合医院,二级甲等,100-499 人,1956 年
临汾今正元医院,NA,山西·长治市,公立医院,综合医院,二级甲等,100-499 人,1956 年
平遥县中医院,NA,山西·长治市,公立医院,综合医院,二级甲等,100-499 人,1956 年
太原市第二人民医院,NA,山西·长治市,公立医院,综合医院,二级甲等,100-499 人,1956 年
山西益康脉管炎医院,NA,山西·长治市,公立医院,综合医院,二级甲等,100-499 人,1956 年
安泽县人民医院,NA,山西·长治市,公立医院,综合医院,二级甲等,100-499 人,1956 年
长治钢铁公司总医院,NA,山西·长治市,公立医院,综合医院,二级甲等,100-499 人,1956 年
长治惠丰医院,NA,山西·长治市,公立医院,综合医院,二级甲等,100-499 人,1956 年
长治市长治县人民医院,NA,山西·长治市,公立医院,综合医院,二级甲等,100-499 人,1956 年
长子县人民医院,NA,山西·长治市,公立医院,综合医院,二级甲等,100-499 人,1956 年
大同煤矿集团公司二医院,NA,山西·长治市,公立医院,综合医院,二级甲等,100-499 人,1956 年
大同煤矿集团公司三医院,NA,山西·长治市,公立医院,综合医院,二级甲等,100-499 人,1956 年
大同煤矿集团轩岗煤电有限责任公司医院,NA,山西·长治市,公立医院,综合医院,二级甲等,100-499 人,1956 年
大同煤矿集团有限责任公司白洞医院,NA,山西·长治市,公立医院,综合医院,二级甲等,100-499 人,1956 年
大同市第二轻工业局职工医院,NA,山西·长治市,公立医院,综合医院,二级甲等,100-499 人,1956 年
大同市第二人民医院,NA,山西·长治市,公立医院,综合医院,二级甲等,100-499 人,1956 年
大同市第四人民医院,NA,山西·长治市,公立医院,综合医院,二级甲等,100-499 人,1956 年
大同市交通医院,NA,山西·长治市,公立医院,综合医院,二级甲等,100-499 人,1956 年
大同市中医院,NA,山西·长治市,公立医院,综合医院,二级甲等,100-499 人,1956 年
