Hospital,Link,Location,Trade,Attribution,Grade,Scale,Establish
包头医学院第二附属医院,NA,内蒙古·包头市,公立医院,综合医院,三级乙等,1000 人以上,1951 年
赤峰市宁城县中心医院,NA,内蒙古·包头市,公立医院,综合医院,三级乙等,1000 人以上,1951 年
锡林郭勒盟中心医院,NA,内蒙古·包头市,公立医院,综合医院,三级乙等,1000 人以上,1951 年
阿鲁科尔沁旗中医医院,NA,内蒙古·包头市,公立医院,综合医院,三级乙等,1000 人以上,1951 年
巴林左旗蒙医中医医院,NA,内蒙古·包头市,公立医院,综合医院,三级乙等,1000 人以上,1951 年
赤峰市第二医院,NA,内蒙古·包头市,公立医院,综合医院,三级乙等,1000 人以上,1951 年
呼和浩特市第一医院,NA,内蒙古·包头市,公立医院,综合医院,三级乙等,1000 人以上,1951 年
呼和浩特市中蒙医院,NA,内蒙古·包头市,公立医院,综合医院,三级乙等,1000 人以上,1951 年
呼伦贝尔市中蒙医院,NA,内蒙古·包头市,公立医院,综合医院,三级乙等,1000 人以上,1951 年
四子王旗中西医结合医院,NA,内蒙古·包头市,公立医院,综合医院,三级乙等,1000 人以上,1951 年
乌海市蒙中医院,NA,内蒙古·包头市,公立医院,综合医院,三级乙等,1000 人以上,1951 年
锡林郭勒盟医院,NA,内蒙古·包头市,公立医院,综合医院,三级乙等,1000 人以上,1951 年
兴安盟人民医院,NA,内蒙古·包头市,公立医院,综合医院,三级乙等,1000 人以上,1951 年
扎兰屯市中蒙医院,NA,内蒙古·包头市,公立医院,综合医院,三级乙等,1000 人以上,1951 年
准格尔旗中蒙医院,NA,内蒙古·包头市,公立医院,综合医院,三级乙等,1000 人以上,1951 年
