Hospital,Link,Location,Trade,Attribution,Grade,Scale,Establish
乌拉特前旗人民医院,NA,内蒙古·巴彦淖尔市,公立医院,综合医院,二级甲等,-,1958 年
五原县中蒙医院,NA,内蒙古·巴彦淖尔市,公立医院,综合医院,二级甲等,-,1958 年
新巴尔虎左旗人民医院,NA,内蒙古·巴彦淖尔市,公立医院,综合医院,二级甲等,-,1958 年
牙克石市人民医院,NA,内蒙古·巴彦淖尔市,公立医院,综合医院,二级甲等,-,1958 年
牙克石市中蒙医院,NA,内蒙古·巴彦淖尔市,公立医院,综合医院,二级甲等,-,1958 年
扎鲁特旗人民医院,NA,内蒙古·巴彦淖尔市,公立医院,综合医院,二级甲等,-,1958 年
扎赉诺尔矿务局西山矿职工医院,NA,内蒙古·巴彦淖尔市,公立医院,综合医院,二级甲等,-,1958 年
扎赉特旗蒙医院,NA,内蒙古·巴彦淖尔市,公立医院,综合医院,二级甲等,-,1958 年
扎赉特旗人民医院,NA,内蒙古·巴彦淖尔市,公立医院,综合医院,二级甲等,-,1958 年
扎兰屯市医院,NA,内蒙古·巴彦淖尔市,公立医院,综合医院,二级甲等,-,1958 年
扎煤公司总医院,NA,内蒙古·巴彦淖尔市,公立医院,综合医院,二级甲等,-,1958 年
正蓝旗蒙医医院,NA,内蒙古·巴彦淖尔市,公立医院,综合医院,二级甲等,-,1958 年
中国人民解放军第二九一医院,NA,内蒙古·巴彦淖尔市,公立医院,综合医院,二级甲等,-,1958 年
准格尔旗人民医院,NA,内蒙古·巴彦淖尔市,公立医院,综合医院,二级甲等,-,1958 年
准格尔旗中心医院,NA,内蒙古·巴彦淖尔市,公立医院,综合医院,二级甲等,-,1958 年
