Hospital,Link,Location,Trade,Attribution,Grade,Scale,Establish
鄂尔多斯市中医医院,NA,内蒙古·鄂尔多斯市,公立医院,综合医院,三级甲等,500-999 人,1983 年
内蒙古自治区中医医院,NA,内蒙古·鄂尔多斯市,公立医院,综合医院,三级甲等,500-999 人,1983 年
阿拉善盟蒙医医院,NA,内蒙古·鄂尔多斯市,公立医院,综合医院,三级甲等,500-999 人,1983 年
包钢集团第三职工医院,NA,内蒙古·鄂尔多斯市,公立医院,综合医院,三级甲等,500-999 人,1983 年
包头市第七医院,NA,内蒙古·鄂尔多斯市,公立医院,综合医院,三级甲等,500-999 人,1983 年
包头市蒙医中医院,NA,内蒙古·鄂尔多斯市,公立医院,综合医院,三级甲等,500-999 人,1983 年
包头市中心医院,NA,内蒙古·鄂尔多斯市,公立医院,综合医院,三级甲等,500-999 人,1983 年
巴彦淖尔市医院,NA,内蒙古·鄂尔多斯市,公立医院,综合医院,三级甲等,500-999 人,1983 年
巴彦淖尔市中医院,NA,内蒙古·鄂尔多斯市,公立医院,综合医院,三级甲等,500-999 人,1983 年
赤峰市医院,NA,内蒙古·鄂尔多斯市,公立医院,综合医院,三级甲等,500-999 人,1983 年
赤峰学院附属医院,NA,内蒙古·鄂尔多斯市,公立医院,综合医院,三级甲等,500-999 人,1983 年
鄂尔多斯市中心医院,NA,内蒙古·鄂尔多斯市,公立医院,综合医院,三级甲等,500-999 人,1983 年
呼和浩特市第二医院,NA,内蒙古·鄂尔多斯市,公立医院,综合医院,三级甲等,500-999 人,1983 年
呼伦贝尔市第二人民医院,NA,内蒙古·鄂尔多斯市,公立医院,综合医院,三级甲等,500-999 人,1983 年
呼伦贝尔市人民医院,NA,内蒙古·鄂尔多斯市,公立医院,综合医院,三级甲等,500-999 人,1983 年
内蒙古包钢医院,NA,内蒙古·鄂尔多斯市,公立医院,综合医院,三级甲等,500-999 人,1983 年
内蒙古北方医院,NA,内蒙古·鄂尔多斯市,公立医院,综合医院,三级甲等,500-999 人,1983 年
内蒙古第四医院,NA,内蒙古·鄂尔多斯市,公立医院,综合医院,三级甲等,500-999 人,1983 年
内蒙古妇幼保健院,NA,内蒙古·鄂尔多斯市,公立医院,综合医院,三级甲等,500-999 人,1983 年
内蒙古科技大学第一附属医院,NA,内蒙古·鄂尔多斯市,公立医院,综合医院,三级甲等,500-999 人,1983 年
