Hospital,Link,Location,Trade,Attribution,Grade,Scale,Establish
青海省藏医院鄂尔多斯蒙藏医院,NA,内蒙古·鄂尔多斯市,公立医院,专科医院,二级医院,-,1983 年
塔尔气中心卫生院,NA,内蒙古·鄂尔多斯市,公立医院,专科医院,二级医院,-,1983 年
通辽市科尔沁区第四人民医院,NA,内蒙古·鄂尔多斯市,公立医院,专科医院,二级医院,-,1983 年
通辽职业学院附属口腔医院,NA,内蒙古·鄂尔多斯市,公立医院,专科医院,二级医院,-,1983 年
武川县中医院,NA,内蒙古·鄂尔多斯市,公立医院,专科医院,二级医院,-,1983 年
乌海市精神卫生中心,NA,内蒙古·鄂尔多斯市,公立医院,专科医院,二级医院,-,1983 年
五原县人民医院,NA,内蒙古·鄂尔多斯市,公立医院,专科医院,二级医院,-,1983 年
锡林郭勒盟精神病院,NA,内蒙古·鄂尔多斯市,公立医院,专科医院,二级医院,-,1983 年
锡林郭勒现代妇产医院,NA,内蒙古·鄂尔多斯市,公立医院,专科医院,二级医院,-,1983 年
牙克石市图里河林业医院,NA,内蒙古·鄂尔多斯市,公立医院,专科医院,二级医院,-,1983 年
牙克石市乌尔旗汉医院,NA,内蒙古·鄂尔多斯市,公立医院,专科医院,二级医院,-,1983 年
伊金霍洛人民医院,NA,内蒙古·鄂尔多斯市,公立医院,专科医院,二级医院,-,1983 年
扎鲁特旗第二医院,NA,内蒙古·鄂尔多斯市,公立医院,专科医院,二级医院,-,1983 年
扎兰屯市结核医院,NA,内蒙古·鄂尔多斯市,公立医院,专科医院,二级医院,-,1983 年
