Hospital,Link,Location,Trade,Attribution,Grade,Scale,Establish
包头云龙骨科医院,NA,内蒙古·包头市,民营医院,专科医院,二级甲等,100-499 人,1988 年
阿鲁科尔沁旗医院,NA,内蒙古·包头市,民营医院,专科医院,二级甲等,100-499 人,1988 年
敖汉旗蒙医中医医院,NA,内蒙古·包头市,民营医院,专科医院,二级甲等,100-499 人,1988 年
敖汉旗医院,NA,内蒙古·包头市,民营医院,专科医院,二级甲等,100-499 人,1988 年
阿荣旗人民医院,NA,内蒙古·包头市,民营医院,专科医院,二级甲等,100-499 人,1988 年
阿荣旗中蒙医院,NA,内蒙古·包头市,民营医院,专科医院,二级甲等,100-499 人,1988 年
阿左旗中蒙医院,NA,内蒙古·包头市,民营医院,专科医院,二级甲等,100-499 人,1988 年
巴林右旗人民医院,NA,内蒙古·包头市,民营医院,专科医院,二级甲等,100-499 人,1988 年
巴林右旗医院,NA,内蒙古·包头市,民营医院,专科医院,二级甲等,100-499 人,1988 年
巴林左旗医院,NA,内蒙古·包头市,民营医院,专科医院,二级甲等,100-499 人,1988 年
包头矿务局医院,NA,内蒙古·包头市,民营医院,专科医院,二级甲等,100-499 人,1988 年
包头市第六医院,NA,内蒙古·包头市,民营医院,专科医院,二级甲等,100-499 人,1988 年
包头市九原区蒙医中医医院,NA,内蒙古·包头市,民营医院,专科医院,二级甲等,100-499 人,1988 年
包头市青山区中医院,NA,内蒙古·包头市,民营医院,专科医院,二级甲等,100-499 人,1988 年
包头市土默特右旗医院,NA,内蒙古·包头市,民营医院,专科医院,二级甲等,100-499 人,1988 年
包头市中心医院固阳分院,NA,内蒙古·包头市,民营医院,专科医院,二级甲等,100-499 人,1988 年
巴彦淖尔市红十字临河张利民眼科医院,NA,内蒙古·包头市,民营医院,专科医院,二级甲等,100-499 人,1988 年
巴彦淖尔市口腔医院,NA,内蒙古·包头市,民营医院,专科医院,二级甲等,100-499 人,1988 年
巴彦淖尔市临河人民医院,NA,内蒙古·包头市,民营医院,专科医院,二级甲等,100-499 人,1988 年
赤峰宝山中医院,NA,内蒙古·包头市,民营医院,专科医院,二级甲等,100-499 人,1988 年
