Hospital,Link,Location,Trade,Attribution,Grade,Scale,Establish
赤峰市第二蒙医中医医院,NA,内蒙古·赤峰市,公立医院,综合医院,二级甲等,-,-
赤峰市平庄矿区总医院,NA,内蒙古·赤峰市,公立医院,综合医院,二级甲等,-,-
赤峰市中蒙医院,NA,内蒙古·赤峰市,公立医院,综合医院,二级甲等,-,-
达拉特旗中蒙医院,NA,内蒙古·赤峰市,公立医院,综合医院,二级甲等,-,-
达茂联合旗人民医院,NA,内蒙古·赤峰市,公立医院,综合医院,二级甲等,-,-
磴口县蒙中医医院,NA,内蒙古·赤峰市,公立医院,综合医院,二级甲等,-,-
磴口县人民医院,NA,内蒙古·赤峰市,公立医院,综合医院,二级甲等,-,-
多伦县人民医院,NA,内蒙古·赤峰市,公立医院,综合医院,二级甲等,-,-
鄂尔多斯市第二人民医院,NA,内蒙古·赤峰市,公立医院,综合医院,二级甲等,-,-
鄂尔多斯市东胜区人民医院,NA,内蒙古·赤峰市,公立医院,综合医院,二级甲等,-,-
鄂温克族自治旗蒙医医院,NA,内蒙古·赤峰市,公立医院,综合医院,二级甲等,-,-
根河市人民医院,NA,内蒙古·赤峰市,公立医院,综合医院,二级甲等,-,-
国营202厂职工医院,NA,内蒙古·赤峰市,公立医院,综合医院,二级甲等,-,-
固阳县医院,NA,内蒙古·赤峰市,公立医院,综合医院,二级甲等,-,-
海拉尔农垦总医院,NA,内蒙古·赤峰市,公立医院,综合医院,二级甲等,-,-
杭锦后旗妇幼保健院,NA,内蒙古·赤峰市,公立医院,综合医院,二级甲等,-,-
杭锦后旗人民医院,NA,内蒙古·赤峰市,公立医院,综合医院,二级甲等,-,-
杭锦后旗医院,NA,内蒙古·赤峰市,公立医院,综合医院,二级甲等,-,-
呼和浩特市新城区医院,NA,内蒙古·赤峰市,公立医院,综合医院,二级甲等,-,-
呼伦贝尔大雁医院,NA,内蒙古·赤峰市,公立医院,综合医院,二级甲等,-,-
