Hospital,Link,Location,Trade,Attribution,Grade,Scale,Establish
内蒙古林业总医院,NA,内蒙古·呼伦贝尔市,公立医院,综合医院,三级甲等,-,1956 年
内蒙古民族大学附属医院,NA,内蒙古·呼伦贝尔市,公立医院,综合医院,三级甲等,-,1956 年
内蒙古医科大学第二附属医院,NA,内蒙古·呼伦贝尔市,公立医院,综合医院,三级甲等,-,1956 年
内蒙古医科大学附属人民医院,NA,内蒙古·呼伦贝尔市,公立医院,综合医院,三级甲等,-,1956 年
内蒙古医科大学附属医院,NA,内蒙古·呼伦贝尔市,公立医院,综合医院,三级甲等,-,1956 年
内蒙古自治区精神卫生中心,NA,内蒙古·呼伦贝尔市,公立医院,综合医院,三级甲等,-,1956 年
内蒙古自治区人民医院,NA,内蒙古·呼伦贝尔市,公立医院,综合医院,三级甲等,-,1956 年
通辽市传染病医院,NA,内蒙古·呼伦贝尔市,公立医院,综合医院,三级甲等,-,1956 年
通辽市蒙医整骨医院,NA,内蒙古·呼伦贝尔市,公立医院,综合医院,三级甲等,-,1956 年
通辽市医院,NA,内蒙古·呼伦贝尔市,公立医院,综合医院,三级甲等,-,1956 年
乌海市人民医院,NA,内蒙古·呼伦贝尔市,公立医院,综合医院,三级甲等,-,1956 年
武警内蒙古总队医院,NA,内蒙古·呼伦贝尔市,公立医院,综合医院,三级甲等,-,1956 年
乌兰察市中心医院,NA,内蒙古·呼伦贝尔市,公立医院,综合医院,三级甲等,-,1956 年
锡林郭勒盟蒙医医院,NA,内蒙古·呼伦贝尔市,公立医院,综合医院,三级甲等,-,1956 年
中国人民解放军联勤保障部队第九六九医院,NA,内蒙古·呼伦贝尔市,公立医院,综合医院,三级甲等,-,1956 年
