Hospital,Link,Location,Trade,Attribution,Grade,Scale,Establish
鄂尔多斯同仁医院,NA,内蒙古·鄂尔多斯市,民营医院,综合医院,二级乙等,-,2005 年
额尔古纳市人民医院,NA,内蒙古·鄂尔多斯市,民营医院,综合医院,二级乙等,-,2005 年
额尔古纳市中蒙医院,NA,内蒙古·鄂尔多斯市,民营医院,综合医院,二级乙等,-,2005 年
额济纳旗人民医院,NA,内蒙古·鄂尔多斯市,民营医院,综合医院,二级乙等,-,2005 年
鄂伦春自治旗第二人民医院,NA,内蒙古·鄂尔多斯市,民营医院,综合医院,二级乙等,-,2005 年
鄂伦春自治旗第一人民医院,NA,内蒙古·鄂尔多斯市,民营医院,综合医院,二级乙等,-,2005 年
鄂托克前旗人民医院,NA,内蒙古·鄂尔多斯市,民营医院,综合医院,二级乙等,-,2005 年
鄂托克旗蒙医院,NA,内蒙古·鄂尔多斯市,民营医院,综合医院,二级乙等,-,2005 年
鄂托克旗医院,NA,内蒙古·鄂尔多斯市,民营医院,综合医院,二级乙等,-,2005 年
鄂温克族自治旗人民医院,NA,内蒙古·鄂尔多斯市,民营医院,综合医院,二级乙等,-,2005 年
丰镇市人民医院,NA,内蒙古·鄂尔多斯市,民营医院,综合医院,二级乙等,-,2005 年
固阳县人民医院,NA,内蒙古·鄂尔多斯市,民营医院,综合医院,二级乙等,-,2005 年
海拉尔铁路医院,NA,内蒙古·鄂尔多斯市,民营医院,综合医院,二级乙等,-,2005 年
杭锦旗蒙医医院,NA,内蒙古·鄂尔多斯市,民营医院,综合医院,二级乙等,-,2005 年
和林格尔县人民医院,NA,内蒙古·鄂尔多斯市,民营医院,综合医院,二级乙等,-,2005 年
华能伊敏煤电公司职工医院,NA,内蒙古·鄂尔多斯市,民营医院,综合医院,二级乙等,-,2005 年
华通公乌素医院,NA,内蒙古·鄂尔多斯市,民营医院,综合医院,二级乙等,-,2005 年
呼和浩特弘济中医风湿病医院,NA,内蒙古·鄂尔多斯市,民营医院,综合医院,二级乙等,-,2005 年
呼和浩特市妇幼保健院,NA,内蒙古·鄂尔多斯市,民营医院,综合医院,二级乙等,-,2005 年
呼和浩特市回民医院,NA,内蒙古·鄂尔多斯市,民营医院,综合医院,二级乙等,-,2005 年
