Hospital,Link,Location,Trade,Attribution,Grade,Scale,Establish
呼伦贝尔市海拉尔区传染病院,NA,内蒙古·呼伦贝尔市,公立医院,专科医院,二级甲等,-,-
呼伦贝尔市海拉尔区人民医院,NA,内蒙古·呼伦贝尔市,公立医院,专科医院,二级甲等,-,-
呼伦贝尔市蒙医医院,NA,内蒙古·呼伦贝尔市,公立医院,专科医院,二级甲等,-,-
霍林郭勒市人民医院,NA,内蒙古·呼伦贝尔市,公立医院,专科医院,二级甲等,-,-
集宁市人民医院,NA,内蒙古·呼伦贝尔市,公立医院,专科医院,二级甲等,-,-
开鲁县县医院,NA,内蒙古·呼伦贝尔市,公立医院,专科医院,二级甲等,-,-
科尔沁左翼后旗人民医院,NA,内蒙古·呼伦贝尔市,公立医院,专科医院,二级甲等,-,-
科尔沁左翼中旗中医医院,NA,内蒙古·呼伦贝尔市,公立医院,专科医院,二级甲等,-,-
克什克腾旗蒙医中医医院,NA,内蒙古·呼伦贝尔市,公立医院,专科医院,二级甲等,-,-
克什克腾旗医院,NA,内蒙古·呼伦贝尔市,公立医院,专科医院,二级甲等,-,-
科右前旗人民医院,NA,内蒙古·呼伦贝尔市,公立医院,专科医院,二级甲等,-,-
科右中旗蒙医医院,NA,内蒙古·呼伦贝尔市,公立医院,专科医院,二级甲等,-,-
科左后旗第二人民医院,NA,内蒙古·呼伦贝尔市,公立医院,专科医院,二级甲等,-,-
库伦旗蒙医医院,NA,内蒙古·呼伦贝尔市,公立医院,专科医院,二级甲等,-,-
库伦旗医院,NA,内蒙古·呼伦贝尔市,公立医院,专科医院,二级甲等,-,-
林西县中蒙医院,NA,内蒙古·呼伦贝尔市,公立医院,专科医院,二级甲等,-,-
满洲里市人民医院,NA,内蒙古·呼伦贝尔市,公立医院,专科医院,二级甲等,-,-
莫力达瓦达斡尔族自治旗人民医院,NA,内蒙古·呼伦贝尔市,公立医院,专科医院,二级甲等,-,-
内蒙赤峰宝山医院,NA,内蒙古·呼伦贝尔市,公立医院,专科医院,二级甲等,-,-
内蒙古科技大学第四附属医院,NA,内蒙古·呼伦贝尔市,公立医院,专科医院,二级甲等,-,-
