Hospital,Link,Location,Trade,Attribution,Grade,Scale,Establish
锡林浩特市人民医院,NA,内蒙古·锡林郭勒盟,公立医院,综合医院,二级乙等,-,1994 年
新巴尔虎右旗蒙医院,NA,内蒙古·锡林郭勒盟,公立医院,综合医院,二级乙等,-,1994 年
兴和县医院,NA,内蒙古·锡林郭勒盟,公立医院,综合医院,二级乙等,-,1994 年
兴和县中医院,NA,内蒙古·锡林郭勒盟,公立医院,综合医院,二级乙等,-,1994 年
新右旗人民医院,NA,内蒙古·锡林郭勒盟,公立医院,综合医院,二级乙等,-,1994 年
西乌珠穆沁旗蒙医医院,NA,内蒙古·锡林郭勒盟,公立医院,综合医院,二级乙等,-,1994 年
西乌珠穆沁旗人民医院,NA,内蒙古·锡林郭勒盟,公立医院,综合医院,二级乙等,-,1994 年
牙克石市伊图里河医院,NA,内蒙古·锡林郭勒盟,公立医院,综合医院,二级乙等,-,1994 年
伊金霍洛旗妇幼保健院,NA,内蒙古·锡林郭勒盟,公立医院,综合医院,二级乙等,-,1994 年
伊金霍洛旗人民医院,NA,内蒙古·锡林郭勒盟,公立医院,综合医院,二级乙等,-,1994 年
伊金霍洛旗医院,NA,内蒙古·锡林郭勒盟,公立医院,综合医院,二级乙等,-,1994 年
正蓝旗医院,NA,内蒙古·锡林郭勒盟,公立医院,综合医院,二级乙等,-,1994 年
正镶白旗蒙医院,NA,内蒙古·锡林郭勒盟,公立医院,综合医院,二级乙等,-,1994 年
正镶白旗医院,NA,内蒙古·锡林郭勒盟,公立医院,综合医院,二级乙等,-,1994 年
准格尔旗大路医院,NA,内蒙古·锡林郭勒盟,公立医院,综合医院,二级乙等,-,1994 年
卓资县人民医院,NA,内蒙古·锡林郭勒盟,公立医院,综合医院,二级乙等,-,1994 年
