Hospital,Link,Location,Trade,Attribution,Grade,Scale,Establish
内蒙古通辽市科尔沁区妇幼保健院,NA,内蒙古·通辽市,公立医院,专科医院,二级甲等,-,-
内蒙古乌海市海渤湾区中医院,NA,内蒙古·通辽市,公立医院,专科医院,二级甲等,-,-
内蒙古准格尔煤炭工业公司职工总医院,NA,内蒙古·通辽市,公立医院,专科医院,二级甲等,-,-
内蒙古自治区通辽市科左中旗医院,NA,内蒙古·通辽市,公立医院,专科医院,二级甲等,-,-
商都县中医院,NA,内蒙古·通辽市,公立医院,专科医院,二级甲等,-,-
通辽市第二人民医院,NA,内蒙古·通辽市,公立医院,专科医院,二级甲等,-,-
通辽市妇幼保健所,NA,内蒙古·通辽市,公立医院,专科医院,二级甲等,-,-
通辽市妇幼保健院,NA,内蒙古·通辽市,公立医院,专科医院,二级甲等,-,-
通辽市科尔沁左翼中旗中心医院,NA,内蒙古·通辽市,公立医院,专科医院,二级甲等,-,-
通辽市奈曼旗人民医院,NA,内蒙古·通辽市,公立医院,专科医院,二级甲等,-,-
通辽市中医院,NA,内蒙古·通辽市,公立医院,专科医院,二级甲等,-,-
突泉县中医医院,NA,内蒙古·通辽市,公立医院,专科医院,二级甲等,-,-
翁牛特旗医院,NA,内蒙古·通辽市,公立医院,专科医院,二级甲等,-,-
翁牛特旗中蒙医院,NA,内蒙古·通辽市,公立医院,专科医院,二级甲等,-,-
乌达中心医院,NA,内蒙古·通辽市,公立医院,专科医院,二级甲等,-,-
乌海市海勃湾区中医院,NA,内蒙古·通辽市,公立医院,专科医院,二级甲等,-,-
乌兰察布医学高等专科学校附属医院,NA,内蒙古·通辽市,公立医院,专科医院,二级甲等,-,-
乌兰浩特市人民医院,NA,内蒙古·通辽市,公立医院,专科医院,二级甲等,-,-
乌兰浩特市中西医结合医院,NA,内蒙古·通辽市,公立医院,专科医院,二级甲等,-,-
乌拉特前旗蒙医中医医院,NA,内蒙古·通辽市,公立医院,专科医院,二级甲等,-,-
