Hospital,Link,Location,Trade,Attribution,Grade,Scale,Establish
磴口县中蒙医院,NA,内蒙古·巴彦淖尔市,公立医院,综合医院,二级医院,-,-
鄂尔多斯奥麒口腔医院,NA,内蒙古·巴彦淖尔市,公立医院,综合医院,二级医院,-,-
鄂尔多斯都市妇产医院,NA,内蒙古·巴彦淖尔市,公立医院,综合医院,二级医院,-,-
鄂尔多斯市康巴什医院,NA,内蒙古·巴彦淖尔市,公立医院,综合医院,二级医院,-,-
鄂尔多斯市口腔医院,NA,内蒙古·巴彦淖尔市,公立医院,综合医院,二级医院,-,-
鄂尔多斯同济医院,NA,内蒙古·巴彦淖尔市,公立医院,综合医院,二级医院,-,-
二连浩特市医院,NA,内蒙古·巴彦淖尔市,公立医院,综合医院,二级医院,-,-
杭锦后旗蒙中医院,NA,内蒙古·巴彦淖尔市,公立医院,综合医院,二级医院,-,-
和林格尔县蒙医中医医院,NA,内蒙古·巴彦淖尔市,公立医院,综合医院,二级医院,-,-
呼和浩特市赛罕区医院,NA,内蒙古·巴彦淖尔市,公立医院,综合医院,二级医院,-,-
呼伦贝尔市仁爱康复医院,NA,内蒙古·巴彦淖尔市,公立医院,综合医院,二级医院,-,-
霍林郭勒市妇幼保健院,NA,内蒙古·巴彦淖尔市,公立医院,综合医院,二级医院,-,-
开鲁县第二医院,NA,内蒙古·巴彦淖尔市,公立医院,综合医院,二级医院,-,-
开鲁县蒙医医院,NA,内蒙古·巴彦淖尔市,公立医院,综合医院,二级医院,-,-
内蒙古航天医院,NA,内蒙古·巴彦淖尔市,公立医院,综合医院,二级医院,-,-
内蒙古忽思慧蒙医医院,NA,内蒙古·巴彦淖尔市,公立医院,综合医院,二级医院,-,-
内蒙古天骄医院,NA,内蒙古·巴彦淖尔市,公立医院,综合医院,二级医院,-,-
内蒙古兴安盟残疾人康复中心,NA,内蒙古·巴彦淖尔市,公立医院,综合医院,二级医院,-,-
内蒙古医科大学鄂尔多斯学院附属医院,NA,内蒙古·巴彦淖尔市,公立医院,综合医院,二级医院,-,-
内蒙古伊生泰妇产医院,NA,内蒙古·巴彦淖尔市,公立医院,综合医院,二级医院,-,-
