Hospital,Link,Location,Trade,Attribution,Grade,Scale,Establish
商都县人民医院,NA,内蒙古·乌兰察布市,公立医院,综合医院,二级乙等,-,1952 年
四子王旗人民医院,NA,内蒙古·乌兰察布市,公立医院,综合医院,二级乙等,-,1952 年
苏尼特左旗医院,NA,内蒙古·乌兰察布市,公立医院,综合医院,二级乙等,-,1952 年
太仆寺旗医院,NA,内蒙古·乌兰察布市,公立医院,综合医院,二级乙等,-,1952 年
太仆寺旗中蒙医院,NA,内蒙古·乌兰察布市,公立医院,综合医院,二级乙等,-,1952 年
通辽市口腔医院,NA,内蒙古·乌兰察布市,公立医院,综合医院,二级乙等,-,1952 年
土默特左旗人民医院,NA,内蒙古·乌兰察布市,公立医院,综合医院,二级乙等,-,1952 年
托克托县医院,NA,内蒙古·乌兰察布市,公立医院,综合医院,二级乙等,-,1952 年
突泉县人民医院,NA,内蒙古·乌兰察布市,公立医院,综合医院,二级乙等,-,1952 年
武川县医院,NA,内蒙古·乌兰察布市,公立医院,综合医院,二级乙等,-,1952 年
乌海市第三人民医院,NA,内蒙古·乌兰察布市,公立医院,综合医院,二级乙等,-,1952 年
乌海樱花医院,NA,内蒙古·乌兰察布市,公立医院,综合医院,二级乙等,-,1952 年
乌兰察布市第三医院,NA,内蒙古·乌兰察布市,公立医院,综合医院,二级乙等,-,1952 年
乌拉盖管理区医院,NA,内蒙古·乌兰察布市,公立医院,综合医院,二级乙等,-,1952 年
乌拉特中旗人民医院,NA,内蒙古·乌兰察布市,公立医院,综合医院,二级乙等,-,1952 年
乌审旗蒙医综合医院,NA,内蒙古·乌兰察布市,公立医院,综合医院,二级乙等,-,1952 年
乌审旗人民医院,NA,内蒙古·乌兰察布市,公立医院,综合医院,二级乙等,-,1952 年
镶黄旗蒙医院,NA,内蒙古·乌兰察布市,公立医院,综合医院,二级乙等,-,1952 年
镶黄旗人民医院,NA,内蒙古·乌兰察布市,公立医院,综合医院,二级乙等,-,1952 年
锡林郭勒欧亚泌尿专科医院,NA,内蒙古·乌兰察布市,公立医院,综合医院,二级乙等,-,1952 年
