Hospital,Link,Location,Trade,Attribution,Grade,Scale,Establish
阿巴嘎旗医院,NA,内蒙古·锡林郭勒盟,-,综合医院,二级乙等,-,1952 年
阿尔山市医院,NA,内蒙古·锡林郭勒盟,-,综合医院,二级乙等,-,1952 年
阿拉善右旗人民医院,NA,内蒙古·锡林郭勒盟,-,综合医院,二级乙等,-,1952 年
阿拉善左旗人民医院,NA,内蒙古·锡林郭勒盟,-,综合医院,二级乙等,-,1952 年
阿里河林业局职工医院,NA,内蒙古·锡林郭勒盟,-,综合医院,二级乙等,-,1952 年
阿鲁科尔沁旗同济医院,NA,内蒙古·锡林郭勒盟,-,综合医院,二级乙等,-,1952 年
阿荣旗霍尔奇镇中心卫生院,NA,内蒙古·锡林郭勒盟,-,综合医院,二级乙等,-,1952 年
包铝集团医院,NA,内蒙古·锡林郭勒盟,-,综合医院,二级乙等,-,1952 年
包头九州泌尿专科医院,NA,内蒙古·锡林郭勒盟,-,综合医院,二级乙等,-,1952 年
包头市白云矿区医院,NA,内蒙古·锡林郭勒盟,-,综合医院,二级乙等,-,1952 年
包头市纺织总厂职工医院,NA,内蒙古·锡林郭勒盟,-,综合医院,二级乙等,-,1952 年
察右后旗中心医院,NA,内蒙古·锡林郭勒盟,-,综合医院,二级乙等,-,1952 年
察右中旗医院,NA,内蒙古·锡林郭勒盟,-,综合医院,二级乙等,-,1952 年
陈巴尔虎旗宝日希勒煤矿职工医院,NA,内蒙古·锡林郭勒盟,-,综合医院,二级乙等,-,1952 年
赤峰市精神病防治院,NA,内蒙古·锡林郭勒盟,-,综合医院,二级乙等,-,1952 年
达旗三垧梁社区卫生服务中心,NA,内蒙古·锡林郭勒盟,-,综合医院,二级乙等,-,1952 年
大兴安岭林管局根河林业局职工医院,NA,内蒙古·锡林郭勒盟,-,综合医院,二级乙等,-,1952 年
东乌珠穆沁旗人民医院,NA,内蒙古·锡林郭勒盟,-,综合医院,二级乙等,-,1952 年
多伦县中医院,NA,内蒙古·锡林郭勒盟,-,综合医院,二级乙等,-,1952 年
鄂尔多斯市广厦医院,NA,内蒙古·锡林郭勒盟,-,综合医院,二级乙等,-,1952 年
