Hospital,Link,Location,Trade,Attribution,Grade,Scale,Establish
赤峰桥北骨科医院,NA,内蒙古·赤峰市,民营医院,专科医院,二级医院,100-499 人,2018 年
赤峰市妇幼保健院,NA,内蒙古·赤峰市,民营医院,专科医院,二级医院,100-499 人,2018 年
包头博为骨科医院,NA,内蒙古·赤峰市,民营医院,专科医院,二级医院,100-499 人,2018 年
包头和协医院,NA,内蒙古·赤峰市,民营医院,专科医院,二级医院,100-499 人,2018 年
包头昆河医院,NA,内蒙古·赤峰市,民营医院,专科医院,二级医院,100-499 人,2018 年
包头市白云鄂博矿区蒙医中医医院,NA,内蒙古·赤峰市,民营医院,专科医院,二级医院,100-499 人,2018 年
包头市东河区中医院,NA,内蒙古·赤峰市,民营医院,专科医院,二级医院,100-499 人,2018 年
包头市九原区扶贫医院,NA,内蒙古·赤峰市,民营医院,专科医院,二级医院,100-499 人,2018 年
巴彦淖尔盟第一医院,NA,内蒙古·赤峰市,民营医院,专科医院,二级医院,100-499 人,2018 年
巴彦淖尔学武胃肠医院,NA,内蒙古·赤峰市,民营医院,专科医院,二级医院,100-499 人,2018 年
察右中旗妇幼保健所,NA,内蒙古·赤峰市,民营医院,专科医院,二级医院,100-499 人,2018 年
赤峰都市肛肠医院,NA,内蒙古·赤峰市,民营医院,专科医院,二级医院,100-499 人,2018 年
赤峰上京内分泌专科医院,NA,内蒙古·赤峰市,民营医院,专科医院,二级医院,100-499 人,2018 年
赤峰生殖健康专科医院,NA,内蒙古·赤峰市,民营医院,专科医院,二级医院,100-499 人,2018 年
赤峰卫生学校附属医院,NA,内蒙古·赤峰市,民营医院,专科医院,二级医院,100-499 人,2018 年
赤峰现代妇产医院,NA,内蒙古·赤峰市,民营医院,专科医院,二级医院,100-499 人,2018 年
赤峰阳光泌尿专科医院,NA,内蒙古·赤峰市,民营医院,专科医院,二级医院,100-499 人,2018 年
达旗达仁中医院,NA,内蒙古·赤峰市,民营医院,专科医院,二级医院,100-499 人,2018 年
达旗欣康医院,NA,内蒙古·赤峰市,民营医院,专科医院,二级医院,100-499 人,2018 年
大杨树林业局职工医院,NA,内蒙古·赤峰市,民营医院,专科医院,二级医院,100-499 人,2018 年
