Hospital,Link,Location,Trade,Attribution,Grade,Scale,Establish
赤峰朝聚眼科医院,NA,内蒙古·赤峰市,民营医院,专科医院,三级医院,100-499 人,2005 年
赤峰市妇产医院,NA,内蒙古·赤峰市,民营医院,专科医院,三级医院,100-499 人,2005 年
阿拉善盟中心医院,NA,内蒙古·赤峰市,民营医院,专科医院,三级医院,100-499 人,2005 年
包头朝聚眼科医院,NA,内蒙古·赤峰市,民营医院,专科医院,三级医院,100-499 人,2005 年
包头市第三医院,NA,内蒙古·赤峰市,民营医院,专科医院,三级医院,100-499 人,2005 年
包头市第四医院,NA,内蒙古·赤峰市,民营医院,专科医院,三级医院,100-499 人,2005 年
包医国际医院,NA,内蒙古·赤峰市,民营医院,专科医院,三级医院,100-499 人,2005 年
巴彦淖尔市残联眼科医院,NA,内蒙古·赤峰市,民营医院,专科医院,三级医院,100-499 人,2005 年
赤峰学院第二附属医院,NA,内蒙古·赤峰市,民营医院,专科医院,三级医院,100-499 人,2005 年
达拉特旗人民医院,NA,内蒙古·赤峰市,民营医院,专科医院,三级医院,100-499 人,2005 年
呼和浩特朝聚眼科医院,NA,内蒙古·赤峰市,民营医院,专科医院,三级医院,100-499 人,2005 年
呼和浩特市口腔医院,NA,内蒙古·赤峰市,民营医院,专科医院,三级医院,100-499 人,2005 年
林西县医院,NA,内蒙古·赤峰市,民营医院,专科医院,三级医院,100-499 人,2005 年
内蒙古一机医院,NA,内蒙古·赤峰市,民营医院,专科医院,三级医院,100-499 人,2005 年
通辽市精神卫生中心,NA,内蒙古·赤峰市,民营医院,专科医院,三级医院,100-499 人,2005 年
通辽市科尔沁区第一人民医院,NA,内蒙古·赤峰市,民营医院,专科医院,三级医院,100-499 人,2005 年
