Hospital,Link,Location,Trade,Attribution,Grade,Scale,Establish
呼和浩特市赛罕区二医院,NA,内蒙古·呼和浩特市,公立医院,综合医院,二级乙等,-,1979 年
呼和浩特市邮电医院,NA,内蒙古·呼和浩特市,公立医院,综合医院,二级乙等,-,1979 年
呼和浩特市玉泉区红十字医院,NA,内蒙古·呼和浩特市,公立医院,综合医院,二级乙等,-,1979 年
吉文林业局职工医院,NA,内蒙古·呼和浩特市,公立医院,综合医院,二级乙等,-,1979 年
开鲁县中医医院,NA,内蒙古·呼和浩特市,公立医院,综合医院,二级乙等,-,1979 年
喀喇沁旗医院,NA,内蒙古·呼和浩特市,公立医院,综合医院,二级乙等,-,1979 年
喀喇沁旗中蒙医院,NA,内蒙古·呼和浩特市,公立医院,综合医院,二级乙等,-,1979 年
科尔沁右翼中旗人民医院,NA,内蒙古·呼和浩特市,公立医院,综合医院,二级乙等,-,1979 年
凉城县医院,NA,内蒙古·呼和浩特市,公立医院,综合医院,二级乙等,-,1979 年
满洲里市第二医院,NA,内蒙古·呼和浩特市,公立医院,综合医院,二级乙等,-,1979 年
满洲里市中蒙医院,NA,内蒙古·呼和浩特市,公立医院,综合医院,二级乙等,-,1979 年
莫力达瓦达斡尔族自治旗中蒙医院,NA,内蒙古·呼和浩特市,公立医院,综合医院,二级乙等,-,1979 年
内蒙古呼伦贝尔市莫旗人民医院,NA,内蒙古·呼和浩特市,公立医院,综合医院,二级乙等,-,1979 年
内蒙古监狱管理局第二医院,NA,内蒙古·呼和浩特市,公立医院,综合医院,二级乙等,-,1979 年
内蒙古监狱管理局中心医院,NA,内蒙古·呼和浩特市,公立医院,综合医院,二级乙等,-,1979 年
内蒙古科尔沁右翼中旗济困医院,NA,内蒙古·呼和浩特市,公立医院,综合医院,二级乙等,-,1979 年
内蒙古科尔沁右翼中旗中医院,NA,内蒙古·呼和浩特市,公立医院,综合医院,二级乙等,-,1979 年
内蒙古中安类风湿骨关节专科医院,NA,内蒙古·呼和浩特市,公立医院,综合医院,二级乙等,-,1979 年
内蒙古自治区包头钢铁公司第三医院,NA,内蒙古·呼和浩特市,公立医院,综合医院,二级乙等,-,1979 年
内蒙古自治区锡林郭勒盟苏尼特左旗蒙医医院,NA,内蒙古·呼和浩特市,公立医院,综合医院,二级乙等,-,1979 年
