Hospital,Link,Location,Trade,Attribution,Grade,Scale,Establish
沈阳市劳动卫生职业病研究所附属职业病防治院,NA,辽宁·沈阳市,公立医院,专科医院,二级甲等,-,-
沈阳市辽中区人民医院,NA,辽宁·沈阳市,公立医院,专科医院,二级甲等,-,-
沈阳市煤炭工业公司职工医院,NA,辽宁·沈阳市,公立医院,专科医院,二级甲等,-,-
沈阳市七三九医院,NA,辽宁·沈阳市,公立医院,专科医院,二级甲等,-,-
沈阳市沈北新区中心医院,NA,辽宁·沈阳市,公立医院,专科医院,二级甲等,-,-
沈阳市沈河区人民医院,NA,辽宁·沈阳市,公立医院,专科医院,二级甲等,-,-
沈阳市苏家屯区第三医院,NA,辽宁·沈阳市,公立医院,专科医院,二级甲等,-,-
沈阳市苏家屯区妇婴医院,NA,辽宁·沈阳市,公立医院,专科医院,二级甲等,-,-
沈阳市铁西区妇婴医院,NA,辽宁·沈阳市,公立医院,专科医院,二级甲等,-,-
沈阳市铁西区华康医院,NA,辽宁·沈阳市,公立医院,专科医院,二级甲等,-,-
沈阳市铁西区中心医院,NA,辽宁·沈阳市,公立医院,专科医院,二级甲等,-,-
沈阳市西城中医医院,NA,辽宁·沈阳市,公立医院,专科医院,二级甲等,-,-
沈阳市新城子区医院,NA,辽宁·沈阳市,公立医院,专科医院,二级甲等,-,-
沈阳市于洪区人民医院,NA,辽宁·沈阳市,公立医院,专科医院,二级甲等,-,-
沈阳市于洪区肿瘤医院,NA,辽宁·沈阳市,公立医院,专科医院,二级甲等,-,-
台安县恩良医院,NA,辽宁·沈阳市,公立医院,专科医院,二级甲等,-,-
台安县中医院,NA,辽宁·沈阳市,公立医院,专科医院,二级甲等,-,-
铁岭市妇婴医院,NA,辽宁·沈阳市,公立医院,专科医院,二级甲等,-,-
铁岭市结核医院,NA,辽宁·沈阳市,公立医院,专科医院,二级甲等,-,-
铁岭市银州区医院,NA,辽宁·沈阳市,公立医院,专科医院,二级甲等,-,-
