Hospital,Link,Location,Trade,Attribution,Grade,Scale,Establish
大连市旅顺口区中医院,NA,辽宁·大连市,公立医院,专科医院,二级甲等,-,-
大连市皮肤病医院,NA,辽宁·大连市,公立医院,专科医院,二级甲等,-,-
大连市沙河口区人民医院,NA,辽宁·大连市,公立医院,专科医院,二级甲等,-,-
大连松山医院,NA,辽宁·大连市,公立医院,专科医院,二级甲等,-,-
大连新世纪医院,NA,辽宁·大连市,公立医院,专科医院,二级甲等,-,-
丹东市传染病医院,NA,辽宁·大连市,公立医院,专科医院,二级甲等,-,-
丹东市第三医院,NA,辽宁·大连市,公立医院,专科医院,二级甲等,-,-
丹东市妇女儿童医院,NA,辽宁·大连市,公立医院,专科医院,二级甲等,-,-
丹东市口腔医院,NA,辽宁·大连市,公立医院,专科医院,二级甲等,-,-
丹东市中西医结合医院,NA,辽宁·大连市,公立医院,专科医院,二级甲等,-,-
大石桥东寰医院,NA,辽宁·大连市,公立医院,专科医院,二级甲等,-,-
灯塔市中心医院,NA,辽宁·大连市,公立医院,专科医院,二级甲等,-,-
东港市第二医院,NA,辽宁·大连市,公立医院,专科医院,二级甲等,-,-
东港市口腔医院,NA,辽宁·大连市,公立医院,专科医院,二级甲等,-,-
凤城市第二人民医院,NA,辽宁·大连市,公立医院,专科医院,二级甲等,-,-
凤城市中医院,NA,辽宁·大连市,公立医院,专科医院,二级甲等,-,-
阜矿集团城南医院,NA,辽宁·大连市,公立医院,专科医院,二级甲等,-,-
阜矿集团劳动卫生职业病防治所,NA,辽宁·大连市,公立医院,专科医院,二级甲等,-,-
抚顺市地方病防治所,NA,辽宁·大连市,公立医院,专科医院,二级甲等,-,-
抚顺市第四医院,NA,辽宁·大连市,公立医院,专科医院,二级甲等,-,-
