Hospital,Link,Location,Trade,Attribution,Grade,Scale,Establish
大连医科大学附属大连市儿童医院,NA,辽宁·大连市,公立医院,专科医院,三级医院,-,1952 年
丹东市人民医院,NA,辽宁·大连市,公立医院,专科医院,三级医院,-,1952 年
丹东市新区医院,NA,辽宁·大连市,公立医院,专科医院,三级医院,-,1952 年
凤城市中心医院,NA,辽宁·大连市,公立医院,专科医院,三级医院,-,1952 年
阜新市第二人民医院妇产医院,NA,辽宁·大连市,公立医院,专科医院,三级医院,-,1952 年
海城市中心医院,NA,辽宁·大连市,公立医院,专科医院,三级医院,-,1952 年
建平县医院,NA,辽宁·大连市,公立医院,专科医院,三级医院,-,1952 年
锦州市康宁医院,NA,辽宁·大连市,公立医院,专科医院,三级医院,-,1952 年
辽宁省精神卫生中心,NA,辽宁·大连市,公立医院,专科医院,三级医院,-,1952 年
辽阳市第三人民医院,NA,辽宁·大连市,公立医院,专科医院,三级医院,-,1952 年
凌源市中心医院,NA,辽宁·大连市,公立医院,专科医院,三级医院,-,1952 年
普兰店中心医院,NA,辽宁·大连市,公立医院,专科医院,三级医院,-,1952 年
沈阳二四二医院,NA,辽宁·大连市,公立医院,专科医院,三级医院,-,1952 年
沈阳积水潭医院,NA,辽宁·大连市,公立医院,专科医院,三级医院,-,1952 年
沈阳市安宁医院,NA,辽宁·大连市,公立医院,专科医院,三级医院,-,1952 年
沈阳市第六人民医院,NA,辽宁·大连市,公立医院,专科医院,三级医院,-,1952 年
沈阳市第十人民医院,NA,辽宁·大连市,公立医院,专科医院,三级医院,-,1952 年
沈阳市妇婴医院,NA,辽宁·大连市,公立医院,专科医院,三级医院,-,1952 年
沈阳市口腔医院,NA,辽宁·大连市,公立医院,专科医院,三级医院,-,1952 年
沈阳市苏家屯区中心医院,NA,辽宁·大连市,公立医院,专科医院,三级医院,-,1952 年
