Hospital,Link,Location,Trade,Attribution,Grade,Scale,Establish
本溪市第三人民医院,NA,辽宁·本溪市,公立医院,综合医院,二级甲等,-,-
本溪市红十字会医院,NA,辽宁·本溪市,公立医院,综合医院,二级甲等,-,-
本溪市康宁医院,NA,辽宁·本溪市,公立医院,综合医院,二级甲等,-,-
本溪市铁路医院,NA,辽宁·本溪市,公立医院,综合医院,二级甲等,-,-
本溪市卫校附属医院,NA,辽宁·本溪市,公立医院,综合医院,二级甲等,-,-
本溪市中心医院东兴分院,NA,辽宁·本溪市,公立医院,综合医院,二级甲等,-,-
本溪县第一人民医院,NA,辽宁·本溪市,公立医院,综合医院,二级甲等,-,-
渤船重工有限责任公司职工医院,NA,辽宁·本溪市,公立医院,综合医院,二级甲等,-,-
昌图县第二医院,NA,辽宁·本溪市,公立医院,综合医院,二级甲等,-,-
大孤家子中心医院,NA,辽宁·本溪市,公立医院,综合医院,二级甲等,-,-
大化集团有限责任公司医院,NA,辽宁·本溪市,公立医院,综合医院,二级甲等,-,-
大连大重医院,NA,辽宁·本溪市,公立医院,综合医院,二级甲等,-,-
大连海洋渔业集团公司医院,NA,辽宁·本溪市,公立医院,综合医院,二级甲等,-,-
大连黄海医院,NA,辽宁·本溪市,公立医院,综合医院,二级甲等,-,-
大连机车厂职工医院,NA,辽宁·本溪市,公立医院,综合医院,二级甲等,-,-
大连集团有限责任公司医院,NA,辽宁·本溪市,公立医院,综合医院,二级甲等,-,-
大连辽渔医院,NA,辽宁·本溪市,公立医院,综合医院,二级甲等,-,-
大连市结核病医院,NA,辽宁·本溪市,公立医院,综合医院,二级甲等,-,-
大连市金州纺织厂职工医院,NA,辽宁·本溪市,公立医院,综合医院,二级甲等,-,-
大连市金州区第四人民医院,NA,辽宁·本溪市,公立医院,综合医院,二级甲等,-,-
