Hospital,Link,Location,Trade,Attribution,Grade,Scale,Establish
本溪市中心医院,NA,辽宁·本溪市,公立医院,综合医院,三级甲等,-,1954 年
本溪市中医院,NA,辽宁·本溪市,公立医院,综合医院,三级甲等,-,1954 年
大连大学附属中山医院,NA,辽宁·本溪市,公立医院,综合医院,三级甲等,-,1954 年
大连市第二人民医院,NA,辽宁·本溪市,公立医院,综合医院,三级甲等,-,1954 年
大连市妇幼保健院,NA,辽宁·本溪市,公立医院,综合医院,三级甲等,-,1954 年
大连市中医医院,NA,辽宁·本溪市,公立医院,综合医院,三级甲等,-,1954 年
大连医科大学附属大连市中心医院,NA,辽宁·本溪市,公立医院,综合医院,三级甲等,-,1954 年
大连医科大学附属第三医院,NA,辽宁·本溪市,公立医院,综合医院,三级甲等,-,1954 年
丹东市第一医院,NA,辽宁·本溪市,公立医院,综合医院,三级甲等,-,1954 年
丹东市中医院,NA,辽宁·本溪市,公立医院,综合医院,三级甲等,-,1954 年
东港市中医院,NA,辽宁·本溪市,公立医院,综合医院,三级甲等,-,1954 年
抚顺市中心医院,NA,辽宁·本溪市,公立医院,综合医院,三级甲等,-,1954 年
抚顺市中医院,NA,辽宁·本溪市,公立医院,综合医院,三级甲等,-,1954 年
阜新矿业集团总医院,NA,辽宁·本溪市,公立医院,综合医院,三级甲等,-,1954 年
阜新市中心医院,NA,辽宁·本溪市,公立医院,综合医院,三级甲等,-,1954 年
海城市中医院,NA,辽宁·本溪市,公立医院,综合医院,三级甲等,-,1954 年
葫芦岛市中心医院化工院区,NA,辽宁·本溪市,公立医院,综合医院,三级甲等,-,1954 年
锦州市传染病院,NA,辽宁·本溪市,公立医院,综合医院,三级甲等,-,1954 年
锦州市中心医院,NA,辽宁·本溪市,公立医院,综合医院,三级甲等,-,1954 年
锦州市中医院,NA,辽宁·本溪市,公立医院,综合医院,三级甲等,-,1954 年
