Hospital,Link,Location,Trade,Attribution,Grade,Scale,Establish
沈阳市皇姑区中医院,NA,辽宁·沈阳市,公立医院,专科医院,二级医院,-,1957 年
沈阳市盛京华侨医院,NA,辽宁·沈阳市,公立医院,专科医院,二级医院,-,1957 年
沈阳市天桥中医院,NA,辽宁·沈阳市,公立医院,专科医院,二级医院,-,1957 年
沈阳于洪京城易安医院,NA,辽宁·沈阳市,公立医院,专科医院,二级医院,-,1957 年
铁岭爱尔眼科医院,NA,辽宁·沈阳市,公立医院,专科医院,二级医院,-,1957 年
铁岭奉天皮肤病医院,NA,辽宁·沈阳市,公立医院,专科医院,二级医院,-,1957 年
铁岭市志强口腔医院,NA,辽宁·沈阳市,公立医院,专科医院,二级医院,-,1957 年
瓦房店德刚医院,NA,辽宁·沈阳市,公立医院,专科医院,二级医院,-,1957 年
瓦房店康和医院,NA,辽宁·沈阳市,公立医院,专科医院,二级医院,-,1957 年
新民市第二人民医院,NA,辽宁·沈阳市,公立医院,专科医院,二级医院,-,1957 年
新民市妇婴医院,NA,辽宁·沈阳市,公立医院,专科医院,二级医院,-,1957 年
杨家杖子经济技术开发区人民医院,NA,辽宁·沈阳市,公立医院,专科医院,二级医院,-,1957 年
营口市滨城医院,NA,辽宁·沈阳市,公立医院,专科医院,二级医院,-,1957 年
朝阳妇科医院,NA,辽宁·沈阳市,公立医院,专科医院,二级医院,-,1957 年
朝阳市第三医院,NA,辽宁·沈阳市,公立医院,专科医院,二级医院,-,1957 年
朝阳市双塔医院,NA,辽宁·沈阳市,公立医院,专科医院,二级医院,-,1957 年
朝阳眼科医院,NA,辽宁·沈阳市,公立医院,专科医院,二级医院,-,1957 年
中冶有色职工医院,NA,辽宁·沈阳市,公立医院,专科医院,二级医院,-,1957 年
