Hospital,Link,Location,Trade,Attribution,Grade,Scale,Establish
锦州医科大学附属第二医院,NA,辽宁·锦州市,公立医院,专科医院,三级甲等,-,1992 年
锦州医科大学附属第三医院,NA,辽宁·锦州市,公立医院,专科医院,三级甲等,-,1992 年
辽河油田总医院,NA,辽宁·锦州市,公立医院,专科医院,三级甲等,-,1992 年
辽宁奉天中医院,NA,辽宁·锦州市,公立医院,专科医院,三级甲等,-,1992 年
辽宁省妇幼保健院,NA,辽宁·锦州市,公立医院,专科医院,三级甲等,-,1992 年
辽宁省健康产业集团抚矿总医院,NA,辽宁·锦州市,公立医院,专科医院,三级甲等,-,1992 年
辽宁省金秋医院,NA,辽宁·锦州市,公立医院,专科医院,三级甲等,-,1992 年
辽宁省蒙医医院,NA,辽宁·锦州市,公立医院,专科医院,三级甲等,-,1992 年
辽宁省人民医院,NA,辽宁·锦州市,公立医院,专科医院,三级甲等,-,1992 年
辽宁省血栓病中西医结合医疗中心,NA,辽宁·锦州市,公立医院,专科医院,三级甲等,-,1992 年
辽宁省肿瘤医院,NA,辽宁·锦州市,公立医院,专科医院,三级甲等,-,1992 年
辽宁中医药大学附属第二医院,NA,辽宁·锦州市,公立医院,专科医院,三级甲等,-,1992 年
辽宁中医药大学附属第三医院,NA,辽宁·锦州市,公立医院,专科医院,三级甲等,-,1992 年
辽宁中医药大学附属第四医院,NA,辽宁·锦州市,公立医院,专科医院,三级甲等,-,1992 年
辽宁中医药大学附属营口医院,NA,辽宁·锦州市,公立医院,专科医院,三级甲等,-,1992 年
辽宁中医药大学附属医院,NA,辽宁·锦州市,公立医院,专科医院,三级甲等,-,1992 年
辽阳市石化医院,NA,辽宁·锦州市,公立医院,专科医院,三级甲等,-,1992 年
辽阳市中心医院,NA,辽宁·锦州市,公立医院,专科医院,三级甲等,-,1992 年
辽阳市中医院,NA,辽宁·锦州市,公立医院,专科医院,三级甲等,-,1992 年
盘锦市人民医院,NA,辽宁·锦州市,公立医院,专科医院,三级甲等,-,1992 年
