Hospital,Link,Location,Trade,Attribution,Grade,Scale,Establish
东港市中心医院,NA,辽宁·丹东市,公立医院,综合医院,二级甲等,1000 人以上,1948 年
桓仁满族自治县人民医院,NA,辽宁·丹东市,公立医院,综合医院,二级甲等,1000 人以上,1948 年
沈阳安联妇婴医院,NA,辽宁·丹东市,公立医院,综合医院,二级甲等,1000 人以上,1948 年
沈阳市大众医院,NA,辽宁·丹东市,公立医院,综合医院,二级甲等,1000 人以上,1948 年
鞍山九洲医院,NA,辽宁·丹东市,公立医院,综合医院,二级甲等,1000 人以上,1948 年
鞍山市千山区医院,NA,辽宁·丹东市,公立医院,综合医院,二级甲等,1000 人以上,1948 年
鞍山市铁东区湖南医院,NA,辽宁·丹东市,公立医院,综合医院,二级甲等,1000 人以上,1948 年
鞍山市铁东区医院,NA,辽宁·丹东市,公立医院,综合医院,二级甲等,1000 人以上,1948 年
鞍山市铁东区中医院,NA,辽宁·丹东市,公立医院,综合医院,二级甲等,1000 人以上,1948 年
鞍山市长大医院,NA,辽宁·丹东市,公立医院,综合医院,二级甲等,1000 人以上,1948 年
北镇市第二人民医院,NA,辽宁·丹东市,公立医院,综合医院,二级甲等,1000 人以上,1948 年
北镇市人民医院,NA,辽宁·丹东市,公立医院,综合医院,二级甲等,1000 人以上,1948 年
北镇市中医院,NA,辽宁·丹东市,公立医院,综合医院,二级甲等,1000 人以上,1948 年
本钢歪头山医院,NA,辽宁·丹东市,公立医院,综合医院,二级甲等,1000 人以上,1948 年
本溪钢铁集团公司卫校附属医院,NA,辽宁·丹东市,公立医院,综合医院,二级甲等,1000 人以上,1948 年
本溪钢铁集团南地医院,NA,辽宁·丹东市,公立医院,综合医院,二级甲等,1000 人以上,1948 年
本溪满族自治县第三人民医院,NA,辽宁·丹东市,公立医院,综合医院,二级甲等,1000 人以上,1948 年
本溪满族自治县中医院,NA,辽宁·丹东市,公立医院,综合医院,二级甲等,1000 人以上,1948 年
本溪市北营钢铁集团有限公司职工医院,NA,辽宁·丹东市,公立医院,综合医院,二级甲等,1000 人以上,1948 年
本溪市第六人民医院,NA,辽宁·丹东市,公立医院,综合医院,二级甲等,1000 人以上,1948 年
