Hospital,Link,Location,Trade,Attribution,Grade,Scale,Establish
抚顺石化总医院,NA,辽宁·抚顺市,公立医院,综合医院,二级甲等,-,-
抚顺市矿务局老虎台矿职工医院,NA,辽宁·抚顺市,公立医院,综合医院,二级甲等,-,-
抚顺市铝厂职工医院,NA,辽宁·抚顺市,公立医院,综合医院,二级甲等,-,-
抚顺市顺城区中医院,NA,辽宁·抚顺市,公立医院,综合医院,二级甲等,-,-
阜新矿业集团公司平安医院,NA,辽宁·抚顺市,公立医院,综合医院,二级甲等,-,-
阜新蒙古自治县人民医院,NA,辽宁·抚顺市,公立医院,综合医院,二级甲等,-,-
阜新市第六人民医院,NA,辽宁·抚顺市,公立医院,综合医院,二级甲等,-,-
阜新市第三人民医院,NA,辽宁·抚顺市,公立医院,综合医院,二级甲等,-,-
阜新市第四人民医院,NA,辽宁·抚顺市,公立医院,综合医院,二级甲等,-,-
阜新市第五人民医院,NA,辽宁·抚顺市,公立医院,综合医院,二级甲等,-,-
阜新市糖尿病医院,NA,辽宁·抚顺市,公立医院,综合医院,二级甲等,-,-
盖州骨科医院,NA,辽宁·抚顺市,公立医院,综合医院,二级甲等,-,-
盖州市红十字会医院,NA,辽宁·抚顺市,公立医院,综合医院,二级甲等,-,-
盖州市中心医院,NA,辽宁·抚顺市,公立医院,综合医院,二级甲等,-,-
海城广济医院,NA,辽宁·抚顺市,公立医院,综合医院,二级甲等,-,-
黑山县第一人民医院,NA,辽宁·抚顺市,公立医院,综合医院,二级甲等,-,-
黑山县第一人民医院一分院,NA,辽宁·抚顺市,公立医院,综合医院,二级甲等,-,-
黑山县中医院,NA,辽宁·抚顺市,公立医院,综合医院,二级甲等,-,-
葫芦岛惠好妇女儿童医院,NA,辽宁·抚顺市,公立医院,综合医院,二级甲等,-,-
葫芦岛市连山区人民医院,NA,辽宁·抚顺市,公立医院,综合医院,二级甲等,-,-
