Hospital,Link,Location,Trade,Attribution,Grade,Scale,Establish
沈阳维康医院,NA,辽宁·沈阳市,民营医院,综合医院,三级医院,-,2009 年
沈阳祥云皮肤病医院,NA,辽宁·沈阳市,民营医院,综合医院,三级医院,-,2009 年
绥中县医院,NA,辽宁·沈阳市,民营医院,综合医院,三级医院,-,2009 年
兴城市人民医院,NA,辽宁·沈阳市,民营医院,综合医院,三级医院,-,2009 年
新民市人民医院,NA,辽宁·沈阳市,民营医院,综合医院,三级医院,-,2009 年
营口市第四人民医院,NA,辽宁·沈阳市,民营医院,综合医院,三级医院,-,2009 年
朝阳市中医院,NA,辽宁·沈阳市,民营医院,综合医院,三级医院,-,2009 年
庄河九洲世纪医院,NA,辽宁·沈阳市,民营医院,综合医院,三级医院,-,2009 年
庄河市中心医院,NA,辽宁·沈阳市,民营医院,综合医院,三级医院,-,2009 年
