Hospital,Link,Location,Trade,Attribution,Grade,Scale,Establish
葫芦岛惠民医院,NA,辽宁·葫芦岛市,公立医院,综合医院,二级乙等,-,2011 年
葫芦岛市化机医院,NA,辽宁·葫芦岛市,公立医院,综合医院,二级乙等,-,2011 年
葫芦岛同生医院,NA,辽宁·葫芦岛市,公立医院,综合医院,二级乙等,-,2011 年
锦山厂职工医院,NA,辽宁·葫芦岛市,公立医院,综合医院,二级乙等,-,2011 年
康平县中医院,NA,辽宁·葫芦岛市,公立医院,综合医院,二级乙等,-,2011 年
宽甸县社区医院,NA,辽宁·葫芦岛市,公立医院,综合医院,二级乙等,-,2011 年
辽阳县中医整骨医院,NA,辽宁·葫芦岛市,公立医院,综合医院,二级乙等,-,2011 年
沈阳市于洪区红十字会医院,NA,辽宁·葫芦岛市,公立医院,综合医院,二级乙等,-,2011 年
沈阳市于洪区中医院,NA,辽宁·葫芦岛市,公立医院,综合医院,二级乙等,-,2011 年
瓦房店市第五人民医院,NA,辽宁·葫芦岛市,公立医院,综合医院,二级乙等,-,2011 年
新宾满族自治县中医院,NA,辽宁·葫芦岛市,公立医院,综合医院,二级乙等,-,2011 年
新民市康复医院,NA,辽宁·葫芦岛市,公立医院,综合医院,二级乙等,-,2011 年
岫岩县第二人民医院,NA,辽宁·葫芦岛市,公立医院,综合医院,二级乙等,-,2011 年
营口经济技术开发区惠民中医院,NA,辽宁·葫芦岛市,公立医院,综合医院,二级乙等,-,2011 年
营口南楼经济开发区医院,NA,辽宁·葫芦岛市,公立医院,综合医院,二级乙等,-,2011 年
营口市口腔医院,NA,辽宁·葫芦岛市,公立医院,综合医院,二级乙等,-,2011 年
营口市中西医结合医院,NA,辽宁·葫芦岛市,公立医院,综合医院,二级乙等,-,2011 年
朝阳市康宁医院,NA,辽宁·葫芦岛市,公立医院,综合医院,二级乙等,-,2011 年
中国第三冶金建设公司职工医院,NA,辽宁·葫芦岛市,公立医院,综合医院,二级乙等,-,2011 年
新宾满族自治县中医院,NA,辽宁·葫芦岛市,公立医院,综合医院,二级乙等,-,2011 年
