Hospital,Link,Location,Trade,Attribution,Grade,Scale,Establish
大连市众益口腔医院,NA,辽宁·大连市,民营医院,专科医院,二级医院,-,-
丹东市振兴区医院,NA,辽宁·大连市,民营医院,专科医院,二级医院,-,-
大石桥市陆合医院,NA,辽宁·大连市,民营医院,专科医院,二级医院,-,-
东港孤山红星医院,NA,辽宁·大连市,民营医院,专科医院,二级医院,-,-
凤城市骨科医院,NA,辽宁·大连市,民营医院,专科医院,二级医院,-,-
抚矿三公司医院,NA,辽宁·大连市,民营医院,专科医院,二级医院,-,-
抚顺市社会保险事业管理局医院,NA,辽宁·大连市,民营医院,专科医院,二级医院,-,-
抚顺市顺城区人民医院,NA,辽宁·大连市,民营医院,专科医院,二级医院,-,-
抚顺市新抚区新抚街道社区卫生服务中心,NA,辽宁·大连市,民营医院,专科医院,二级医院,-,-
抚顺县人民医院,NA,辽宁·大连市,民营医院,专科医院,二级医院,-,-
阜新红十字铭仁眼科医院,NA,辽宁·大连市,民营医院,专科医院,二级医院,-,-
阜新矿业集团公司海州矿集体医院,NA,辽宁·大连市,民营医院,专科医院,二级医院,-,-
盖州市第三人民医院,NA,辽宁·大连市,民营医院,专科医院,二级医院,-,-
盖州阳光医院,NA,辽宁·大连市,民营医院,专科医院,二级医院,-,-
海城瑞天肾病医院,NA,辽宁·大连市,民营医院,专科医院,二级医院,-,-
合肥丹凤朝阳妇产医院,NA,辽宁·大连市,民营医院,专科医院,二级医院,-,-
黑山县第二人民医院,NA,辽宁·大连市,民营医院,专科医院,二级医院,-,-
皇姑区牙病防治所,NA,辽宁·大连市,民营医院,专科医院,二级医院,-,-
葫芦岛肛肠医院,NA,辽宁·大连市,民营医院,专科医院,二级医院,-,-
葫芦岛广霁医院,NA,辽宁·大连市,民营医院,专科医院,二级医院,-,-
