Hospital,Link,Location,Trade,Attribution,Grade,Scale,Establish
葫芦岛市妇婴医院,NA,辽宁·葫芦岛市,公立医院,专科医院,二级医院,-,1991 年
葫芦岛市红十字天合医院,NA,辽宁·葫芦岛市,公立医院,专科医院,二级医院,-,1991 年
葫芦岛市口腔医院,NA,辽宁·葫芦岛市,公立医院,专科医院,二级医院,-,1991 年
葫芦岛市连山区医学会新兴医院,NA,辽宁·葫芦岛市,公立医院,专科医院,二级医院,-,1991 年
葫芦岛市眼科医院,NA,辽宁·葫芦岛市,公立医院,专科医院,二级医院,-,1991 年
建昌县康复医院,NA,辽宁·葫芦岛市,公立医院,专科医院,二级医院,-,1991 年
建平县中医院,NA,辽宁·葫芦岛市,公立医院,专科医院,二级医院,-,1991 年
锦州安泰医院,NA,辽宁·葫芦岛市,公立医院,专科医院,二级医院,-,1991 年
锦州北湖医院,NA,辽宁·葫芦岛市,公立医院,专科医院,二级医院,-,1991 年
锦州纺织厂职工医院,NA,辽宁·葫芦岛市,公立医院,专科医院,二级医院,-,1991 年
锦州铁合金医院,NA,辽宁·葫芦岛市,公立医院,专科医院,二级医院,-,1991 年
锦州友谊医院,NA,辽宁·葫芦岛市,公立医院,专科医院,二级医院,-,1991 年
锦州中医骨伤康复医院,NA,辽宁·葫芦岛市,公立医院,专科医院,二级医院,-,1991 年
开原市妇女儿童医院,NA,辽宁·葫芦岛市,公立医院,专科医院,二级医院,-,1991 年
开原市骨科医院,NA,辽宁·葫芦岛市,公立医院,专科医院,二级医院,-,1991 年
老边区妇产儿童医院,NA,辽宁·葫芦岛市,公立医院,专科医院,二级医院,-,1991 年
辽宁省东方医疗研究院临床医院,NA,辽宁·葫芦岛市,公立医院,专科医院,二级医院,-,1991 年
辽宁省发育迟缓儿童康复中心,NA,辽宁·葫芦岛市,公立医院,专科医院,二级医院,-,1991 年
辽宁省辽阳第二监狱职工医院,NA,辽宁·葫芦岛市,公立医院,专科医院,二级医院,-,1991 年
辽宁省肿瘤医院中西医大东医院,NA,辽宁·葫芦岛市,公立医院,专科医院,二级医院,-,1991 年
