Hospital,Link,Location,Trade,Attribution,Grade,Scale,Establish
葫芦岛市龙港区人民医院,NA,辽宁·葫芦岛市,公立医院,综合医院,二级甲等,-,1958 年
建昌县第一医院,NA,辽宁·葫芦岛市,公立医院,综合医院,二级甲等,-,1958 年
建昌县脑科医院,NA,辽宁·葫芦岛市,公立医院,综合医院,二级甲等,-,1958 年
建昌县中医院,NA,辽宁·葫芦岛市,公立医院,综合医院,二级甲等,-,1958 年
锦西化工集团公司职工医院,NA,辽宁·葫芦岛市,公立医院,综合医院,二级甲等,-,1958 年
锦西炼油厂职工医院,NA,辽宁·葫芦岛市,公立医院,综合医院,二级甲等,-,1958 年
锦西石化医院,NA,辽宁·葫芦岛市,公立医院,综合医院,二级甲等,-,1958 年
锦州爱心医院,NA,辽宁·葫芦岛市,公立医院,综合医院,二级甲等,-,1958 年
锦州市妇婴医院,NA,辽宁·葫芦岛市,公立医院,综合医院,二级甲等,-,1958 年
锦州市古塔区医院,NA,辽宁·葫芦岛市,公立医院,综合医院,二级甲等,-,1958 年
锦州市古塔区中医医院,NA,辽宁·葫芦岛市,公立医院,综合医院,二级甲等,-,1958 年
锦州石化医院,NA,辽宁·葫芦岛市,公立医院,综合医院,二级甲等,-,1958 年
锦州市结核病院,NA,辽宁·葫芦岛市,公立医院,综合医院,二级甲等,-,1958 年
锦州市凌河区医院,NA,辽宁·葫芦岛市,公立医院,综合医院,二级甲等,-,1958 年
锦州市太和区医院,NA,辽宁·葫芦岛市,公立医院,综合医院,二级甲等,-,1958 年
锦州市义县人民医院,NA,辽宁·葫芦岛市,公立医院,综合医院,二级甲等,-,1958 年
开原市第一人民医院,NA,辽宁·葫芦岛市,公立医院,综合医院,二级甲等,-,1958 年
开原市中心医院,NA,辽宁·葫芦岛市,公立医院,综合医院,二级甲等,-,1958 年
康平县人民医院,NA,辽宁·葫芦岛市,公立医院,综合医院,二级甲等,-,1958 年
喀左县第一人民医院,NA,辽宁·葫芦岛市,公立医院,综合医院,二级甲等,-,1958 年
