Hospital,Link,Location,Trade,Attribution,Grade,Scale,Establish
北宁市中医院,NA,辽宁·锦州市,公立医院,专科医院,二级乙等,-,-
北票市第四人民医院,NA,辽宁·锦州市,公立医院,专科医院,二级乙等,-,-
本溪市第九人民医院,NA,辽宁·锦州市,公立医院,专科医院,二级乙等,-,-
本溪歪头山铁矿职工医院,NA,辽宁·锦州市,公立医院,专科医院,二级乙等,-,-
大连市安波理疗医院,NA,辽宁·锦州市,公立医院,专科医院,二级乙等,-,-
大连市甘井子区人民医院,NA,辽宁·锦州市,公立医院,专科医院,二级乙等,-,-
大连市金州区第二人民医院,NA,辽宁·锦州市,公立医院,专科医院,二级乙等,-,-
大连造船厂职工医院,NA,辽宁·锦州市,公立医院,专科医院,二级乙等,-,-
丹东市振安区医院,NA,辽宁·锦州市,公立医院,专科医院,二级乙等,-,-
大石桥市妇女儿童医院,NA,辽宁·锦州市,公立医院,专科医院,二级乙等,-,-
大石桥市中医院,NA,辽宁·锦州市,公立医院,专科医院,二级乙等,-,-
调兵山市人民医院,NA,辽宁·锦州市,公立医院,专科医院,二级乙等,-,-
东洲区中医院,NA,辽宁·锦州市,公立医院,专科医院,二级乙等,-,-
抚顺红透山铜矿职工医院,NA,辽宁·锦州市,公立医院,专科医院,二级乙等,-,-
抚顺市东洲区医院,NA,辽宁·锦州市,公立医院,专科医院,二级乙等,-,-
抚顺市露天区医院,NA,辽宁·锦州市,公立医院,专科医院,二级乙等,-,-
抚顺市新抚区人民医院,NA,辽宁·锦州市,公立医院,专科医院,二级乙等,-,-
盖州市第二人民医院,NA,辽宁·锦州市,公立医院,专科医院,二级乙等,-,-
海城市海州医院,NA,辽宁·锦州市,公立医院,专科医院,二级乙等,-,-
葫芦岛博爱康复医院,NA,辽宁·锦州市,公立医院,专科医院,二级乙等,-,-
