Hospital,Link,Location,Trade,Attribution,Grade,Scale,Establish
铁岭县中心医院,NA,辽宁·铁岭市,公立医院,综合医院,二级甲等,-,1949 年
铁岭职工医院,NA,辽宁·铁岭市,公立医院,综合医院,二级甲等,-,1949 年
铁西区精神卫生中心,NA,辽宁·铁岭市,公立医院,综合医院,二级甲等,-,1949 年
瓦房店妇婴医院,NA,辽宁·铁岭市,公立医院,综合医院,二级甲等,-,1949 年
瓦房店市第二医院,NA,辽宁·铁岭市,公立医院,综合医院,二级甲等,-,1949 年
西丰县第一医院,NA,辽宁·铁岭市,公立医院,综合医院,二级甲等,-,1949 年
兴城市城郊医院,NA,辽宁·铁岭市,公立医院,综合医院,二级甲等,-,1949 年
兴城市中医医院,NA,辽宁·铁岭市,公立医院,综合医院,二级甲等,-,1949 年
新民市中医院,NA,辽宁·铁岭市,公立医院,综合医院,二级甲等,-,1949 年
岫岩满族自治县中心人民医院,NA,辽宁·铁岭市,公立医院,综合医院,二级甲等,-,1949 年
岫岩满族自治县中医院,NA,辽宁·铁岭市,公立医院,综合医院,二级甲等,-,1949 年
叶柏寿铁路医院,NA,辽宁·铁岭市,公立医院,综合医院,二级甲等,-,1949 年
营口骨伤医院,NA,辽宁·铁岭市,公立医院,综合医院,二级甲等,-,1949 年
营口经济技术开发区第二人民医院,NA,辽宁·铁岭市,公立医院,综合医院,二级甲等,-,1949 年
营口经济技术开发区熊岳正骨医院,NA,辽宁·铁岭市,公立医院,综合医院,二级甲等,-,1949 年
营口市第三人民医院,NA,辽宁·铁岭市,公立医院,综合医院,二级甲等,-,1949 年
营口市妇产儿童医院,NA,辽宁·铁岭市,公立医院,综合医院,二级甲等,-,1949 年
营口市妇幼保健院,NA,辽宁·铁岭市,公立医院,综合医院,二级甲等,-,1949 年
营口市老边区人民医院,NA,辽宁·铁岭市,公立医院,综合医院,二级甲等,-,1949 年
彰武县人民医院,NA,辽宁·铁岭市,公立医院,综合医院,二级甲等,-,1949 年
