Hospital,Link,Location,Trade,Attribution,Grade,Scale,Establish
辽阳县河栏镇防保站,NA,辽宁·辽阳市,公立医院,其他,二级医院,-,2009 年
辽阳县中心医院,NA,辽宁·辽阳市,公立医院,其他,二级医院,-,2009 年
辽中县精神病医院,NA,辽宁·辽阳市,公立医院,其他,二级医院,-,2009 年
凌海金城医院,NA,辽宁·辽阳市,公立医院,其他,二级医院,-,2009 年
凌河区中医院,NA,辽宁·辽阳市,公立医院,其他,二级医院,-,2009 年
凌河区中医院五里门诊,NA,辽宁·辽阳市,公立医院,其他,二级医院,-,2009 年
凌源妇女儿童医院,NA,辽宁·辽阳市,公立医院,其他,二级医院,-,2009 年
盘锦妇外医院,NA,辽宁·辽阳市,公立医院,其他,二级医院,-,2009 年
盘锦铁十三局医院,NA,辽宁·辽阳市,公立医院,其他,二级医院,-,2009 年
沈河区第二人民医院,NA,辽宁·辽阳市,公立医院,其他,二级医院,-,2009 年
沈河区第二中医院,NA,辽宁·辽阳市,公立医院,其他,二级医院,-,2009 年
沈阳博仕医院,NA,辽宁·辽阳市,公立医院,其他,二级医院,-,2009 年
沈阳枫嘉中医院,NA,辽宁·辽阳市,公立医院,其他,二级医院,-,2009 年
沈阳阜康中西医结合医院,NA,辽宁·辽阳市,公立医院,其他,二级医院,-,2009 年
沈阳广济医院,NA,辽宁·辽阳市,公立医院,其他,二级医院,-,2009 年
沈阳华泰中医院,NA,辽宁·辽阳市,公立医院,其他,二级医院,-,2009 年
沈阳静安医院,NA,辽宁·辽阳市,公立医院,其他,二级医院,-,2009 年
沈阳九州家圆医院,NA,辽宁·辽阳市,公立医院,其他,二级医院,-,2009 年
沈阳辽北中医院,NA,辽宁·辽阳市,公立医院,其他,二级医院,-,2009 年
沈阳市皇姑区妇婴医院,NA,辽宁·辽阳市,公立医院,其他,二级医院,-,2009 年
