Hospital,Link,Location,Trade,Attribution,Grade,Scale,Establish
中国人民解放军联勤保障部队第九六八医院,NA,辽宁·锦州市,公立医院,综合医院,三级甲等,-,-
中国人民解放军联勤保障部队第九六七医院,NA,辽宁·锦州市,公立医院,综合医院,三级甲等,-,-
中国人民武警部队辽宁省总队医院,NA,辽宁·锦州市,公立医院,综合医院,三级甲等,-,-
中国医科大学附属第四医院,NA,辽宁·锦州市,公立医院,综合医院,三级甲等,-,-
中国医科大学附属第一医院鞍山医院,NA,辽宁·锦州市,公立医院,综合医院,三级甲等,-,-
中国医科大学附属口腔医院,NA,辽宁·锦州市,公立医院,综合医院,三级甲等,-,-
中国医科大学附属盛京医院,NA,辽宁·锦州市,公立医院,综合医院,三级甲等,-,-
