Hospital,Link,Location,Trade,Attribution,Grade,Scale,Establish
盘锦市中心医院,NA,辽宁·盘锦市,公立医院,综合医院,三级甲等,-,1948 年
盘锦市中心医院妇产院区,NA,辽宁·盘锦市,公立医院,综合医院,三级甲等,-,1948 年
沈阳市第七人民医院,NA,辽宁·盘锦市,公立医院,综合医院,三级甲等,-,1948 年
沈阳市第四人民医院,NA,辽宁·盘锦市,公立医院,综合医院,三级甲等,-,1948 年
沈阳市第五人民医院,NA,辽宁·盘锦市,公立医院,综合医院,三级甲等,-,1948 年
沈阳市肛肠医院,NA,辽宁·盘锦市,公立医院,综合医院,三级甲等,-,1948 年
沈阳市骨科医院,NA,辽宁·盘锦市,公立医院,综合医院,三级甲等,-,1948 年
沈阳市中医院,NA,辽宁·盘锦市,公立医院,综合医院,三级甲等,-,1948 年
沈阳医学院附属第二医院,NA,辽宁·盘锦市,公立医院,综合医院,三级甲等,-,1948 年
沈阳医学院附属中心医院,NA,辽宁·盘锦市,公立医院,综合医院,三级甲等,-,1948 年
铁岭市中心医院,NA,辽宁·盘锦市,公立医院,综合医院,三级甲等,-,1948 年
营口市中心医院,NA,辽宁·盘锦市,公立医院,综合医院,三级甲等,-,1948 年
朝阳市第二医院,NA,辽宁·盘锦市,公立医院,综合医院,三级甲等,-,1948 年
朝阳市中心医院,NA,辽宁·盘锦市,公立医院,综合医院,三级甲等,-,1948 年
中国人民解放军第二〇二医院,NA,辽宁·盘锦市,公立医院,综合医院,三级甲等,-,1948 年
中国人民解放军第二三Ｏ医院,NA,辽宁·盘锦市,公立医院,综合医院,三级甲等,-,1948 年
中国人民解放军第二Ｏ一医院,NA,辽宁·盘锦市,公立医院,综合医院,三级甲等,-,1948 年
中国人民解放军第三一三医院,NA,辽宁·盘锦市,公立医院,综合医院,三级甲等,-,1948 年
中国人民解放军第四六三医院,NA,辽宁·盘锦市,公立医院,综合医院,三级甲等,-,1948 年
中国人民解放军第四0六医院,NA,辽宁·盘锦市,公立医院,综合医院,三级甲等,-,1948 年
