Hospital,Link,Location,Trade,Attribution,Grade,Scale,Establish
辽阳石化总医院,NA,辽宁·辽阳市,公立医院,综合医院,二级甲等,-,-
辽阳市结核病医院,NA,辽宁·辽阳市,公立医院,综合医院,二级甲等,-,-
辽阳县中医院,NA,辽宁·辽阳市,公立医院,综合医院,二级甲等,-,-
凌海市大凌河医院,NA,辽宁·辽阳市,公立医院,综合医院,二级甲等,-,-
凌海市人民医院,NA,辽宁·辽阳市,公立医院,综合医院,二级甲等,-,-
凌海市中医院,NA,辽宁·辽阳市,公立医院,综合医院,二级甲等,-,-
凌源市凌钢医院,NA,辽宁·辽阳市,公立医院,综合医院,二级甲等,-,-
凌源市中医院,NA,辽宁·辽阳市,公立医院,综合医院,二级甲等,-,-
南票矿区总医院,NA,辽宁·辽阳市,公立医院,综合医院,二级甲等,-,-
盘锦康复医院,NA,辽宁·辽阳市,公立医院,综合医院,二级甲等,-,-
盘锦市传染病医院,NA,辽宁·辽阳市,公立医院,综合医院,二级甲等,-,-
盘锦市馥安医院,NA,辽宁·辽阳市,公立医院,综合医院,二级甲等,-,-
盘锦市中医院,NA,辽宁·辽阳市,公立医院,综合医院,二级甲等,-,-
盘山市大洼区人民医院,NA,辽宁·辽阳市,公立医院,综合医院,二级甲等,-,-
盘山县人民医院,NA,辽宁·辽阳市,公立医院,综合医院,二级甲等,-,-
普兰店区中医医院,NA,辽宁·辽阳市,公立医院,综合医院,二级甲等,-,-
清原满族自治县人民医院,NA,辽宁·辽阳市,公立医院,综合医院,二级甲等,-,-
清原县中医院,NA,辽宁·辽阳市,公立医院,综合医院,二级甲等,-,-
沈抚新城人民医院,NA,辽宁·辽阳市,公立医院,综合医院,二级甲等,-,-
沈河区牙病防治所,NA,辽宁·辽阳市,公立医院,综合医院,二级甲等,-,-
