Hospital,Link,Location,Trade,Attribution,Grade,Scale,Establish
鞍钢集团公司总医院,NA,辽宁·鞍山市,公立医院,综合医院,三级甲等,1000 人以上,1937 年
大连大学附属新华医院,NA,辽宁·鞍山市,公立医院,综合医院,三级甲等,1000 人以上,1937 年
大连市第三人民医院,NA,辽宁·鞍山市,公立医院,综合医院,三级甲等,1000 人以上,1937 年
大连市友谊医院,NA,辽宁·鞍山市,公立医院,综合医院,三级甲等,1000 人以上,1937 年
大连医科大学附属第二医院,NA,辽宁·鞍山市,公立医院,综合医院,三级甲等,1000 人以上,1937 年
大连医科大学附属第一医院,NA,辽宁·鞍山市,公立医院,综合医院,三级甲等,1000 人以上,1937 年
丹东市中心医院,NA,辽宁·鞍山市,公立医院,综合医院,三级甲等,1000 人以上,1937 年
葫芦岛市中心医院,NA,辽宁·鞍山市,公立医院,综合医院,三级甲等,1000 人以上,1937 年
锦州医科大学附属第一医院,NA,辽宁·鞍山市,公立医院,综合医院,三级甲等,1000 人以上,1937 年
铁煤集团总医院,NA,辽宁·鞍山市,公立医院,综合医院,三级甲等,1000 人以上,1937 年
疫线记录测试,NA,辽宁·鞍山市,公立医院,综合医院,三级甲等,1000 人以上,1937 年
中国医科大学附属盛京医院沈阳雍森医院,NA,辽宁·鞍山市,公立医院,综合医院,三级甲等,1000 人以上,1937 年
鞍山市双山医院,NA,辽宁·鞍山市,公立医院,综合医院,三级甲等,1000 人以上,1937 年
鞍山市中心医院,NA,辽宁·鞍山市,公立医院,综合医院,三级甲等,1000 人以上,1937 年
鞍山市中医院,NA,辽宁·鞍山市,公立医院,综合医院,三级甲等,1000 人以上,1937 年
北部战区总医院,NA,辽宁·鞍山市,公立医院,综合医院,三级甲等,1000 人以上,1937 年
北票市中医院,NA,辽宁·鞍山市,公立医院,综合医院,三级甲等,1000 人以上,1937 年
本溪钢铁集团公司总医院,NA,辽宁·鞍山市,公立医院,综合医院,三级甲等,1000 人以上,1937 年
本溪钢铁集团总医院平山门诊部,NA,辽宁·鞍山市,公立医院,综合医院,三级甲等,1000 人以上,1937 年
本溪市金山医院,NA,辽宁·鞍山市,公立医院,综合医院,三级甲等,1000 人以上,1937 年
