Hospital,Link,Location,Trade,Attribution,Grade,Scale,Establish
大石桥市中心医院,NA,辽宁·营口市,公立医院,综合医院,三级乙等,1000 人以上,1949 年
鞍山市第四医院,NA,辽宁·营口市,公立医院,综合医院,三级乙等,1000 人以上,1949 年
鞍山市汤岗子医院,NA,辽宁·营口市,公立医院,综合医院,三级乙等,1000 人以上,1949 年
昌图县中心医院,NA,辽宁·营口市,公立医院,综合医院,三级乙等,1000 人以上,1949 年
大连市金州区中医院,NA,辽宁·营口市,公立医院,综合医院,三级乙等,1000 人以上,1949 年
大连市瓦房店中医医院,NA,辽宁·营口市,公立医院,综合医院,三级乙等,1000 人以上,1949 年
抚顺市第三医院,NA,辽宁·营口市,公立医院,综合医院,三级乙等,1000 人以上,1949 年
抚顺市第五医院,NA,辽宁·营口市,公立医院,综合医院,三级乙等,1000 人以上,1949 年
阜新市中医医院,NA,辽宁·营口市,公立医院,综合医院,三级乙等,1000 人以上,1949 年
锦州市第二医院,NA,辽宁·营口市,公立医院,综合医院,三级乙等,1000 人以上,1949 年
沈阳二四五医院,NA,辽宁·营口市,公立医院,综合医院,三级乙等,1000 人以上,1949 年
沈阳市第一人民医院,NA,辽宁·营口市,公立医院,综合医院,三级乙等,1000 人以上,1949 年
沈阳市红十字会医院,NA,辽宁·营口市,公立医院,综合医院,三级乙等,1000 人以上,1949 年
铁岭市中医医院,NA,辽宁·营口市,公立医院,综合医院,三级乙等,1000 人以上,1949 年
瓦房店市中心医院,NA,辽宁·营口市,公立医院,综合医院,三级乙等,1000 人以上,1949 年
营口市经济技术开发区中心医院,NA,辽宁·营口市,公立医院,综合医院,三级乙等,1000 人以上,1949 年
中国医大盛京医院集团抚顺医院,NA,辽宁·营口市,公立医院,综合医院,三级乙等,1000 人以上,1949 年
