Hospital,Link,Location,Trade,Attribution,Grade,Scale,Establish
鞍山瑞天肾病医院,NA,辽宁·鞍山市,民营医院,综合医院,二级医院,20-99 人,2017 年
大连渤海医院,NA,辽宁·鞍山市,民营医院,综合医院,二级医院,20-99 人,2017 年
鞍山德馨医院,NA,辽宁·鞍山市,民营医院,综合医院,二级医院,20-99 人,2017 年
鞍山玛丽医院,NA,辽宁·鞍山市,民营医院,综合医院,二级医院,20-99 人,2017 年
奥新全民口腔医院,NA,辽宁·鞍山市,民营医院,综合医院,二级医院,20-99 人,2017 年
北镇市沟帮子仁爱医院,NA,辽宁·鞍山市,民营医院,综合医院,二级医院,20-99 人,2017 年
北镇市华盛医院,NA,辽宁·鞍山市,民营医院,综合医院,二级医院,20-99 人,2017 年
本溪市金山医院竖井护理院,NA,辽宁·鞍山市,民营医院,综合医院,二级医院,20-99 人,2017 年
本溪中西医结合医院,NA,辽宁·鞍山市,民营医院,综合医院,二级医院,20-99 人,2017 年
昌图新区医院,NA,辽宁·鞍山市,民营医院,综合医院,二级医院,20-99 人,2017 年
大连保税区医院,NA,辽宁·鞍山市,民营医院,综合医院,二级医院,20-99 人,2017 年
大连船舶康复医院,NA,辽宁·鞍山市,民营医院,综合医院,二级医院,20-99 人,2017 年
大连大学附属瓦房店医院,NA,辽宁·鞍山市,民营医院,综合医院,二级医院,20-99 人,2017 年
大连甘井子辛寨子中西医结合医院,NA,辽宁·鞍山市,民营医院,综合医院,二级医院,20-99 人,2017 年
大连高新区计划生育和妇幼保健中心,NA,辽宁·鞍山市,民营医院,综合医院,二级医院,20-99 人,2017 年
大连金石滩医院,NA,辽宁·鞍山市,民营医院,综合医院,二级医院,20-99 人,2017 年
大连立光康复医院,NA,辽宁·鞍山市,民营医院,综合医院,二级医院,20-99 人,2017 年
大连盛和医院,NA,辽宁·鞍山市,民营医院,综合医院,二级医院,20-99 人,2017 年
大连市汇锦中西医结合医院,NA,辽宁·鞍山市,民营医院,综合医院,二级医院,20-99 人,2017 年
大连市老年卫协血检病康复集体医院,NA,辽宁·鞍山市,民营医院,综合医院,二级医院,20-99 人,2017 年
