Hospital,Link,Location,Trade,Attribution,Grade,Scale,Establish
沈阳东药医院,NA,辽宁·沈阳市,公立医院,综合医院,二级甲等,-,1948 年
沈阳二〇一医院,NA,辽宁·沈阳市,公立医院,综合医院,二级甲等,-,1948 年
沈阳急救中心,NA,辽宁·沈阳市,公立医院,综合医院,二级甲等,-,1948 年
沈阳军区总医院北方医院,NA,辽宁·沈阳市,公立医院,综合医院,二级甲等,-,1948 年
沈阳矿务局沈阳职工总医院清水分院,NA,辽宁·沈阳市,公立医院,综合医院,二级甲等,-,1948 年
沈阳马应龙兴华肛肠医院,NA,辽宁·沈阳市,公立医院,综合医院,二级甲等,-,1948 年
沈阳美德因妇儿医院,NA,辽宁·沈阳市,公立医院,综合医院,二级甲等,-,1948 年
沈阳煤业集团公司总医院,NA,辽宁·沈阳市,公立医院,综合医院,二级甲等,-,1948 年
沈阳市博爱专科医院,NA,辽宁·沈阳市,公立医院,综合医院,二级甲等,-,1948 年
沈阳市大东区第五医院,NA,辽宁·沈阳市,公立医院,综合医院,二级甲等,-,1948 年
沈阳市大东区人民医院,NA,辽宁·沈阳市,公立医院,综合医院,二级甲等,-,1948 年
沈阳市第九人民医院,NA,辽宁·沈阳市,公立医院,综合医院,二级甲等,-,1948 年
沈阳市东塔医院,NA,辽宁·沈阳市,公立医院,综合医院,二级甲等,-,1948 年
沈阳市高丽精神病医院,NA,辽宁·沈阳市,公立医院,综合医院,二级甲等,-,1948 年
沈阳市公安医院,NA,辽宁·沈阳市,公立医院,综合医院,二级甲等,-,1948 年
沈阳市和平区红十字会医院,NA,辽宁·沈阳市,公立医院,综合医院,二级甲等,-,1948 年
沈阳市虹桥医院,NA,辽宁·沈阳市,公立医院,综合医院,二级甲等,-,1948 年
沈阳市皇姑区中心医院,NA,辽宁·沈阳市,公立医院,综合医院,二级甲等,-,1948 年
沈阳市浑南区中心医院,NA,辽宁·沈阳市,公立医院,综合医院,二级甲等,-,1948 年
沈阳市浑南新区医院,NA,辽宁·沈阳市,公立医院,综合医院,二级甲等,-,1948 年
