Hospital,Link,Location,Trade,Attribution,Grade,Scale,Establish
大连爱尔眼科医院,NA,辽宁·大连市,民营医院,专科医院,三级医院,100-499 人,2015 年
大连港医院,NA,辽宁·大连市,民营医院,专科医院,三级医院,100-499 人,2015 年
葫芦岛市第二人民医院,NA,辽宁·大连市,民营医院,专科医院,三级医院,100-499 人,2015 年
沈阳何氏眼科医院,NA,辽宁·大连市,民营医院,专科医院,三级医院,100-499 人,2015 年
沈阳市儿童医院,NA,辽宁·大连市,民营医院,专科医院,三级医院,100-499 人,2015 年
瓦房店第三医院,NA,辽宁·大连市,民营医院,专科医院,三级医院,100-499 人,2015 年
辽宁爱尔眼科医院,NA,辽宁·大连市,民营医院,专科医院,三级医院,100-499 人,2015 年
鞍山市第二医院,NA,辽宁·大连市,民营医院,专科医院,三级医院,100-499 人,2015 年
鞍山市第三医院,NA,辽宁·大连市,民营医院,专科医院,三级医院,100-499 人,2015 年
鞍山市妇儿医院,NA,辽宁·大连市,民营医院,专科医院,三级医院,100-499 人,2015 年
鞍山市精神卫生中心,NA,辽宁·大连市,民营医院,专科医院,三级医院,100-499 人,2015 年
鞍山市康宁医院,NA,辽宁·大连市,民营医院,专科医院,三级医院,100-499 人,2015 年
北票市中心医院,NA,辽宁·大连市,民营医院,专科医院,三级医院,100-499 人,2015 年
大连市第六人民医院,NA,辽宁·大连市,民营医院,专科医院,三级医院,100-499 人,2015 年
大连市第七人民医院,NA,辽宁·大连市,民营医院,专科医院,三级医院,100-499 人,2015 年
大连市第四人民医院,NA,辽宁·大连市,民营医院,专科医院,三级医院,100-499 人,2015 年
大连市第五人民医院,NA,辽宁·大连市,民营医院,专科医院,三级医院,100-499 人,2015 年
大连市金州区第一人民医院,NA,辽宁·大连市,民营医院,专科医院,三级医院,100-499 人,2015 年
大连市口腔医院,NA,辽宁·大连市,民营医院,专科医院,三级医院,100-499 人,2015 年
大连新区口腔医院,NA,辽宁·大连市,民营医院,专科医院,三级医院,100-499 人,2015 年
