Hospital,Link,Location,Trade,Attribution,Grade,Scale,Establish
宽甸县中医院,NA,辽宁·丹东市,公立医院,专科医院,二级甲等,-,1956 年
宽甸中心医院,NA,辽宁·丹东市,公立医院,专科医院,二级甲等,-,1956 年
辽河油田第二职工医院,NA,辽宁·丹东市,公立医院,专科医院,二级甲等,-,1956 年
辽河油田妇幼医院,NA,辽宁·丹东市,公立医院,专科医院,二级甲等,-,1956 年
辽宁电力中心医院,NA,辽宁·丹东市,公立医院,专科医院,二级甲等,-,1956 年
辽宁核工业总医院,NA,辽宁·丹东市,公立医院,专科医院,二级甲等,-,1956 年
辽宁华兴机电有限公司华兴医院,NA,辽宁·丹东市,公立医院,专科医院,二级甲等,-,1956 年
辽宁省健康产业集团本钢胸科医院,NA,辽宁·丹东市,公立医院,专科医院,二级甲等,-,1956 年
辽宁省健康产业集团抚矿西露天医院,NA,辽宁·丹东市,公立医院,专科医院,二级甲等,-,1956 年
辽宁省监狱管理局医院,NA,辽宁·丹东市,公立医院,专科医院,二级甲等,-,1956 年
辽宁省监狱管理局总医院第二分院,NA,辽宁·丹东市,公立医院,专科医院,二级甲等,-,1956 年
辽宁省凌源市监狱管理分局中心医院,NA,辽宁·丹东市,公立医院,专科医院,二级甲等,-,1956 年
辽宁省糖尿病治疗中心,NA,辽宁·丹东市,公立医院,专科医院,二级甲等,-,1956 年
辽宁西磁研究中心血磁医院,NA,辽宁·丹东市,公立医院,专科医院,二级甲等,-,1956 年
辽阳妇产医院,NA,辽宁·丹东市,公立医院,专科医院,二级甲等,-,1956 年
辽阳市第八人民医院,NA,辽宁·丹东市,公立医院,专科医院,二级甲等,-,1956 年
辽阳市第二人民医院,NA,辽宁·丹东市,公立医院,专科医院,二级甲等,-,1956 年
辽阳市第九人民医院,NA,辽宁·丹东市,公立医院,专科医院,二级甲等,-,1956 年
辽阳市第六人民医院,NA,辽宁·丹东市,公立医院,专科医院,二级甲等,-,1956 年
辽阳市第四人民医院,NA,辽宁·丹东市,公立医院,专科医院,二级甲等,-,1956 年
