Hospital,Link,Location,Trade,Attribution,Grade,Scale,Establish
吉林市丰满区中医院,NA,吉林·吉林市,公立医院,专科医院,二级乙等,-,1984 年
吉林市红十字会第一医院,NA,吉林·吉林市,公立医院,专科医院,二级乙等,-,1984 年
吉林市精心康复医院,NA,吉林·吉林市,公立医院,专科医院,二级乙等,-,1984 年
吉林市口腔医院,NA,吉林·吉林市,公立医院,专科医院,二级乙等,-,1984 年
吉林市龙潭区医院,NA,吉林·吉林市,公立医院,专科医院,二级乙等,-,1984 年
吉林市神经精神病总医院,NA,吉林·吉林市,公立医院,专科医院,二级乙等,-,1984 年
吉林市碳素职工医院,NA,吉林·吉林市,公立医院,专科医院,二级乙等,-,1984 年
吉林碳素总厂医院,NA,吉林·吉林市,公立医院,专科医院,二级乙等,-,1984 年
吉林铁合金厂职工医院,NA,吉林·吉林市,公立医院,专科医院,二级乙等,-,1984 年
吉林新世纪医院,NA,吉林·吉林市,公立医院,专科医院,二级乙等,-,1984 年
吉林造纸业股份公司职工医院,NA,吉林·吉林市,公立医院,专科医院,二级乙等,-,1984 年
靖宇县人民医院,NA,吉林·吉林市,公立医院,专科医院,二级乙等,-,1984 年
林镍业公司职工医院,NA,吉林·吉林市,公立医院,专科医院,二级乙等,-,1984 年
梨树县第二人民医院,NA,吉林·吉林市,公立医院,专科医院,二级乙等,-,1984 年
柳河县中医院,NA,吉林·吉林市,公立医院,专科医院,二级乙等,-,1984 年
梅河口市新华医院,NA,吉林·吉林市,公立医院,专科医院,二级乙等,-,1984 年
梅河口市友谊医院,NA,吉林·吉林市,公立医院,专科医院,二级乙等,-,1984 年
梅河口市中医院,NA,吉林·吉林市,公立医院,专科医院,二级乙等,-,1984 年
农安县第二医院,NA,吉林·吉林市,公立医院,专科医院,二级乙等,-,1984 年
磐石市中医院,NA,吉林·吉林市,公立医院,专科医院,二级乙等,-,1984 年
