Hospital,Link,Location,Trade,Attribution,Grade,Scale,Establish
四平爱龄奇医院,NA,吉林·四平市,民营医院,综合医院,二级甲等,-,1943 年
四平市传染病医院,NA,吉林·四平市,民营医院,综合医院,二级甲等,-,1943 年
四平市第四人民医院,NA,吉林·四平市,民营医院,综合医院,二级甲等,-,1943 年
四平市结核病院,NA,吉林·四平市,民营医院,综合医院,二级甲等,-,1943 年
四平市口腔医院,NA,吉林·四平市,民营医院,综合医院,二级甲等,-,1943 年
四平卫校临床医院,NA,吉林·四平市,民营医院,综合医院,二级甲等,-,1943 年
四平中韩妇女儿童医院,NA,吉林·四平市,民营医院,综合医院,二级甲等,-,1943 年
松原市宁江区中医院,NA,吉林·四平市,民营医院,综合医院,二级甲等,-,1943 年
洮南市第一医院,NA,吉林·四平市,民营医院,综合医院,二级甲等,-,1943 年
洮南市中医院,NA,吉林·四平市,民营医院,综合医院,二级甲等,-,1943 年
通化市第二人民医院,NA,吉林·四平市,民营医院,综合医院,二级甲等,-,1943 年
通化市人民医院,NA,吉林·四平市,民营医院,综合医院,二级甲等,-,1943 年
通化县人民医院,NA,吉林·四平市,民营医院,综合医院,二级甲等,-,1943 年
通化县中医院,NA,吉林·四平市,民营医院,综合医院,二级甲等,-,1943 年
通榆县第一医院,NA,吉林·四平市,民营医院,综合医院,二级甲等,-,1943 年
图们市人民医院,NA,吉林·四平市,民营医院,综合医院,二级甲等,-,1943 年
汪清县人民医院,NA,吉林·四平市,民营医院,综合医院,二级甲等,-,1943 年
汪清县中医院,NA,吉林·四平市,民营医院,综合医院,二级甲等,-,1943 年
延边朝医医院,NA,吉林·四平市,民营医院,综合医院,二级甲等,-,1943 年
延边第二人民医院,NA,吉林·四平市,民营医院,综合医院,二级甲等,-,1943 年
