Hospital,Link,Location,Trade,Attribution,Grade,Scale,Establish
集安市第二人民医院,NA,吉林·通化市,公立医院,综合医院,二级甲等,-,-
蛟河市人民医院,NA,吉林·通化市,公立医院,综合医院,二级甲等,-,-
吉林大学第二医院民康医院,NA,吉林·通化市,公立医院,综合医院,二级甲等,-,-
吉林普济医院,NA,吉林·通化市,公立医院,综合医院,二级甲等,-,-
吉林省辽源市第二人民医院,NA,吉林·通化市,公立医院,综合医院,二级甲等,-,-
吉林市传染病医院,NA,吉林·通化市,公立医院,综合医院,二级甲等,-,-
吉林市儿童医院,NA,吉林·通化市,公立医院,综合医院,二级甲等,-,-
吉林市骨伤医院,NA,吉林·通化市,公立医院,综合医院,二级甲等,-,-
吉林市江湾创伤医院,NA,吉林·通化市,公立医院,综合医院,二级甲等,-,-
吉林市康圣医院,NA,吉林·通化市,公立医院,综合医院,二级甲等,-,-
吉林石油集团职工总医院,NA,吉林·通化市,公立医院,综合医院,二级甲等,-,-
吉林卫校附属医院,NA,吉林·通化市,公立医院,综合医院,二级甲等,-,-
吉林新华医院,NA,吉林·通化市,公立医院,综合医院,二级甲等,-,-
吉林延安医院,NA,吉林·通化市,公立医院,综合医院,二级甲等,-,-
吉林油田江北医院,NA,吉林·通化市,公立医院,综合医院,二级甲等,-,-
吉林月潭康复医院,NA,吉林·通化市,公立医院,综合医院,二级甲等,-,-
靖宇县中医院,NA,吉林·通化市,公立医院,综合医院,二级甲等,-,-
九台市第三人民医院,NA,吉林·通化市,公立医院,综合医院,二级甲等,-,-
九台市人民医院,NA,吉林·通化市,公立医院,综合医院,二级甲等,-,-
辽源矿务局总医院,NA,吉林·通化市,公立医院,综合医院,二级甲等,-,-
