Hospital,Link,Location,Trade,Attribution,Grade,Scale,Establish
四平肿瘤医院,NA,吉林·四平市,民营医院,专科医院,二级医院,100-499 人,1998 年
白城市洮北区整骨医院,NA,吉林·四平市,民营医院,专科医院,二级医院,100-499 人,1998 年
长春拜博口腔医院,NA,吉林·四平市,民营医院,专科医院,二级医院,100-499 人,1998 年
长春白求恩口腔医院,NA,吉林·四平市,民营医院,专科医院,二级医院,100-499 人,1998 年
长春博大喜宝妇产医院,NA,吉林·四平市,民营医院,专科医院,二级医院,100-499 人,1998 年
长春航天医院,NA,吉林·四平市,民营医院,专科医院,二级医院,100-499 人,1998 年
长春济康医院,NA,吉林·四平市,民营医院,专科医院,二级医院,100-499 人,1998 年
长春净月经济开发区生殖保健医院,NA,吉林·四平市,民营医院,专科医院,二级医院,100-499 人,1998 年
长春静珠妇产科医院,NA,吉林·四平市,民营医院,专科医院,二级医院,100-499 人,1998 年
长春民安医院,NA,吉林·四平市,民营医院,专科医院,二级医院,100-499 人,1998 年
长春仁安中医院,NA,吉林·四平市,民营医院,专科医院,二级医院,100-499 人,1998 年
长春市绿园区中医院,NA,吉林·四平市,民营医院,专科医院,二级医院,100-499 人,1998 年
长春兴泰医院,NA,吉林·四平市,民营医院,专科医院,二级医院,100-499 人,1998 年
长春阳光妇科医院,NA,吉林·四平市,民营医院,专科医院,二级医院,100-499 人,1998 年
长春肿瘤医院,NA,吉林·四平市,民营医院,专科医院,二级医院,100-499 人,1998 年
长岭和谐医院,NA,吉林·四平市,民营医院,专科医院,二级医院,100-499 人,1998 年
德惠米沙子镇惠康医院,NA,吉林·四平市,民营医院,专科医院,二级医院,100-499 人,1998 年
德惠市民心医院,NA,吉林·四平市,民营医院,专科医院,二级医院,100-499 人,1998 年
东丰县医院,NA,吉林·四平市,民营医院,专科医院,二级医院,100-499 人,1998 年
抚松新城医院,NA,吉林·四平市,民营医院,专科医院,二级医院,100-499 人,1998 年
