Hospital,Link,Location,Trade,Attribution,Grade,Scale,Establish
敦化市医院,NA,吉林·延边朝鲜族自治州,公立医院,综合医院,二级甲等,1000 人以上,1947 年
吉林市妇产医院,NA,吉林·延边朝鲜族自治州,公立医院,综合医院,二级甲等,1000 人以上,1947 年
安图县人民医院,NA,吉林·延边朝鲜族自治州,公立医院,综合医院,二级甲等,1000 人以上,1947 年
白城市洮南神经精神病医院,NA,吉林·延边朝鲜族自治州,公立医院,综合医院,二级甲等,1000 人以上,1947 年
白城市医院,NA,吉林·延边朝鲜族自治州,公立医院,综合医院,二级甲等,1000 人以上,1947 年
白城医学高等专科学校附属医院,NA,吉林·延边朝鲜族自治州,公立医院,综合医院,二级甲等,1000 人以上,1947 年
白城中医院,NA,吉林·延边朝鲜族自治州,公立医院,综合医院,二级甲等,1000 人以上,1947 年
白山市红十字会医院,NA,吉林·延边朝鲜族自治州,公立医院,综合医院,二级甲等,1000 人以上,1947 年
白山市江源区人民医院,NA,吉林·延边朝鲜族自治州,公立医院,综合医院,二级甲等,1000 人以上,1947 年
白山市中医医院,NA,吉林·延边朝鲜族自治州,公立医院,综合医院,二级甲等,1000 人以上,1947 年
长白朝鲜族自治县医院,NA,吉林·延边朝鲜族自治州,公立医院,综合医院,二级甲等,1000 人以上,1947 年
长春八一医院,NA,吉林·延边朝鲜族自治州,公立医院,综合医院,二级甲等,1000 人以上,1947 年
长春恒康中医医院,NA,吉林·延边朝鲜族自治州,公立医院,综合医院,二级甲等,1000 人以上,1947 年
长春经济技术开发区中心医院,NA,吉林·延边朝鲜族自治州,公立医院,综合医院,二级甲等,1000 人以上,1947 年
长春康弘医院,NA,吉林·延边朝鲜族自治州,公立医院,综合医院,二级甲等,1000 人以上,1947 年
长春市第二医院,NA,吉林·延边朝鲜族自治州,公立医院,综合医院,二级甲等,1000 人以上,1947 年
长春市第六医院,NA,吉林·延边朝鲜族自治州,公立医院,综合医院,二级甲等,1000 人以上,1947 年
长春市结核病医院,NA,吉林·延边朝鲜族自治州,公立医院,综合医院,二级甲等,1000 人以上,1947 年
长春市绿园区人民医院,NA,吉林·延边朝鲜族自治州,公立医院,综合医院,二级甲等,1000 人以上,1947 年
长岭县第二医院,NA,吉林·延边朝鲜族自治州,公立医院,综合医院,二级甲等,1000 人以上,1947 年
