Hospital,Link,Location,Trade,Attribution,Grade,Scale,Establish
白城中心医院,NA,吉林·白城市,公立医院,综合医院,三级乙等,-,1972 年
白山市中心医院,NA,吉林·白城市,公立医院,综合医院,三级乙等,-,1972 年
蛟河市第二人民医院,NA,吉林·白城市,公立医院,综合医院,三级乙等,-,1972 年
吉林省武警总队医院,NA,吉林·白城市,公立医院,综合医院,三级乙等,-,1972 年
辽源矿业集团职工总医院,NA,吉林·白城市,公立医院,综合医院,三级乙等,-,1972 年
辽源市中心医院,NA,吉林·白城市,公立医院,综合医院,三级乙等,-,1972 年
四平市第一人民医院,NA,吉林·白城市,公立医院,综合医院,三级乙等,-,1972 年
四平市中医医院,NA,吉林·白城市,公立医院,综合医院,三级乙等,-,1972 年
通化矿业集团有限责任公司总医院,NA,吉林·白城市,公立医院,综合医院,三级乙等,-,1972 年
中国人民解放军第208医院461临床部,NA,吉林·白城市,公立医院,综合医院,三级乙等,-,1972 年
