Hospital,Link,Location,Trade,Attribution,Grade,Scale,Establish
大安市第四人民医院,NA,吉林·白城市,公立医院,综合医院,二级乙等,-,1966 年
东北师范大学校医院,NA,吉林·白城市,公立医院,综合医院,二级乙等,-,1966 年
东丰县宝康医院,NA,吉林·白城市,公立医院,综合医院,二级乙等,-,1966 年
二道区医院,NA,吉林·白城市,公立医院,综合医院,二级乙等,-,1966 年
扶余县第二人民医院,NA,吉林·白城市,公立医院,综合医院,二级乙等,-,1966 年
郭化市大石头林业局职工医院,NA,吉林·白城市,公立医院,综合医院,二级乙等,-,1966 年
桦甸市红林医院,NA,吉林·白城市,公立医院,综合医院,二级乙等,-,1966 年
辉南县康达医院,NA,吉林·白城市,公立医院,综合医院,二级乙等,-,1966 年
集安市医院,NA,吉林·白城市,公立医院,综合医院,二级乙等,-,1966 年
蛟河市中医院,NA,吉林·白城市,公立医院,综合医院,二级乙等,-,1966 年
吉林大学第一医院邮电医院,NA,吉林·白城市,公立医院,综合医院,二级乙等,-,1966 年
吉林大学南岭校区医院,NA,吉林·白城市,公立医院,综合医院,二级乙等,-,1966 年
吉林大学前卫校区校医院,NA,吉林·白城市,公立医院,综合医院,二级乙等,-,1966 年
吉林镍业德仁医院,NA,吉林·白城市,公立医院,综合医院,二级乙等,-,1966 年
吉林省监狱管理局中心医院,NA,吉林·白城市,公立医院,综合医院,二级乙等,-,1966 年
吉林省胜利医院,NA,吉林·白城市,公立医院,综合医院,二级乙等,-,1966 年
吉林省湾沟林区医院,NA,吉林·白城市,公立医院,综合医院,二级乙等,-,1966 年
吉林市船营区中医院,NA,吉林·白城市,公立医院,综合医院,二级乙等,-,1966 年
吉林市第六人民医院,NA,吉林·白城市,公立医院,综合医院,二级乙等,-,1966 年
吉林市凤凰妇产医院,NA,吉林·白城市,公立医院,综合医院,二级乙等,-,1966 年
