Hospital,Link,Location,Trade,Attribution,Grade,Scale,Establish
公主岭市中心医院,NA,吉林·四平市,公立医院,综合医院,二级医院,-,1948 年
和龙市中医院,NA,吉林·四平市,公立医院,综合医院,二级医院,-,1948 年
吉林不孕不育医院,NA,吉林·四平市,公立医院,综合医院,二级医院,-,1948 年
吉林国健妇产医院,NA,吉林·四平市,公立医院,综合医院,二级医院,-,1948 年
吉林国盛弘医堂中医医院,NA,吉林·四平市,公立医院,综合医院,二级医院,-,1948 年
吉林省长白山池南区人民医院,NA,吉林·四平市,公立医院,综合医院,二级医院,-,1948 年
吉林省春光康复医院,NA,吉林·四平市,公立医院,综合医院,二级医院,-,1948 年
吉林省电力医院,NA,吉林·四平市,公立医院,综合医院,二级医院,-,1948 年
吉林省肢体伤残康复医院,NA,吉林·四平市,公立医院,综合医院,二级医院,-,1948 年
吉林省职业病防治院,NA,吉林·四平市,公立医院,综合医院,二级医院,-,1948 年
吉林市昌邑区医院,NA,吉林·四平市,公立医院,综合医院,二级医院,-,1948 年
吉林市丰满区医院,NA,吉林·四平市,公立医院,综合医院,二级医院,-,1948 年
吉林市吉康口腔医院,NA,吉林·四平市,公立医院,综合医院,二级医院,-,1948 年
吉林市龙潭区铁东医院,NA,吉林·四平市,公立医院,综合医院,二级医院,-,1948 年
吉林市新世纪医院门诊部,NA,吉林·四平市,公立医院,综合医院,二级医院,-,1948 年
吉林市阳光妇科医院,NA,吉林·四平市,公立医院,综合医院,二级医院,-,1948 年
吉林市正大博华心脏病医院,NA,吉林·四平市,公立医院,综合医院,二级医院,-,1948 年
吉林万博康复医院,NA,吉林·四平市,公立医院,综合医院,二级医院,-,1948 年
吉林友好医院,NA,吉林·四平市,公立医院,综合医院,二级医院,-,1948 年
辽源市传染病医院,NA,吉林·四平市,公立医院,综合医院,二级医院,-,1948 年
