Hospital,Link,Location,Trade,Attribution,Grade,Scale,Establish
磐石博仁医院,NA,吉林·吉林市,民营医院,综合医院,二级医院,-,2004 年
舒兰爱民医院,NA,吉林·吉林市,民营医院,综合医院,二级医院,-,2004 年
四平辽河农垦管理区中心医院,NA,吉林·吉林市,民营医院,综合医院,二级医院,-,2004 年
松原市宁江区同心医院,NA,吉林·吉林市,民营医院,综合医院,二级医院,-,2004 年
松原迎鑫妇产医院,NA,吉林·吉林市,民营医院,综合医院,二级医院,-,2004 年
汪清林业局职工医院,NA,吉林·吉林市,民营医院,综合医院,二级医院,-,2004 年
汪清县地区医院,NA,吉林·吉林市,民营医院,综合医院,二级医院,-,2004 年
镇赉县中医院,NA,吉林·吉林市,民营医院,综合医院,二级医院,-,2004 年
长春白求恩口腔医院,NA,吉林·吉林市,民营医院,综合医院,二级医院,-,2004 年
