Hospital,Link,Location,Trade,Attribution,Grade,Scale,Establish
吉林心脑血管病专科医院,NA,·,民营医院,-,未定级,-,-
龙潭张伟镶牙所,NA,·,民营医院,-,未定级,-,-
长春新康呼吸专科医院,NA,·,民营医院,-,未定级,-,-
长春岳氏万全堂医院,NA,·,民营医院,-,未定级,-,-
长春和美妇科医院,NA,·,民营医院,-,未定级,-,-
长春天伦不孕不育医院,NA,·,民营医院,-,未定级,-,-
长春市生殖健康中心医院,NA,·,民营医院,-,未定级,-,-
长春成方中西医结合医院,NA,·,民营医院,-,未定级,-,-
长春医美美容医院,NA,·,民营医院,-,未定级,-,-
长春协和妇科医院,NA,·,民营医院,-,未定级,-,-
东辽县中医院,NA,·,民营医院,-,未定级,-,-
东辽县结核病防治所,NA,·,民营医院,-,未定级,-,-
