Hospital,Link,Location,Trade,Attribution,Grade,Scale,Establish
白山市江源区砟子镇医院,NA,吉林·白山市,公立医院,综合医院,二级丙等,-,2007 年
长春圣心积善医院,NA,吉林·白山市,公立医院,综合医院,二级丙等,-,2007 年
长春双阳虹桥医院,NA,吉林·白山市,公立医院,综合医院,二级丙等,-,2007 年
大安市第三人民医院,NA,吉林·白山市,公立医院,综合医院,二级丙等,-,2007 年
辉南县第二人民医院,NA,吉林·白山市,公立医院,综合医院,二级丙等,-,2007 年
辽源市龙山区人民医院,NA,吉林·白山市,公立医院,综合医院,二级丙等,-,2007 年
梅河口市第二医院,NA,吉林·白山市,公立医院,综合医院,二级丙等,-,2007 年
