Hospital,Link,Location,Trade,Attribution,Grade,Scale,Establish
延边妇幼保健院,NA,吉林·延边朝鲜族自治州,公立医院,专科医院,二级甲等,-,1982 年
延边脑科医院,NA,吉林·延边朝鲜族自治州,公立医院,专科医院,二级甲等,-,1982 年
延吉市医院,NA,吉林·延边朝鲜族自治州,公立医院,专科医院,二级甲等,-,1982 年
伊通满族自治县人民医院,NA,吉林·延边朝鲜族自治州,公立医院,专科医院,二级甲等,-,1982 年
永吉县第二人民医院,NA,吉林·延边朝鲜族自治州,公立医院,专科医院,二级甲等,-,1982 年
永吉县医院,NA,吉林·延边朝鲜族自治州,公立医院,专科医院,二级甲等,-,1982 年
榆树市医院,NA,吉林·延边朝鲜族自治州,公立医院,专科医院,二级甲等,-,1982 年
榆树市中医院,NA,吉林·延边朝鲜族自治州,公立医院,专科医院,二级甲等,-,1982 年
中国人民解放军65316部队医院,NA,吉林·延边朝鲜族自治州,公立医院,专科医院,二级甲等,-,1982 年
中国人民解放军第531医院,NA,吉林·延边朝鲜族自治州,公立医院,专科医院,二级甲等,-,1982 年
中国人民解放军第二Ｏ六医院,NA,吉林·延边朝鲜族自治州,公立医院,专科医院,二级甲等,-,1982 年
中国人民解放军第三二一医院,NA,吉林·延边朝鲜族自治州,公立医院,专科医院,二级甲等,-,1982 年
中国人民解放军空军公主岭市四六二医院,NA,吉林·延边朝鲜族自治州,公立医院,专科医院,二级甲等,-,1982 年
