Hospital,Link,Location,Trade,Attribution,Grade,Scale,Establish
辽源市妇婴医院,NA,吉林·辽源市,公立医院,专科医院,二级甲等,-,1974 年
临江市医院,NA,吉林·辽源市,公立医院,专科医院,二级甲等,-,1974 年
临江市友谊医院,NA,吉林·辽源市,公立医院,专科医院,二级甲等,-,1974 年
梨树县第一人民医院,NA,吉林·辽源市,公立医院,专科医院,二级甲等,-,1974 年
梨树县中医院,NA,吉林·辽源市,公立医院,专科医院,二级甲等,-,1974 年
柳河县中医医院,NA,吉林·辽源市,公立医院,专科医院,二级甲等,-,1974 年
龙井市妇幼保健院,NA,吉林·辽源市,公立医院,专科医院,二级甲等,-,1974 年
龙井市人民医院,NA,吉林·辽源市,公立医院,专科医院,二级甲等,-,1974 年
露水河林区医院,NA,吉林·辽源市,公立医院,专科医院,二级甲等,-,1974 年
农安宝华骨科医院,NA,吉林·辽源市,公立医院,专科医院,二级甲等,-,1974 年
磐石市人民医院,NA,吉林·辽源市,公立医院,专科医院,二级甲等,-,1974 年
乾安县人民医院,NA,吉林·辽源市,公立医院,专科医院,二级甲等,-,1974 年
乾安县中医医院,NA,吉林·辽源市,公立医院,专科医院,二级甲等,-,1974 年
前郭县中医院,NA,吉林·辽源市,公立医院,专科医院,二级甲等,-,1974 年
双辽市第一人民医院,NA,吉林·辽源市,公立医院,专科医院,二级甲等,-,1974 年
双辽市中心医院,NA,吉林·辽源市,公立医院,专科医院,二级甲等,-,1974 年
双辽市中医院,NA,吉林·辽源市,公立医院,专科医院,二级甲等,-,1974 年
舒兰矿业集团有限责任公司总医院,NA,吉林·辽源市,公立医院,专科医院,二级甲等,-,1974 年
舒兰矿业集团总医院,NA,吉林·辽源市,公立医院,专科医院,二级甲等,-,1974 年
舒兰市人民医院,NA,吉林·辽源市,公立医院,专科医院,二级甲等,-,1974 年
