Hospital,Link,Location,Trade,Attribution,Grade,Scale,Establish
长春嘉和外科医院,NA,吉林·长春市,民营医院,专科医院,二级乙等,20-99 人,1995 年
白山市浑江区医院,NA,吉林·长春市,民营医院,专科医院,二级乙等,20-99 人,1995 年
白山市康宁医院,NA,吉林·长春市,民营医院,专科医院,二级乙等,20-99 人,1995 年
白山市倪太医院,NA,吉林·长春市,民营医院,专科医院,二级乙等,20-99 人,1995 年
长白山保护开发区中心医院,NA,吉林·长春市,民营医院,专科医院,二级乙等,20-99 人,1995 年
长白山池北区人民医院,NA,吉林·长春市,民营医院,专科医院,二级乙等,20-99 人,1995 年
长春美年宇宸医院,NA,吉林·长春市,民营医院,专科医院,二级乙等,20-99 人,1995 年
长春市二道河子区人民医院,NA,吉林·长春市,民营医院,专科医院,二级乙等,20-99 人,1995 年
长春市二道区英俊医院,NA,吉林·长春市,民营医院,专科医院,二级乙等,20-99 人,1995 年
长春市宽城区铁北医院,NA,吉林·长春市,民营医院,专科医院,二级乙等,20-99 人,1995 年
长春市宽城区医院,NA,吉林·长春市,民营医院,专科医院,二级乙等,20-99 人,1995 年
长春市南关区曙光医院,NA,吉林·长春市,民营医院,专科医院,二级乙等,20-99 人,1995 年
长春市南关区中西医结合医院,NA,吉林·长春市,民营医院,专科医院,二级乙等,20-99 人,1995 年
长春市南关区中医院,NA,吉林·长春市,民营医院,专科医院,二级乙等,20-99 人,1995 年
长春市双阳区医院,NA,吉林·长春市,民营医院,专科医院,二级乙等,20-99 人,1995 年
长春市双阳区中医院,NA,吉林·长春市,民营医院,专科医院,二级乙等,20-99 人,1995 年
长春市朝阳区人民医院,NA,吉林·长春市,民营医院,专科医院,二级乙等,20-99 人,1995 年
长春微创肛肠医院,NA,吉林·长春市,民营医院,专科医院,二级乙等,20-99 人,1995 年
长岭宏光医院,NA,吉林·长春市,民营医院,专科医院,二级乙等,20-99 人,1995 年
大安市第二医院,NA,吉林·长春市,民营医院,专科医院,二级乙等,20-99 人,1995 年
