Hospital,Link,Location,Trade,Attribution,Grade,Scale,Establish
吉林大学中日联谊医院新民院区,NA,吉林·长春市,公立医院,综合医院,三级甲等,-,1949 年
吉林省长春市传染病医院,NA,吉林·长春市,公立医院,综合医院,三级甲等,-,1949 年
吉林省妇幼保健院,NA,吉林·长春市,公立医院,综合医院,三级甲等,-,1949 年
吉林省肝胆病医院,NA,吉林·长春市,公立医院,综合医院,三级甲等,-,1949 年
吉林省吉林中西医结合医院,NA,吉林·长春市,公立医院,综合医院,三级甲等,-,1949 年
吉林省脑科医院,NA,吉林·长春市,公立医院,综合医院,三级甲等,-,1949 年
吉林省人民医院,NA,吉林·长春市,公立医院,综合医院,三级甲等,-,1949 年
吉林省肿瘤医院,NA,吉林·长春市,公立医院,综合医院,三级甲等,-,1949 年
吉林省中医药科学院第一临床医院,NA,吉林·长春市,公立医院,综合医院,三级甲等,-,1949 年
吉林市人民医院,NA,吉林·长春市,公立医院,综合医院,三级甲等,-,1949 年
吉林市中西医结合肛肠医院,NA,吉林·长春市,公立医院,综合医院,三级甲等,-,1949 年
吉林医药学院附属医院,NA,吉林·长春市,公立医院,综合医院,三级甲等,-,1949 年
吉林油田总医院,NA,吉林·长春市,公立医院,综合医院,三级甲等,-,1949 年
康美梅河口中心医院,NA,吉林·长春市,公立医院,综合医院,三级甲等,-,1949 年
辽源市中医院,NA,吉林·长春市,公立医院,综合医院,三级甲等,-,1949 年
松原市人民医院,NA,吉林·长春市,公立医院,综合医院,三级甲等,-,1949 年
延边大学附属医院,NA,吉林·长春市,公立医院,综合医院,三级甲等,-,1949 年
延吉市中医医院,NA,吉林·长春市,公立医院,综合医院,三级甲等,-,1949 年
中国人民解放军第二〇八医院,NA,吉林·长春市,公立医院,综合医院,三级甲等,-,1949 年
中国人民解放军第二二二医院,NA,吉林·长春市,公立医院,综合医院,三级甲等,-,1949 年
