Hospital,Link,Location,Trade,Attribution,Grade,Scale,Establish
长春骨伤医院,NA,吉林·长春市,民营医院,专科医院,三级医院,100-499 人,2004 年
长春圣心心脑血管医院,NA,吉林·长春市,民营医院,专科医院,三级医院,100-499 人,2004 年
长春市人民医院,NA,吉林·长春市,民营医院,专科医院,三级医院,100-499 人,2004 年
长春一诺眼科医院,NA,吉林·长春市,民营医院,专科医院,三级医院,100-499 人,2004 年
吉林国文医院,NA,吉林·长春市,民营医院,专科医院,三级医院,100-499 人,2004 年
吉林恒达眼科医院,NA,吉林·长春市,民营医院,专科医院,三级医院,100-499 人,2004 年
吉林柳河医院,NA,吉林·长春市,民营医院,专科医院,三级医院,100-499 人,2004 年
吉林省结核病医院,NA,吉林·长春市,民营医院,专科医院,三级医院,100-499 人,2004 年
吉林省前卫医院,NA,吉林·长春市,民营医院,专科医院,三级医院,100-499 人,2004 年
吉林市第二人民医院,NA,吉林·长春市,民营医院,专科医院,三级医院,100-499 人,2004 年
农安县人民医院,NA,吉林·长春市,民营医院,专科医院,三级医院,100-499 人,2004 年
前郭县医院,NA,吉林·长春市,民营医院,专科医院,三级医院,100-499 人,2004 年
四平市妇婴医院,NA,吉林·长春市,民营医院,专科医院,三级医院,100-499 人,2004 年
松原市中心医院,NA,吉林·长春市,民营医院,专科医院,三级医院,100-499 人,2004 年
