Hospital,Link,Location,Trade,Attribution,Grade,Scale,Establish
长春中医药大学附属医院,NA,吉林·长春市,公立医院,综合医院,三级甲等,1000 人以上,1958 年
吉林大学第一医院,NA,吉林·长春市,公立医院,综合医院,三级甲等,1000 人以上,1958 年
吉林市化工医院,NA,吉林·长春市,公立医院,综合医院,三级甲等,1000 人以上,1958 年
吉林心脏病医院,NA,吉林·长春市,公立医院,综合医院,三级甲等,1000 人以上,1958 年
四平市中心人民医院,NA,吉林·长春市,公立医院,综合医院,三级甲等,1000 人以上,1958 年
通化市中心医院,NA,吉林·长春市,公立医院,综合医院,三级甲等,1000 人以上,1958 年
北华大学附属医院,NA,吉林·长春市,公立医院,综合医院,三级甲等,1000 人以上,1958 年
长春市儿童医院,NA,吉林·长春市,公立医院,综合医院,三级甲等,1000 人以上,1958 年
长春市妇产医院,NA,吉林·长春市,公立医院,综合医院,三级甲等,1000 人以上,1958 年
长春市中心医院,NA,吉林·长春市,公立医院,综合医院,三级甲等,1000 人以上,1958 年
长春市中医院,NA,吉林·长春市,公立医院,综合医院,三级甲等,1000 人以上,1958 年
长春中医药大学附属第三临床医院,NA,吉林·长春市,公立医院,综合医院,三级甲等,1000 人以上,1958 年
吉化集团公司总医院,NA,吉林·长春市,公立医院,综合医院,三级甲等,1000 人以上,1958 年
吉林大学第二医院,NA,吉林·长春市,公立医院,综合医院,三级甲等,1000 人以上,1958 年
吉林大学第二医院眼科中心,NA,吉林·长春市,公立医院,综合医院,三级甲等,1000 人以上,1958 年
吉林大学第四医院,NA,吉林·长春市,公立医院,综合医院,三级甲等,1000 人以上,1958 年
吉林大学第一医院二部,NA,吉林·长春市,公立医院,综合医院,三级甲等,1000 人以上,1958 年
吉林大学附属吉林医院,NA,吉林·长春市,公立医院,综合医院,三级甲等,1000 人以上,1958 年
吉林大学口腔医院,NA,吉林·长春市,公立医院,综合医院,三级甲等,1000 人以上,1958 年
吉林大学中日联谊医院,NA,吉林·长春市,公立医院,综合医院,三级甲等,1000 人以上,1958 年
