Hospital,Link,Location,Trade,Attribution,Grade,Scale,Establish
泉阳林业局医院,NA,吉林·白山市,公立医院,综合医院,二级乙等,-,-
首钢吉林柴油机厂职工医院,NA,吉林·白山市,公立医院,综合医院,二级乙等,-,-
双辽市妇幼保健院,NA,吉林·白山市,公立医院,综合医院,二级乙等,-,-
舒兰市中医院,NA,吉林·白山市,公立医院,综合医院,二级乙等,-,-
四平宏成脑病医院,NA,吉林·白山市,公立医院,综合医院,二级乙等,-,-
四平华正眼科医院,NA,吉林·白山市,公立医院,综合医院,二级乙等,-,-
四平辽河人民医院,NA,吉林·白山市,公立医院,综合医院,二级乙等,-,-
四平烧伤整形医院,NA,吉林·白山市,公立医院,综合医院,二级乙等,-,-
四平市骨质增生病医院,NA,吉林·白山市,公立医院,综合医院,二级乙等,-,-
四平市铁西区人民医院,NA,吉林·白山市,公立医院,综合医院,二级乙等,-,-
松江河林区医院,NA,吉林·白山市,公立医院,综合医院,二级乙等,-,-
铁道部长春机车工厂职工医院,NA,吉林·白山市,公立医院,综合医院,二级乙等,-,-
通化市第三人民医院,NA,吉林·白山市,公立医院,综合医院,二级乙等,-,-
通化市东昌区人民医院,NA,吉林·白山市,公立医院,综合医院,二级乙等,-,-
通化市海龙精神病医院,NA,吉林·白山市,公立医院,综合医院,二级乙等,-,-
通化市中医院,NA,吉林·白山市,公立医院,综合医院,二级乙等,-,-
通榆县中医院,NA,吉林·白山市,公立医院,综合医院,二级乙等,-,-
图们市中医医院,NA,吉林·白山市,公立医院,综合医院,二级乙等,-,-
湾沟北山医院,NA,吉林·白山市,公立医院,综合医院,二级乙等,-,-
延吉诺布尔口腔医院,NA,吉林·白山市,公立医院,综合医院,二级乙等,-,-
