Hospital,Link,Location,Trade,Attribution,Grade,Scale,Establish
长岭县人民医院,NA,吉林·松原市,公立医院,综合医院,二级甲等,-,1948 年
长岭县中医院,NA,吉林·松原市,公立医院,综合医院,二级甲等,-,1948 年
大安市创伤医院,NA,吉林·松原市,公立医院,综合医院,二级甲等,-,1948 年
大安市第一人民医院,NA,吉林·松原市,公立医院,综合医院,二级甲等,-,1948 年
德惠市人民医院,NA,吉林·松原市,公立医院,综合医院,二级甲等,-,1948 年
德惠市中医院,NA,吉林·松原市,公立医院,综合医院,二级甲等,-,1948 年
东丰县中医院,NA,吉林·松原市,公立医院,综合医院,二级甲等,-,1948 年
东辽县人民医院,NA,吉林·松原市,公立医院,综合医院,二级甲等,-,1948 年
敦化市中医院,NA,吉林·松原市,公立医院,综合医院,二级甲等,-,1948 年
抚松县人民医院,NA,吉林·松原市,公立医院,综合医院,二级甲等,-,1948 年
抚松县中医院,NA,吉林·松原市,公立医院,综合医院,二级甲等,-,1948 年
扶余市人民医院,NA,吉林·松原市,公立医院,综合医院,二级甲等,-,1948 年
公主岭市中医院,NA,吉林·松原市,公立医院,综合医院,二级甲等,-,1948 年
和龙市人民医院,NA,吉林·松原市,公立医院,综合医院,二级甲等,-,1948 年
桦甸市人民医院,NA,吉林·松原市,公立医院,综合医院,二级甲等,-,1948 年
桦甸市中医院,NA,吉林·松原市,公立医院,综合医院,二级甲等,-,1948 年
辉南县人民医院,NA,吉林·松原市,公立医院,综合医院,二级甲等,-,1948 年
辉南县中医院,NA,吉林·松原市,公立医院,综合医院,二级甲等,-,1948 年
珲春市人民医院,NA,吉林·松原市,公立医院,综合医院,二级甲等,-,1948 年
江源区中医院,NA,吉林·松原市,公立医院,综合医院,二级甲等,-,1948 年
