Hospital,Link,Location,Trade,Attribution,Grade,Scale,Establish
哈尔滨市平房区人民医院,NA,黑龙江·哈尔滨市,公立医院,综合医院,二级乙等,100-499 人,1961 年
宝清县八五三农场医院,NA,黑龙江·哈尔滨市,公立医院,综合医院,二级乙等,100-499 人,1961 年
阿木尔林业局职工医院,NA,黑龙江·哈尔滨市,公立医院,综合医院,二级乙等,100-499 人,1961 年
昂昂溪区第二人民医院,NA,黑龙江·哈尔滨市,公立医院,综合医院,二级乙等,100-499 人,1961 年
昂昂溪铁路医院,NA,黑龙江·哈尔滨市,公立医院,综合医院,二级乙等,100-499 人,1961 年
拜泉县中医院,NA,黑龙江·哈尔滨市,公立医院,综合医院,二级乙等,100-499 人,1961 年
八面通林业局医院,NA,黑龙江·哈尔滨市,公立医院,综合医院,二级乙等,100-499 人,1961 年
宝山区双阳社区卫生服务中心,NA,黑龙江·哈尔滨市,公立医院,综合医院,二级乙等,100-499 人,1961 年
巴彦县第二人民医院,NA,黑龙江·哈尔滨市,公立医院,综合医院,二级乙等,100-499 人,1961 年
北安市第二人民医院,NA,黑龙江·哈尔滨市,公立医院,综合医院,二级乙等,100-499 人,1961 年
北安市第三人民医院,NA,黑龙江·哈尔滨市,公立医院,综合医院,二级乙等,100-499 人,1961 年
北安市第四人民医院,NA,黑龙江·哈尔滨市,公立医院,综合医院,二级乙等,100-499 人,1961 年
北方民族医院,NA,黑龙江·哈尔滨市,公立医院,综合医院,二级乙等,100-499 人,1961 年
北京市双河医院,NA,黑龙江·哈尔滨市,公立医院,综合医院,二级乙等,100-499 人,1961 年
勃利圣仁医院,NA,黑龙江·哈尔滨市,公立医院,综合医院,二级乙等,100-499 人,1961 年
翠峦林业局职工医院,NA,黑龙江·哈尔滨市,公立医院,综合医院,二级乙等,100-499 人,1961 年
大海林林业局医院,NA,黑龙江·哈尔滨市,公立医院,综合医院,二级乙等,100-499 人,1961 年
大庆市红岗区人民医院,NA,黑龙江·哈尔滨市,公立医院,综合医院,二级乙等,100-499 人,1961 年
大庆市龙凤区人民医院,NA,黑龙江·哈尔滨市,公立医院,综合医院,二级乙等,100-499 人,1961 年
大庆市让胡路区医院,NA,黑龙江·哈尔滨市,公立医院,综合医院,二级乙等,100-499 人,1961 年
