Hospital,Link,Location,Trade,Attribution,Grade,Scale,Establish
红星区林业职工医院,NA,黑龙江·伊春市,公立医院,综合医院,二级甲等,-,1958 年
桦川县人民医院,NA,黑龙江·伊春市,公立医院,综合医院,二级甲等,-,1958 年
桦南县中医院,NA,黑龙江·伊春市,公立医院,综合医院,二级甲等,-,1958 年
虎林市东方红林业局职工医院,NA,黑龙江·伊春市,公立医院,综合医院,二级甲等,-,1958 年
虎林市妇幼保健院,NA,黑龙江·伊春市,公立医院,综合医院,二级甲等,-,1958 年
虎林市人民医院,NA,黑龙江·伊春市,公立医院,综合医院,二级甲等,-,1958 年
虎林市中医院,NA,黑龙江·伊春市,公立医院,综合医院,二级甲等,-,1958 年
佳木斯市肛肠医院,NA,黑龙江·伊春市,公立医院,综合医院,二级甲等,-,1958 年
鸡东县中医院,NA,黑龙江·伊春市,公立医院,综合医院,二级甲等,-,1958 年
集贤县第一人民医院,NA,黑龙江·伊春市,公立医院,综合医院,二级甲等,-,1958 年
集贤县中医医院,NA,黑龙江·伊春市,公立医院,综合医院,二级甲等,-,1958 年
集贤县中医院,NA,黑龙江·伊春市,公立医院,综合医院,二级甲等,-,1958 年
鸡西煤炭医学高等专科学校附属医院,NA,黑龙江·伊春市,公立医院,综合医院,二级甲等,-,1958 年
鸡西市传染病医院,NA,黑龙江·伊春市,公立医院,综合医院,二级甲等,-,1958 年
鸡西市医集团鸡东县人民医院,NA,黑龙江·伊春市,公立医院,综合医院,二级甲等,-,1958 年
克东县人民医院,NA,黑龙江·伊春市,公立医院,综合医院,二级甲等,-,1958 年
克东县中医院,NA,黑龙江·伊春市,公立医院,综合医院,二级甲等,-,1958 年
克山县人民医院,NA,黑龙江·伊春市,公立医院,综合医院,二级甲等,-,1958 年
克山县中医院,NA,黑龙江·伊春市,公立医院,综合医院,二级甲等,-,1958 年
空军八六00一部队医院,NA,黑龙江·伊春市,公立医院,综合医院,二级甲等,-,1958 年
