Hospital,Link,Location,Trade,Attribution,Grade,Scale,Establish
哈尔滨铁路分局医院,NA,黑龙江·哈尔滨市,公立医院,综合医院,二级甲等,-,-
哈尔滨铁路局结核病医院,NA,黑龙江·哈尔滨市,公立医院,综合医院,二级甲等,-,-
海林市中医院,NA,黑龙江·哈尔滨市,公立医院,综合医院,二级甲等,-,-
海伦市第一医院,NA,黑龙江·哈尔滨市,公立医院,综合医院,二级甲等,-,-
海伦市中医院,NA,黑龙江·哈尔滨市,公立医院,综合医院,二级甲等,-,-
鹤岗矿业集团妇婴医院,NA,黑龙江·哈尔滨市,公立医院,综合医院,二级甲等,-,-
鹤岗矿业集团有限责任公司妇婴医院,NA,黑龙江·哈尔滨市,公立医院,综合医院,二级甲等,-,-
鹤岗市传染病院,NA,黑龙江·哈尔滨市,公立医院,综合医院,二级甲等,-,-
黑河市中医医院,NA,黑龙江·哈尔滨市,公立医院,综合医院,二级甲等,-,-
黑龙江东大肛肠医院,NA,黑龙江·哈尔滨市,公立医院,综合医院,二级甲等,-,-
黑龙江东宁县人民医院,NA,黑龙江·哈尔滨市,公立医院,综合医院,二级甲等,-,-
黑龙江哈尔滨空军医院,NA,黑龙江·哈尔滨市,公立医院,综合医院,二级甲等,-,-
黑龙江海员总医院,NA,黑龙江·哈尔滨市,公立医院,综合医院,二级甲等,-,-
黑龙江九州妇产医院,NA,黑龙江·哈尔滨市,公立医院,综合医院,二级甲等,-,-
黑龙江朗乡林业局职工医院,NA,黑龙江·哈尔滨市,公立医院,综合医院,二级甲等,-,-
黑龙江省电力医院,NA,黑龙江·哈尔滨市,公立医院,综合医院,二级甲等,-,-
黑龙江省农垦局精神病院防治院,NA,黑龙江·哈尔滨市,公立医院,综合医院,二级甲等,-,-
黑龙江省农垦齐齐哈尔管理局中心医院,NA,黑龙江·哈尔滨市,公立医院,综合医院,二级甲等,-,-
黑龙江省中西医结合医院,NA,黑龙江·哈尔滨市,公立医院,综合医院,二级甲等,-,-
黑龙江泰来县中医院,NA,黑龙江·哈尔滨市,公立医院,综合医院,二级甲等,-,-
