Hospital,Link,Location,Trade,Attribution,Grade,Scale,Establish
黑龙江长庚眼耳鼻喉医院,NA,黑龙江·哈尔滨市,民营医院,专科医院,二级医院,-,2009 年
黑龙江德康医院,NA,黑龙江·哈尔滨市,民营医院,专科医院,二级医院,-,2009 年
黑龙江辅仁医院,NA,黑龙江·哈尔滨市,民营医院,专科医院,二级医院,-,2009 年
黑龙江和美妇产医院,NA,黑龙江·哈尔滨市,民营医院,专科医院,二级医院,-,2009 年
黑龙江华慈医院,NA,黑龙江·哈尔滨市,民营医院,专科医院,二级医院,-,2009 年
黑龙江惠好医院,NA,黑龙江·哈尔滨市,民营医院,专科医院,二级医院,-,2009 年
黑龙江京科脑康医院,NA,黑龙江·哈尔滨市,民营医院,专科医院,二级医院,-,2009 年
黑龙江康正医院,NA,黑龙江·哈尔滨市,民营医院,专科医院,二级医院,-,2009 年
黑龙江天元妇产医院,NA,黑龙江·哈尔滨市,民营医院,专科医院,二级医院,-,2009 年
黑龙江为民医院,NA,黑龙江·哈尔滨市,民营医院,专科医院,二级医院,-,2009 年
黑龙江肿瘤康复医院,NA,黑龙江·哈尔滨市,民营医院,专科医院,二级医院,-,2009 年
虎林迎春林业局职工医院,NA,黑龙江·哈尔滨市,民营医院,专科医院,二级医院,-,2009 年
佳木斯明珠康复医院,NA,黑龙江·哈尔滨市,民营医院,专科医院,二级医院,-,2009 年
鸡东县精神病院,NA,黑龙江·哈尔滨市,民营医院,专科医院,二级医院,-,2009 年
鸡西市口腔医院,NA,黑龙江·哈尔滨市,民营医院,专科医院,二级医院,-,2009 年
克东县兢山医院,NA,黑龙江·哈尔滨市,民营医院,专科医院,二级医院,-,2009 年
林口县第二人民医院,NA,黑龙江·哈尔滨市,民营医院,专科医院,二级医院,-,2009 年
明水县康盈医院,NA,黑龙江·哈尔滨市,民营医院,专科医院,二级医院,-,2009 年
牡丹江博爱老年医院,NA,黑龙江·哈尔滨市,民营医院,专科医院,二级医院,-,2009 年
牡丹江市肛肠医院,NA,黑龙江·哈尔滨市,民营医院,专科医院,二级医院,-,2009 年
