Hospital,Link,Location,Trade,Attribution,Grade,Scale,Establish
汤旺河林业局职工医院,NA,黑龙江·伊春市,公立医院,综合医院,二级乙等,-,1958 年
汤原县第二人民医院,NA,黑龙江·伊春市,公立医院,综合医院,二级乙等,-,1958 年
铁锋区中医院龙华路门诊部,NA,黑龙江·伊春市,公立医院,综合医院,二级乙等,-,1958 年
铁力林业局职工医院,NA,黑龙江·伊春市,公立医院,综合医院,二级乙等,-,1958 年
通北林业局医院,NA,黑龙江·伊春市,公立医院,综合医院,二级乙等,-,1958 年
苇河林业局医院,NA,黑龙江·伊春市,公立医院,综合医院,二级乙等,-,1958 年
五大连池市第一人民医院,NA,黑龙江·伊春市,公立医院,综合医院,二级乙等,-,1958 年
西安区先锋医院江滨社区卫生服务站心,NA,黑龙江·伊春市,公立医院,综合医院,二级乙等,-,1958 年
新林区人民医院,NA,黑龙江·伊春市,公立医院,综合医院,二级乙等,-,1958 年
逊克县人民医院,NA,黑龙江·伊春市,公立医院,综合医院,二级乙等,-,1958 年
延寿县中医院,NA,黑龙江·伊春市,公立医院,综合医院,二级乙等,-,1958 年
依安县中医院,NA,黑龙江·伊春市,公立医院,综合医院,二级乙等,-,1958 年
伊春市第二人民医院,NA,黑龙江·伊春市,公立医院,综合医院,二级乙等,-,1958 年
伊春市第三人民医院,NA,黑龙江·伊春市,公立医院,综合医院,二级乙等,-,1958 年
伊春市上甘岭林业局职工医院,NA,黑龙江·伊春市,公立医院,综合医院,二级乙等,-,1958 年
伊春市乌伊岭区职工医院,NA,黑龙江·伊春市,公立医院,综合医院,二级乙等,-,1958 年
伊春市西林区人民医院,NA,黑龙江·伊春市,公立医院,综合医院,二级乙等,-,1958 年
依兰县第二人民医院,NA,黑龙江·伊春市,公立医院,综合医院,二级乙等,-,1958 年
迎春林业地区人民医院,NA,黑龙江·伊春市,公立医院,综合医院,二级乙等,-,1958 年
友好区林业职工医院,NA,黑龙江·伊春市,公立医院,综合医院,二级乙等,-,1958 年
