Hospital,Link,Location,Trade,Attribution,Grade,Scale,Establish
大庆眼科医院,NA,黑龙江·大庆市,民营医院,专科医院,三级医院,100-499 人,1998 年
哈尔滨爱尔眼科医院,NA,黑龙江·大庆市,民营医院,专科医院,三级医院,100-499 人,1998 年
哈尔滨市第二医院,NA,黑龙江·大庆市,民营医院,专科医院,三级医院,100-499 人,1998 年
黑龙江远东心脑血管医院,NA,黑龙江·大庆市,民营医院,专科医院,三级医院,100-499 人,1998 年
黑龙江珠江心脑血管医院,NA,黑龙江·大庆市,民营医院,专科医院,三级医院,100-499 人,1998 年
大庆市第二医院,NA,黑龙江·大庆市,民营医院,专科医院,三级医院,100-499 人,1998 年
大庆市中西医结合医院,NA,黑龙江·大庆市,民营医院,专科医院,三级医院,100-499 人,1998 年
哈尔滨精神专科白渔泡医院,NA,黑龙江·大庆市,民营医院,专科医院,三级医院,100-499 人,1998 年
哈尔滨市普宁医院,NA,黑龙江·大庆市,民营医院,专科医院,三级医院,100-499 人,1998 年
哈尔滨市眼科医院,NA,黑龙江·大庆市,民营医院,专科医院,三级医院,100-499 人,1998 年
鹤岗明仁眼科医院,NA,黑龙江·大庆市,民营医院,专科医院,三级医院,100-499 人,1998 年
黑龙江长江肾病专科医院,NA,黑龙江·大庆市,民营医院,专科医院,三级医院,100-499 人,1998 年
黑龙江国济中西医结合医院,NA,黑龙江·大庆市,民营医院,专科医院,三级医院,100-499 人,1998 年
黑龙江三精肾脏病专科医院,NA,黑龙江·大庆市,民营医院,专科医院,三级医院,100-499 人,1998 年
黑龙江盛京皮肤病医院,NA,黑龙江·大庆市,民营医院,专科医院,三级医院,100-499 人,1998 年
黑龙江省口腔病防治院,NA,黑龙江·大庆市,民营医院,专科医院,三级医院,100-499 人,1998 年
黑龙江省民政慈善医院,NA,黑龙江·大庆市,民营医院,专科医院,三级医院,100-499 人,1998 年
黑龙江省皮肤病防治研究所,NA,黑龙江·大庆市,民营医院,专科医院,三级医院,100-499 人,1998 年
黑龙江省荣誉军人康复医院,NA,黑龙江·大庆市,民营医院,专科医院,三级医院,100-499 人,1998 年
齐齐哈尔市第二神经精神医院,NA,黑龙江·大庆市,民营医院,专科医院,三级医院,100-499 人,1998 年
