Hospital,Link,Location,Trade,Attribution,Grade,Scale,Establish
海林市妇幼保健院,NA,黑龙江·牡丹江市,公立医院,专科医院,二级乙等,-,1962 年
海林市肛肠医院,NA,黑龙江·牡丹江市,公立医院,专科医院,二级乙等,-,1962 年
鹤北林业局职工医院,NA,黑龙江·牡丹江市,公立医院,专科医院,二级乙等,-,1962 年
鹤岗市红十字医院,NA,黑龙江·牡丹江市,公立医院,专科医院,二级乙等,-,1962 年
鹤岗市兴山人民医院,NA,黑龙江·牡丹江市,公立医院,专科医院,二级乙等,-,1962 年
鹤岗市新一人民医院,NA,黑龙江·牡丹江市,公立医院,专科医院,二级乙等,-,1962 年
黑龙江呼中林业局职工医院,NA,黑龙江·牡丹江市,公立医院,专科医院,二级乙等,-,1962 年
黑龙江省八五二农场医院,NA,黑龙江·牡丹江市,公立医院,专科医院,二级乙等,-,1962 年
黑龙江省八五四农场医院,NA,黑龙江·牡丹江市,公立医院,专科医院,二级乙等,-,1962 年
黑龙江省监狱管理局中心医院,NA,黑龙江·牡丹江市,公立医院,专科医院,二级乙等,-,1962 年
黑龙江省克山农场医院,NA,黑龙江·牡丹江市,公立医院,专科医院,二级乙等,-,1962 年
黑龙江省商业职工医院,NA,黑龙江·牡丹江市,公立医院,专科医院,二级乙等,-,1962 年
黑龙江省泰来监狱医院,NA,黑龙江·牡丹江市,公立医院,专科医院,二级乙等,-,1962 年
黑龙江中医药大学佳木斯学院附属医院,NA,黑龙江·牡丹江市,公立医院,专科医院,二级乙等,-,1962 年
鹤立林业局医院,NA,黑龙江·牡丹江市,公立医院,专科医院,二级乙等,-,1962 年
桦南县人民医院,NA,黑龙江·牡丹江市,公立医院,专科医院,二级乙等,-,1962 年
虎林市红十字医院,NA,黑龙江·牡丹江市,公立医院,专科医院,二级乙等,-,1962 年
呼玛县人民医院,NA,黑龙江·牡丹江市,公立医院,专科医院,二级乙等,-,1962 年
加格达奇区人民医院,NA,黑龙江·牡丹江市,公立医院,专科医院,二级乙等,-,1962 年
建三江农场管理局五九七农场职工医院,NA,黑龙江·牡丹江市,公立医院,专科医院,二级乙等,-,1962 年
