Hospital,Link,Location,Trade,Attribution,Grade,Scale,Establish
佳木斯大学第一附属医院,NA,黑龙江·佳木斯市,公立医院,综合医院,三级甲等,-,1942 年
佳木斯大学附属康复医院,NA,黑龙江·佳木斯市,公立医院,综合医院,三级甲等,-,1942 年
佳木斯大学附属口腔医院,NA,黑龙江·佳木斯市,公立医院,综合医院,三级甲等,-,1942 年
佳木斯市传染病院,NA,黑龙江·佳木斯市,公立医院,综合医院,三级甲等,-,1942 年
佳木斯市妇幼保健院,NA,黑龙江·佳木斯市,公立医院,综合医院,三级甲等,-,1942 年
佳木斯市骨科医院,NA,黑龙江·佳木斯市,公立医院,综合医院,三级甲等,-,1942 年
佳木斯市肿瘤结核医院,NA,黑龙江·佳木斯市,公立医院,综合医院,三级甲等,-,1942 年
佳木斯市中心医院,NA,黑龙江·佳木斯市,公立医院,综合医院,三级甲等,-,1942 年
佳木斯市中医院,NA,黑龙江·佳木斯市,公立医院,综合医院,三级甲等,-,1942 年
佳木斯中心医院二部,NA,黑龙江·佳木斯市,公立医院,综合医院,三级甲等,-,1942 年
建三江人民医院,NA,黑龙江·佳木斯市,公立医院,综合医院,三级甲等,-,1942 年
鸡西市妇幼保健院,NA,黑龙江·佳木斯市,公立医院,综合医院,三级甲等,-,1942 年
鸡西市医疗集团鸡西市人民医院,NA,黑龙江·佳木斯市,公立医院,综合医院,三级甲等,-,1942 年
鸡西市中医医院,NA,黑龙江·佳木斯市,公立医院,综合医院,三级甲等,-,1942 年
牡丹江林业中心医院,NA,黑龙江·佳木斯市,公立医院,综合医院,三级甲等,-,1942 年
牡丹江市第二人民医院,NA,黑龙江·佳木斯市,公立医院,综合医院,三级甲等,-,1942 年
牡丹江市第一人民医院,NA,黑龙江·佳木斯市,公立医院,综合医院,三级甲等,-,1942 年
牡丹江市康安医院,NA,黑龙江·佳木斯市,公立医院,综合医院,三级甲等,-,1942 年
牡丹江市心血管病医院,NA,黑龙江·佳木斯市,公立医院,综合医院,三级甲等,-,1942 年
牡丹江市肿瘤医院,NA,黑龙江·佳木斯市,公立医院,综合医院,三级甲等,-,1942 年
