Hospital,Link,Location,Trade,Attribution,Grade,Scale,Establish
牡丹江现代泌尿医院,NA,黑龙江·牡丹江市,民营医院,专科医院,二级甲等,100-499 人,2007 年
阿城市中医院,NA,黑龙江·牡丹江市,民营医院,专科医院,二级甲等,100-499 人,2007 年
安达市人民医院,NA,黑龙江·牡丹江市,民营医院,专科医院,二级甲等,100-499 人,2007 年
安达市商业职工医院,NA,黑龙江·牡丹江市,民营医院,专科医院,二级甲等,100-499 人,2007 年
安达市中医院,NA,黑龙江·牡丹江市,民营医院,专科医院,二级甲等,100-499 人,2007 年
拜泉县人民医院,NA,黑龙江·牡丹江市,民营医院,专科医院,二级甲等,100-499 人,2007 年
宝清县妇幼保健院,NA,黑龙江·牡丹江市,民营医院,专科医院,二级甲等,100-499 人,2007 年
宝清县人民医院,NA,黑龙江·牡丹江市,民营医院,专科医院,二级甲等,100-499 人,2007 年
宝清县中医院,NA,黑龙江·牡丹江市,民营医院,专科医院,二级甲等,100-499 人,2007 年
巴彦县中医院,NA,黑龙江·牡丹江市,民营医院,专科医院,二级甲等,100-499 人,2007 年
北安市第一人民医院,NA,黑龙江·牡丹江市,民营医院,专科医院,二级甲等,100-499 人,2007 年
北安市中医医院,NA,黑龙江·牡丹江市,民营医院,专科医院,二级甲等,100-499 人,2007 年
勃利县人民医院,NA,黑龙江·牡丹江市,民营医院,专科医院,二级甲等,100-499 人,2007 年
勃利县中医医院,NA,黑龙江·牡丹江市,民营医院,专科医院,二级甲等,100-499 人,2007 年
大庆市第七医院,NA,黑龙江·牡丹江市,民营医院,专科医院,二级甲等,100-499 人,2007 年
大庆石油管理局安装公司医院,NA,黑龙江·牡丹江市,民营医院,专科医院,二级甲等,100-499 人,2007 年
大庆石油管理局采油七厂职工医院,NA,黑龙江·牡丹江市,民营医院,专科医院,二级甲等,100-499 人,2007 年
大庆石油管理局采油五厂医院,NA,黑龙江·牡丹江市,民营医院,专科医院,二级甲等,100-499 人,2007 年
大庆油田总医院集团南区医院,NA,黑龙江·牡丹江市,民营医院,专科医院,二级甲等,100-499 人,2007 年
第一重型机器制造厂职工医院,NA,黑龙江·牡丹江市,民营医院,专科医院,二级甲等,100-499 人,2007 年
