Hospital,Link,Location,Trade,Attribution,Grade,Scale,Establish
牡丹江市皮肤病医院,NA,黑龙江·牡丹江市,公立医院,专科医院,二级医院,-,1981 年
牡丹江市先锋医院,NA,黑龙江·牡丹江市,公立医院,专科医院,二级医院,-,1981 年
木兰县中医院,NA,黑龙江·牡丹江市,公立医院,专科医院,二级医院,-,1981 年
穆棱林业局职工医院,NA,黑龙江·牡丹江市,公立医院,专科医院,二级医院,-,1981 年
宁安市第二医院,NA,黑龙江·牡丹江市,公立医院,专科医院,二级医院,-,1981 年
七煤医疗中心精神病康复医院,NA,黑龙江·牡丹江市,公立医院,专科医院,二级医院,-,1981 年
齐齐哈尔骨伤医院,NA,黑龙江·牡丹江市,公立医院,专科医院,二级医院,-,1981 年
齐齐哈尔玛丽亚妇产医院,NA,黑龙江·牡丹江市,公立医院,专科医院,二级医院,-,1981 年
齐齐哈尔市昂昂溪精神病医院,NA,黑龙江·牡丹江市,公立医院,专科医院,二级医院,-,1981 年
齐齐哈尔市梅里斯达斡尔族区人民医院,NA,黑龙江·牡丹江市,公立医院,专科医院,二级医院,-,1981 年
齐齐哈尔市庆云牙科医院,NA,黑龙江·牡丹江市,公立医院,专科医院,二级医院,-,1981 年
齐齐哈尔市医养康复中心,NA,黑龙江·牡丹江市,公立医院,专科医院,二级医院,-,1981 年
齐齐哈尔胃肠病医院,NA,黑龙江·牡丹江市,公立医院,专科医院,二级医院,-,1981 年
齐齐哈尔医学院附属第四医院,NA,黑龙江·牡丹江市,公立医院,专科医院,二级医院,-,1981 年
七台河市博爱医院,NA,黑龙江·牡丹江市,公立医院,专科医院,二级医院,-,1981 年
尚志市人民医院,NA,黑龙江·牡丹江市,公立医院,专科医院,二级医院,-,1981 年
双鸭山矿业集团有限公司第二医院,NA,黑龙江·牡丹江市,公立医院,专科医院,二级医院,-,1981 年
双鸭山双矿医院,NA,黑龙江·牡丹江市,公立医院,专科医院,二级医院,-,1981 年
绥滨农场医院,NA,黑龙江·牡丹江市,公立医院,专科医院,二级医院,-,1981 年
绥化市北林区第二人民医院第一门诊,NA,黑龙江·牡丹江市,公立医院,专科医院,二级医院,-,1981 年
