Hospital,Link,Location,Trade,Attribution,Grade,Scale,Establish
哈尔滨市红十字中心医院,NA,黑龙江·哈尔滨市,公立医院,综合医院,三级甲等,-,1952 年
哈尔滨市胸科医院,NA,黑龙江·哈尔滨市,公立医院,综合医院,三级甲等,-,1952 年
哈尔滨市中医医院,NA,黑龙江·哈尔滨市,公立医院,综合医院,三级甲等,-,1952 年
哈尔滨医科大学附属第二医院,NA,黑龙江·哈尔滨市,公立医院,综合医院,三级甲等,-,1952 年
鹤岗鹤矿医院,NA,黑龙江·哈尔滨市,公立医院,综合医院,三级甲等,-,1952 年
鹤岗市人民医院,NA,黑龙江·哈尔滨市,公立医院,综合医院,三级甲等,-,1952 年
鹤岗市中医院,NA,黑龙江·哈尔滨市,公立医院,综合医院,三级甲等,-,1952 年
黑龙江省传染病防治院,NA,黑龙江·哈尔滨市,公立医院,综合医院,三级甲等,-,1952 年
黑龙江省第二医院,NA,黑龙江·哈尔滨市,公立医院,综合医院,三级甲等,-,1952 年
黑龙江省第三医院,NA,黑龙江·哈尔滨市,公立医院,综合医院,三级甲等,-,1952 年
黑龙江省康复医院,NA,黑龙江·哈尔滨市,公立医院,综合医院,三级甲等,-,1952 年
黑龙江省林业第二医院,NA,黑龙江·哈尔滨市,公立医院,综合医院,三级甲等,-,1952 年
黑龙江省农垦总医院,NA,黑龙江·哈尔滨市,公立医院,综合医院,三级甲等,-,1952 年
黑龙江省森工总医院,NA,黑龙江·哈尔滨市,公立医院,综合医院,三级甲等,-,1952 年
黑龙江省医院,NA,黑龙江·哈尔滨市,公立医院,综合医院,三级甲等,-,1952 年
黑龙江省中医院,NA,黑龙江·哈尔滨市,公立医院,综合医院,三级甲等,-,1952 年
黑龙江神志医院,NA,黑龙江·哈尔滨市,公立医院,综合医院,三级甲等,-,1952 年
黑龙江中医药大学附属第二医院,NA,黑龙江·哈尔滨市,公立医院,综合医院,三级甲等,-,1952 年
黑龙江中医药大学附属第一医院,NA,黑龙江·哈尔滨市,公立医院,综合医院,三级甲等,-,1952 年
红兴隆中心医院,NA,黑龙江·哈尔滨市,公立医院,综合医院,三级甲等,-,1952 年
