Hospital,Link,Location,Trade,Attribution,Grade,Scale,Establish
嘉荫县人民医院,NA,黑龙江·伊春市,公立医院,综合医院,二级乙等,-,1952 年
佳纸公司职工医院,NA,黑龙江·伊春市,公立医院,综合医院,二级乙等,-,1952 年
鸡西矿务局二道河子矿职工医院,NA,黑龙江·伊春市,公立医院,综合医院,二级乙等,-,1952 年
鸡西市滴道区人民医院,NA,黑龙江·伊春市,公立医院,综合医院,二级乙等,-,1952 年
鸡西市梨树区医院,NA,黑龙江·伊春市,公立医院,综合医院,二级乙等,-,1952 年
鸡西市人民医院医疗集团恒山中心医院,NA,黑龙江·伊春市,公立医院,综合医院,二级乙等,-,1952 年
鸡西市医集团恒山区医院,NA,黑龙江·伊春市,公立医院,综合医院,二级乙等,-,1952 年
鸡西市医集团梨树中心医院分院,NA,黑龙江·伊春市,公立医院,综合医院,二级乙等,-,1952 年
克山县中西医结合医院,NA,黑龙江·伊春市,公立医院,综合医院,二级乙等,-,1952 年
兰西县中医院,NA,黑龙江·伊春市,公立医院,综合医院,二级乙等,-,1952 年
林甸县人民医院,NA,黑龙江·伊春市,公立医院,综合医院,二级乙等,-,1952 年
林甸县中医院,NA,黑龙江·伊春市,公立医院,综合医院,二级乙等,-,1952 年
林口林业局医院,NA,黑龙江·伊春市,公立医院,综合医院,二级乙等,-,1952 年
林口县中医院,NA,黑龙江·伊春市,公立医院,综合医院,二级乙等,-,1952 年
萝北县中医院,NA,黑龙江·伊春市,公立医院,综合医院,二级乙等,-,1952 年
美溪林业局职工医院,NA,黑龙江·伊春市,公立医院,综合医院,二级乙等,-,1952 年
明水县第二医院,NA,黑龙江·伊春市,公立医院,综合医院,二级乙等,-,1952 年
明水县中医院,NA,黑龙江·伊春市,公立医院,综合医院,二级乙等,-,1952 年
牡丹江市第二人民医院第一分院,NA,黑龙江·伊春市,公立医院,综合医院,二级乙等,-,1952 年
牡丹江市第五人民医院,NA,黑龙江·伊春市,公立医院,综合医院,二级乙等,-,1952 年
