Hospital,Link,Location,Trade,Attribution,Grade,Scale,Establish
安达市济仁医院,NA,黑龙江·绥化市,民营医院,综合医院,二级医院,-,2004 年
大庆和美家妇产医院,NA,黑龙江·绥化市,民营医院,综合医院,二级医院,-,2004 年
大庆普济中医医院,NA,黑龙江·绥化市,民营医院,综合医院,二级医院,-,2004 年
大庆油田南区医院,NA,黑龙江·绥化市,民营医院,综合医院,二级医院,-,2004 年
东方红林业局人民医院,NA,黑龙江·绥化市,民营医院,综合医院,二级医院,-,2004 年
东宁县绥阳林业局职工医院,NA,黑龙江·绥化市,民营医院,综合医院,二级医院,-,2004 年
富裕县第二医院,NA,黑龙江·绥化市,民营医院,综合医院,二级医院,-,2004 年
哈尔滨北方血管病医院,NA,黑龙江·绥化市,民营医院,综合医院,二级医院,-,2004 年
哈尔滨凤凰医院,NA,黑龙江·绥化市,民营医院,综合医院,二级医院,-,2004 年
哈尔滨七彩康复医院,NA,黑龙江·绥化市,民营医院,综合医院,二级医院,-,2004 年
哈尔滨市呼兰区第二人民医院,NA,黑龙江·绥化市,民营医院,综合医院,二级医院,-,2004 年
哈尔滨市呼兰区红十字医院,NA,黑龙江·绥化市,民营医院,综合医院,二级医院,-,2004 年
哈尔滨市民安医院,NA,黑龙江·绥化市,民营医院,综合医院,二级医院,-,2004 年
哈尔滨市南岗区新中新医院,NA,黑龙江·绥化市,民营医院,综合医院,二级医院,-,2004 年
哈尔滨市依兰县中医医院,NA,黑龙江·绥化市,民营医院,综合医院,二级医院,-,2004 年
哈尔滨伊美尔医疗美容医院,NA,黑龙江·绥化市,民营医院,综合医院,二级医院,-,2004 年
海林市柴河林业局职工医院,NA,黑龙江·绥化市,民营医院,综合医院,二级医院,-,2004 年
海林市人民医院,NA,黑龙江·绥化市,民营医院,综合医院,二级医院,-,2004 年
海伦康泓医院,NA,黑龙江·绥化市,民营医院,综合医院,二级医院,-,2004 年
黑龙江北方股骨头坏死专科研究院,NA,黑龙江·绥化市,民营医院,综合医院,二级医院,-,2004 年
