Hospital,Link,Location,Trade,Attribution,Grade,Scale,Establish
黑龙江省农垦北安管理局中心医院,NA,黑龙江·黑河市,公立医院,综合医院,三级乙等,500-999 人,1969 年
阿城市人民医院分院,NA,黑龙江·黑河市,公立医院,综合医院,三级乙等,500-999 人,1969 年
大庆市第四医院,NA,黑龙江·黑河市,公立医院,综合医院,三级乙等,500-999 人,1969 年
大庆市第五医院,NA,黑龙江·黑河市,公立医院,综合医院,三级乙等,500-999 人,1969 年
哈尔滨市阿城区人民医院,NA,黑龙江·黑河市,公立医院,综合医院,三级乙等,500-999 人,1969 年
哈尔滨市双城区人民医院,NA,黑龙江·黑河市,公立医院,综合医院,三级乙等,500-999 人,1969 年
黑河市第一人民医院,NA,黑龙江·黑河市,公立医院,综合医院,三级乙等,500-999 人,1969 年
黑龙江省农垦九三管理局中心医院,NA,黑龙江·黑河市,公立医院,综合医院,三级乙等,500-999 人,1969 年
佳木斯市精神疾病防治院,NA,黑龙江·黑河市,公立医院,综合医院,三级乙等,500-999 人,1969 年
密山市裴德医院,NA,黑龙江·黑河市,公立医院,综合医院,三级乙等,500-999 人,1969 年
密山市人民医院,NA,黑龙江·黑河市,公立医院,综合医院,三级乙等,500-999 人,1969 年
武警黑龙江总队医院,NA,黑龙江·黑河市,公立医院,综合医院,三级乙等,500-999 人,1969 年
伊春市妇幼保健院,NA,黑龙江·黑河市,公立医院,综合医院,三级乙等,500-999 人,1969 年
伊春市中心医院,NA,黑龙江·黑河市,公立医院,综合医院,三级乙等,500-999 人,1969 年
