Hospital,Link,Location,Trade,Attribution,Grade,Scale,Establish
齐齐哈尔市第一神经精神病院,NA,黑龙江·齐齐哈尔市,公立医院,专科医院,三级医院,-,-
齐齐哈尔市第一医院分院,NA,黑龙江·齐齐哈尔市,公立医院,专科医院,三级医院,-,-
双鸭山市传染病医院,NA,黑龙江·齐齐哈尔市,公立医院,专科医院,三级医院,-,-
绥化肿瘤医院,NA,黑龙江·齐齐哈尔市,公立医院,专科医院,三级医院,-,-
肇东市第一医院,NA,黑龙江·齐齐哈尔市,公立医院,专科医院,三级医院,-,-
