Hospital,Link,Location,Trade,Attribution,Grade,Scale,Establish
绥棱县妇幼保健院,NA,黑龙江·绥化市,公立医院,专科医院,二级甲等,-,1956 年
绥棱县医院,NA,黑龙江·绥化市,公立医院,专科医院,二级甲等,-,1956 年
孙吴县人民医院,NA,黑龙江·绥化市,公立医院,专科医院,二级甲等,-,1956 年
塔河县医院,NA,黑龙江·绥化市,公立医院,专科医院,二级甲等,-,1956 年
塔河县中医院,NA,黑龙江·绥化市,公立医院,专科医院,二级甲等,-,1956 年
泰来县人民医院,NA,黑龙江·绥化市,公立医院,专科医院,二级甲等,-,1956 年
汤原县中心医院,NA,黑龙江·绥化市,公立医院,专科医院,二级甲等,-,1956 年
汤原县中医院,NA,黑龙江·绥化市,公立医院,专科医院,二级甲等,-,1956 年
铁力市人民医院,NA,黑龙江·绥化市,公立医院,专科医院,二级甲等,-,1956 年
通河县人民医院,NA,黑龙江·绥化市,公立医院,专科医院,二级甲等,-,1956 年
通河县中医院,NA,黑龙江·绥化市,公立医院,专科医院,二级甲等,-,1956 年
同江市人民医院,NA,黑龙江·绥化市,公立医院,专科医院,二级甲等,-,1956 年
同江市中医院,NA,黑龙江·绥化市,公立医院,专科医院,二级甲等,-,1956 年
望奎县人民医院,NA,黑龙江·绥化市,公立医院,专科医院,二级甲等,-,1956 年
望奎县中医院,NA,黑龙江·绥化市,公立医院,专科医院,二级甲等,-,1956 年
苇河林业地区医院,NA,黑龙江·绥化市,公立医院,专科医院,二级甲等,-,1956 年
五常市妇幼保健院,NA,黑龙江·绥化市,公立医院,专科医院,二级甲等,-,1956 年
五常市人民医院,NA,黑龙江·绥化市,公立医院,专科医院,二级甲等,-,1956 年
五常市中医院,NA,黑龙江·绥化市,公立医院,专科医院,二级甲等,-,1956 年
武警黄金第一总队医院,NA,黑龙江·绥化市,公立医院,专科医院,二级甲等,-,1956 年
