Hospital,Link,Location,Trade,Attribution,Grade,Scale,Establish
齐齐哈尔和平医院,NA,黑龙江·齐齐哈尔市,公立医院,综合医院,二级甲等,-,1950 年
齐齐哈尔华安医院,NA,黑龙江·齐齐哈尔市,公立医院,综合医院,二级甲等,-,1950 年
齐齐哈尔碾子山区人民医院,NA,黑龙江·齐齐哈尔市,公立医院,综合医院,二级甲等,-,1950 年
齐齐哈尔市第二机床厂职工医院,NA,黑龙江·齐齐哈尔市,公立医院,综合医院,二级甲等,-,1950 年
齐齐哈尔市第七医院,NA,黑龙江·齐齐哈尔市,公立医院,综合医院,二级甲等,-,1950 年
齐齐哈尔市第一机床厂职工医院,NA,黑龙江·齐齐哈尔市,公立医院,综合医院,二级甲等,-,1950 年
齐齐哈尔市结核病防治院,NA,黑龙江·齐齐哈尔市,公立医院,综合医院,二级甲等,-,1950 年
七台河市新兴区妇幼保健院,NA,黑龙江·齐齐哈尔市,公立医院,综合医院,二级甲等,-,1950 年
七台河市中医院,NA,黑龙江·齐齐哈尔市,公立医院,综合医院,二级甲等,-,1950 年
饶河县人民医院,NA,黑龙江·齐齐哈尔市,公立医院,综合医院,二级甲等,-,1950 年
饶河县中医医院,NA,黑龙江·齐齐哈尔市,公立医院,综合医院,二级甲等,-,1950 年
尚志市中医院,NA,黑龙江·齐齐哈尔市,公立医院,综合医院,二级甲等,-,1950 年
山河屯林业局职工医院,NA,黑龙江·齐齐哈尔市,公立医院,综合医院,二级甲等,-,1950 年
双城市同仁医院,NA,黑龙江·齐齐哈尔市,公立医院,综合医院,二级甲等,-,1950 年
双鸭山市口腔医院,NA,黑龙江·齐齐哈尔市,公立医院,综合医院,二级甲等,-,1950 年
双鸭山市中医院,NA,黑龙江·齐齐哈尔市,公立医院,综合医院,二级甲等,-,1950 年
绥滨县中医院,NA,黑龙江·齐齐哈尔市,公立医院,综合医院,二级甲等,-,1950 年
绥芬河市人民医院,NA,黑龙江·齐齐哈尔市,公立医院,综合医院,二级甲等,-,1950 年
绥化市人民医院,NA,黑龙江·齐齐哈尔市,公立医院,综合医院,二级甲等,-,1950 年
绥化市中医院,NA,黑龙江·齐齐哈尔市,公立医院,综合医院,二级甲等,-,1950 年
