Hospital,Link,Location,Trade,Attribution,Grade,Scale,Establish
牡丹江市桦林中医整骨医院,NA,黑龙江·牡丹江市,民营医院,专科医院,二级乙等,-,-
木兰县人民医院,NA,黑龙江·牡丹江市,民营医院,专科医院,二级乙等,-,-
穆棱市中医院,NA,黑龙江·牡丹江市,民营医院,专科医院,二级乙等,-,-
宁安市镜泊湖医院,NA,黑龙江·牡丹江市,民营医院,专科医院,二级乙等,-,-
青冈县红十字会医院,NA,黑龙江·牡丹江市,民营医院,专科医院,二级乙等,-,-
青冈县中医院,NA,黑龙江·牡丹江市,民营医院,专科医院,二级乙等,-,-
清河林区人民医院,NA,黑龙江·牡丹江市,民营医院,专科医院,二级乙等,-,-
齐齐哈尔市昂溪区人民医院,NA,黑龙江·牡丹江市,民营医院,专科医院,二级乙等,-,-
齐齐哈尔市财贸职工医院,NA,黑龙江·牡丹江市,民营医院,专科医院,二级乙等,-,-
七台河警官医院,NA,黑龙江·牡丹江市,民营医院,专科医院,二级乙等,-,-
七台河市妇幼保健院,NA,黑龙江·牡丹江市,民营医院,专科医院,二级乙等,-,-
萨尔图区人民医院,NA,黑龙江·牡丹江市,民营医院,专科医院,二级乙等,-,-
十八站林业局职工医院,NA,黑龙江·牡丹江市,民营医院,专科医院,二级乙等,-,-
双城市骨伤科医院,NA,黑龙江·牡丹江市,民营医院,专科医院,二级乙等,-,-
双丰林业局职工医院,NA,黑龙江·牡丹江市,民营医院,专科医院,二级乙等,-,-
双河农场医院,NA,黑龙江·牡丹江市,民营医院,专科医院,二级乙等,-,-
双鸭山市煤炭总医院岭东分院,NA,黑龙江·牡丹江市,民营医院,专科医院,二级乙等,-,-
松岭区妇幼保健站,NA,黑龙江·牡丹江市,民营医院,专科医院,二级乙等,-,-
绥芬河市中医院,NA,黑龙江·牡丹江市,民营医院,专科医院,二级乙等,-,-
绥化市第四医院,NA,黑龙江·牡丹江市,民营医院,专科医院,二级乙等,-,-
