Hospital,Link,Location,Trade,Attribution,Grade,Scale,Establish
宝泉岭医疗集团中心医院,NA,黑龙江·鹤岗市,公立医院,综合医院,三级甲等,-,-
大庆龙南医院,NA,黑龙江·鹤岗市,公立医院,综合医院,三级甲等,-,-
大庆市人民医院,NA,黑龙江·鹤岗市,公立医院,综合医院,三级甲等,-,-
哈尔滨市第四医院,NA,黑龙江·鹤岗市,公立医院,综合医院,三级甲等,-,-
哈尔滨市第一医院,NA,黑龙江·鹤岗市,公立医院,综合医院,三级甲等,-,-
哈尔滨医科大学附属第四医院,NA,黑龙江·鹤岗市,公立医院,综合医院,三级甲等,-,-
哈尔滨医科大学附属第一医院,NA,黑龙江·鹤岗市,公立医院,综合医院,三级甲等,-,-
鸡西矿业集团总医院,NA,黑龙江·鹤岗市,公立医院,综合医院,三级甲等,-,-
牡丹江医学院附属红旗医院,NA,黑龙江·鹤岗市,公立医院,综合医院,三级甲等,-,-
大庆市第三医院,NA,黑龙江·鹤岗市,公立医院,综合医院,三级甲等,-,-
大庆市中医院,NA,黑龙江·鹤岗市,公立医院,综合医院,三级甲等,-,-
大庆油田总医院,NA,黑龙江·鹤岗市,公立医院,综合医院,三级甲等,-,-
大兴安岭林业集团总医院,NA,黑龙江·鹤岗市,公立医院,综合医院,三级甲等,-,-
哈尔滨市传染病医院,NA,黑龙江·鹤岗市,公立医院,综合医院,三级甲等,-,-
哈尔滨市第三医院,NA,黑龙江·鹤岗市,公立医院,综合医院,三级甲等,-,-
哈尔滨市第五医院,NA,黑龙江·鹤岗市,公立医院,综合医院,三级甲等,-,-
哈尔滨市第一专科医院,NA,黑龙江·鹤岗市,公立医院,综合医院,三级甲等,-,-
哈尔滨市儿童医院,NA,黑龙江·鹤岗市,公立医院,综合医院,三级甲等,-,-
哈尔滨市妇幼保健院,NA,黑龙江·鹤岗市,公立医院,综合医院,三级甲等,-,-
哈尔滨市骨伤科医院,NA,黑龙江·鹤岗市,公立医院,综合医院,三级甲等,-,-
