Hospital,Link,Location,Trade,Attribution,Grade,Scale,Establish
绥化市北林区第一人民医院,NA,黑龙江·绥化市,公立医院,综合医院,二级医院,-,2012 年
绥棱林业局医院,NA,黑龙江·绥化市,公立医院,综合医院,二级医院,-,2012 年
塔河林业局职工医院,NA,黑龙江·绥化市,公立医院,综合医院,二级医院,-,2012 年
通北林业局职工医院,NA,黑龙江·绥化市,公立医院,综合医院,二级医院,-,2012 年
逊克县中医院,NA,黑龙江·绥化市,公立医院,综合医院,二级医院,-,2012 年
伊春市五营林业局职工医院,NA,黑龙江·绥化市,公立医院,综合医院,二级医院,-,2012 年
友谊县人民医院,NA,黑龙江·绥化市,公立医院,综合医院,二级医院,-,2012 年
肇源县医院,NA,黑龙江·绥化市,公立医院,综合医院,二级医院,-,2012 年
