Hospital,Link,Location,Trade,Attribution,Grade,Scale,Establish
五营林业局职工医院,NA,黑龙江·伊春市,公立医院,综合医院,二级甲等,-,1957 年
延寿县人民医院,NA,黑龙江·伊春市,公立医院,综合医院,二级甲等,-,1957 年
依安县人民医院,NA,黑龙江·伊春市,公立医院,综合医院,二级甲等,-,1957 年
伊春市第一人民医院,NA,黑龙江·伊春市,公立医院,综合医院,二级甲等,-,1957 年
伊春市中医院,NA,黑龙江·伊春市,公立医院,综合医院,二级甲等,-,1957 年
依兰县人民医院,NA,黑龙江·伊春市,公立医院,综合医院,二级甲等,-,1957 年
肇东市工人医院,NA,黑龙江·伊春市,公立医院,综合医院,二级甲等,-,1957 年
肇东市人民医院,NA,黑龙江·伊春市,公立医院,综合医院,二级甲等,-,1957 年
肇东市中医医院,NA,黑龙江·伊春市,公立医院,综合医院,二级甲等,-,1957 年
中国人民解放军哈尔滨宏征医院,NA,黑龙江·伊春市,公立医院,综合医院,二级甲等,-,1957 年
中国人民解放军联勤保障部队第九六三医院,NA,黑龙江·伊春市,公立医院,综合医院,二级甲等,-,1957 年
