Hospital,Link,Location,Trade,Attribution,Grade,Scale,Establish
东北轻合金加工厂职工医院,NA,黑龙江·哈尔滨市,公立医院,综合医院,二级甲等,-,-
杜尔伯特县人民医院,NA,黑龙江·哈尔滨市,公立医院,综合医院,二级甲等,-,-
方正县人民医院,NA,黑龙江·哈尔滨市,公立医院,综合医院,二级甲等,-,-
富锦市中心医院,NA,黑龙江·哈尔滨市,公立医院,综合医院,二级甲等,-,-
甘南县人民医院,NA,黑龙江·哈尔滨市,公立医院,综合医院,二级甲等,-,-
甘南县中医院,NA,黑龙江·哈尔滨市,公立医院,综合医院,二级甲等,-,-
哈尔滨电机厂医院,NA,黑龙江·哈尔滨市,公立医院,综合医院,二级甲等,-,-
哈尔滨第六医院,NA,黑龙江·哈尔滨市,公立医院,综合医院,二级甲等,-,-
哈尔滨工业大学医院,NA,黑龙江·哈尔滨市,公立医院,综合医院,二级甲等,-,-
哈尔滨锅炉厂医院,NA,黑龙江·哈尔滨市,公立医院,综合医院,二级甲等,-,-
哈尔滨市宾县人民医院,NA,黑龙江·哈尔滨市,公立医院,综合医院,二级甲等,-,-
哈尔滨市朝鲜民族医院,NA,黑龙江·哈尔滨市,公立医院,综合医院,二级甲等,-,-
哈尔滨市道里区人民医院,NA,黑龙江·哈尔滨市,公立医院,综合医院,二级甲等,-,-
哈尔滨市道外区太平人民医院,NA,黑龙江·哈尔滨市,公立医院,综合医院,二级甲等,-,-
哈尔滨市道外区牙病防治院,NA,黑龙江·哈尔滨市,公立医院,综合医院,二级甲等,-,-
哈尔滨市第八医院,NA,黑龙江·哈尔滨市,公立医院,综合医院,二级甲等,-,-
哈尔滨市第九医院,NA,黑龙江·哈尔滨市,公立医院,综合医院,二级甲等,-,-
哈尔滨市公安医院,NA,黑龙江·哈尔滨市,公立医院,综合医院,二级甲等,-,-
哈尔滨市呼兰区中医医院,NA,黑龙江·哈尔滨市,公立医院,综合医院,二级甲等,-,-
哈尔滨市香坊区人民医院,NA,黑龙江·哈尔滨市,公立医院,综合医院,二级甲等,-,-
