Hospital,Link,Location,Trade,Attribution,Grade,Scale,Establish
兰西县人民医院,NA,黑龙江·绥化市,公立医院,综合医院,二级甲等,-,1953 年
林口县人民医院,NA,黑龙江·绥化市,公立医院,综合医院,二级甲等,-,1953 年
龙江县第二人民医院,NA,黑龙江·绥化市,公立医院,综合医院,二级甲等,-,1953 年
龙江县第一人民医院,NA,黑龙江·绥化市,公立医院,综合医院,二级甲等,-,1953 年
龙江县中医医院,NA,黑龙江·绥化市,公立医院,综合医院,二级甲等,-,1953 年
萝北县人民医院,NA,黑龙江·绥化市,公立医院,综合医院,二级甲等,-,1953 年
明水县人民医院,NA,黑龙江·绥化市,公立医院,综合医院,二级甲等,-,1953 年
密山市中医医院,NA,黑龙江·绥化市,公立医院,综合医院,二级甲等,-,1953 年
漠河市人民医院,NA,黑龙江·绥化市,公立医院,综合医院,二级甲等,-,1953 年
牡丹江农管局8511农场医院,NA,黑龙江·绥化市,公立医院,综合医院,二级甲等,-,1953 年
牡丹江农管局职工医院,NA,黑龙江·绥化市,公立医院,综合医院,二级甲等,-,1953 年
牡丹江市口腔医院,NA,黑龙江·绥化市,公立医院,综合医院,二级甲等,-,1953 年
穆棱市第一人民医院,NA,黑龙江·绥化市,公立医院,综合医院,二级甲等,-,1953 年
讷河市妇幼保健院,NA,黑龙江·绥化市,公立医院,综合医院,二级甲等,-,1953 年
讷河市人民医院,NA,黑龙江·绥化市,公立医院,综合医院,二级甲等,-,1953 年
讷河市中医院,NA,黑龙江·绥化市,公立医院,综合医院,二级甲等,-,1953 年
嫩江县人民医院,NA,黑龙江·绥化市,公立医院,综合医院,二级甲等,-,1953 年
宁安市中医院,NA,黑龙江·绥化市,公立医院,综合医院,二级甲等,-,1953 年
庆安县人民医院,NA,黑龙江·绥化市,公立医院,综合医院,二级甲等,-,1953 年
齐齐哈尔北满特钢集团职工医院,NA,黑龙江·绥化市,公立医院,综合医院,二级甲等,-,1953 年
