Hospital,Link,Location,Trade,Attribution,Grade,Scale,Establish
大庆石油管理局八百垧第一职工医院,NA,黑龙江·大庆市,公立医院,综合医院,二级乙等,-,-
大庆石油管理局萨中第一职工医院,NA,黑龙江·大庆市,公立医院,综合医院,二级乙等,-,-
大庆油田总医院集团乘风医院,NA,黑龙江·大庆市,公立医院,综合医院,二级乙等,-,-
大庆油田总医院集团脑血管医院,NA,黑龙江·大庆市,公立医院,综合医院,二级乙等,-,-
大兴安岭红十字会骨伤医院,NA,黑龙江·大庆市,公立医院,综合医院,二级乙等,-,-
东宁县中医院,NA,黑龙江·大庆市,公立医院,综合医院,二级乙等,-,-
杜尔伯特蒙古族自治县中医院,NA,黑龙江·大庆市,公立医院,综合医院,二级乙等,-,-
杜蒙自治县中蒙医院,NA,黑龙江·大庆市,公立医院,综合医院,二级乙等,-,-
抚远县人民医院,NA,黑龙江·大庆市,公立医院,综合医院,二级乙等,-,-
富裕县人民医院,NA,黑龙江·大庆市,公立医院,综合医院,二级乙等,-,-
富裕县中医医院,NA,黑龙江·大庆市,公立医院,综合医院,二级乙等,-,-
富裕县中医院,NA,黑龙江·大庆市,公立医院,综合医院,二级乙等,-,-
哈尔滨市道外区太平中西医结合医院,NA,黑龙江·大庆市,公立医院,综合医院,二级乙等,-,-
哈尔滨市动力区护理医院,NA,黑龙江·大庆市,公立医院,综合医院,二级乙等,-,-
哈尔滨市呼兰区第一人民医院,NA,黑龙江·大庆市,公立医院,综合医院,二级乙等,-,-
哈尔滨市老年医院,NA,黑龙江·大庆市,公立医院,综合医院,二级乙等,-,-
哈尔滨市穆斯林医院,NA,黑龙江·大庆市,公立医院,综合医院,二级乙等,-,-
哈尔滨市双城区中医院,NA,黑龙江·大庆市,公立医院,综合医院,二级乙等,-,-
哈尔滨星光医院,NA,黑龙江·大庆市,公立医院,综合医院,二级乙等,-,-
海林林业局医院,NA,黑龙江·大庆市,公立医院,综合医院,二级乙等,-,-
