Hospital,Link,Location,Trade,Attribution,Grade,Scale,Establish
牡丹江市中医院,NA,黑龙江·牡丹江市,公立医院,专科医院,三级甲等,-,1952 年
牡丹江医学院第二附属医院,NA,黑龙江·牡丹江市,公立医院,专科医院,三级甲等,-,1952 年
齐齐哈尔建华医院,NA,黑龙江·牡丹江市,公立医院,专科医院,三级甲等,-,1952 年
齐齐哈尔市第一医院,NA,黑龙江·牡丹江市,公立医院,专科医院,三级甲等,-,1952 年
齐齐哈尔市中医院,NA,黑龙江·牡丹江市,公立医院,专科医院,三级甲等,-,1952 年
齐齐哈尔协育友好医院,NA,黑龙江·牡丹江市,公立医院,专科医院,三级甲等,-,1952 年
齐齐哈尔医学院第一附属医院,NA,黑龙江·牡丹江市,公立医院,专科医院,三级甲等,-,1952 年
齐齐哈尔医学院附属第二医院,NA,黑龙江·牡丹江市,公立医院,专科医院,三级甲等,-,1952 年
齐齐哈尔医学院附属第三医院,NA,黑龙江·牡丹江市,公立医院,专科医院,三级甲等,-,1952 年
齐齐哈尔医学院附属第三医院东区,NA,黑龙江·牡丹江市,公立医院,专科医院,三级甲等,-,1952 年
七台河七煤医院,NA,黑龙江·牡丹江市,公立医院,专科医院,三级甲等,-,1952 年
七台河市人民医院,NA,黑龙江·牡丹江市,公立医院,专科医院,三级甲等,-,1952 年
双鸭山矿业集团总医院,NA,黑龙江·牡丹江市,公立医院,专科医院,三级甲等,-,1952 年
双鸭山市人民医院,NA,黑龙江·牡丹江市,公立医院,专科医院,三级甲等,-,1952 年
绥化市第一医院,NA,黑龙江·牡丹江市,公立医院,专科医院,三级甲等,-,1952 年
绥化市妇幼保健院,NA,黑龙江·牡丹江市,公立医院,专科医院,三级甲等,-,1952 年
中国人民解放军第二0三医院,NA,黑龙江·牡丹江市,公立医院,专科医院,三级甲等,-,1952 年
中国人民解放军联勤保障部队第九六二医院,NA,黑龙江·牡丹江市,公立医院,专科医院,三级甲等,-,1952 年
中国人民解放军联勤保障部队第九六一医院,NA,黑龙江·牡丹江市,公立医院,专科医院,三级甲等,-,1952 年
