Hospital,Link,Location,Trade,Attribution,Grade,Scale,Establish
复旦大学附属金山医院,NA,上海·金山区,公立医院,综合医院,三级乙等,1000 人以上,1975 年
复旦大学附属中山医院青浦分院,NA,上海·金山区,公立医院,综合医院,三级乙等,1000 人以上,1975 年
上海市闵行区中心医院,NA,上海·金山区,公立医院,综合医院,三级乙等,1000 人以上,1975 年
上海市浦东新区公利医院,NA,上海·金山区,公立医院,综合医院,三级乙等,1000 人以上,1975 年
上海市浦东新区人民医院,NA,上海·金山区,公立医院,综合医院,三级乙等,1000 人以上,1975 年
上海市普陀区中心医院,NA,上海·金山区,公立医院,综合医院,三级乙等,1000 人以上,1975 年
上海市松江区中心医院,NA,上海·金山区,公立医院,综合医院,三级乙等,1000 人以上,1975 年
上海市同仁医院,NA,上海·金山区,公立医院,综合医院,三级乙等,1000 人以上,1975 年
上海市徐汇区中心医院,NA,上海·金山区,公立医院,综合医院,三级乙等,1000 人以上,1975 年
上海市杨浦区中心医院,NA,上海·金山区,公立医院,综合医院,三级乙等,1000 人以上,1975 年
复旦大学附属上海市第五人民医院,NA,上海·金山区,公立医院,综合医院,三级乙等,1000 人以上,1975 年
上海交通大学医学院附属新华医院崇明分院,NA,上海·金山区,公立医院,综合医院,三级乙等,1000 人以上,1975 年
上海市第一康复医院,NA,上海·金山区,公立医院,综合医院,三级乙等,1000 人以上,1975 年
上海市奉贤区中心医院,NA,上海·金山区,公立医院,综合医院,三级乙等,1000 人以上,1975 年
上海市青浦区中心医院,NA,上海·金山区,公立医院,综合医院,三级乙等,1000 人以上,1975 年
上海市眼科医院,NA,上海·金山区,公立医院,综合医院,三级乙等,1000 人以上,1975 年
上海市针灸经络研究所医疗门诊部,NA,上海·金山区,公立医院,综合医院,三级乙等,1000 人以上,1975 年
同济大学附属杨浦医院,NA,上海·金山区,公立医院,综合医院,三级乙等,1000 人以上,1975 年
