Hospital,Link,Location,Trade,Attribution,Grade,Scale,Establish
上海全景医学影像诊断中心,NA,上海·徐汇区,民营医院,其他,未定级,500-999 人,2015 年
上海全康医疗中心,NA,上海·徐汇区,民营医院,其他,未定级,500-999 人,2015 年
上海瑞慈门诊部,NA,上海·徐汇区,民营医院,其他,未定级,500-999 人,2015 年
上海瑞慈水仙妇儿医院,NA,上海·徐汇区,民营医院,其他,未定级,500-999 人,2015 年
上海申德医院,NA,上海·徐汇区,民营医院,其他,未定级,500-999 人,2015 年
上海市第二康复医院,NA,上海·徐汇区,民营医院,其他,未定级,500-999 人,2015 年
上海市第四康复医院,NA,上海·徐汇区,民营医院,其他,未定级,500-999 人,2015 年
上海太平康复医院,NA,上海·徐汇区,民营医院,其他,未定级,500-999 人,2015 年
上海天佑医院,NA,上海·徐汇区,民营医院,其他,未定级,500-999 人,2015 年
上海幸元会健康体检中心,NA,上海·徐汇区,民营医院,其他,未定级,500-999 人,2015 年
上海新起点康复医院,NA,上海·徐汇区,民营医院,其他,未定级,500-999 人,2015 年
上海怡得康护理站,NA,上海·徐汇区,民营医院,其他,未定级,500-999 人,2015 年
上海伊咏儿科门诊部,NA,上海·徐汇区,民营医院,其他,未定级,500-999 人,2015 年
上海圆和新永门诊部,NA,上海·徐汇区,民营医院,其他,未定级,500-999 人,2015 年
上海闸新中西医结合医院,NA,上海·徐汇区,民营医院,其他,未定级,500-999 人,2015 年
上海正中脊中医诊所,NA,上海·徐汇区,民营医院,其他,未定级,500-999 人,2015 年
上海卓艺口腔门诊部,NA,上海·徐汇区,民营医院,其他,未定级,500-999 人,2015 年
上海曜影医院,NA,上海·徐汇区,民营医院,其他,未定级,500-999 人,2015 年
上海沃德医疗中心,NA,上海·徐汇区,民营医院,其他,未定级,500-999 人,2015 年
上海美兰湖妇产科医院,NA,上海·徐汇区,民营医院,其他,未定级,500-999 人,2015 年
