Hospital,Link,Location,Trade,Attribution,Grade,Scale,Establish
民航上海医院,NA,上海·上海,公立医院,综合医院,二级乙等,100-499 人,1984 年
上海爱尔眼科医院,NA,上海·上海,公立医院,综合医院,二级乙等,100-499 人,1984 年
上海市金山区亭林医院,NA,上海·上海,公立医院,综合医院,二级乙等,100-499 人,1984 年
上海市瑞金康复医院,NA,上海·上海,公立医院,综合医院,二级乙等,100-499 人,1984 年
崇明区传染病医院,NA,上海·上海,公立医院,综合医院,二级乙等,100-499 人,1984 年
崇明县精神卫生中心,NA,上海·上海,公立医院,综合医院,二级乙等,100-499 人,1984 年
南京晨光集团公司医院,NA,上海·上海,公立医院,综合医院,二级乙等,100-499 人,1984 年
上海第一钢铁厂职工医院,NA,上海·上海,公立医院,综合医院,二级乙等,100-499 人,1984 年
上海航道医院,NA,上海·上海,公立医院,综合医院,二级乙等,100-499 人,1984 年
上海申东医院,NA,上海·上海,公立医院,综合医院,二级乙等,100-499 人,1984 年
上海市宝山区罗店医院,NA,上海·上海,公立医院,综合医院,二级乙等,100-499 人,1984 年
上海市北站医院,NA,上海·上海,公立医院,综合医院,二级乙等,100-499 人,1984 年
上海市崇明区第三人民医院,NA,上海·上海,公立医院,综合医院,二级乙等,100-499 人,1984 年
上海市崇明区妇幼保健所,NA,上海·上海,公立医院,综合医院,二级乙等,100-499 人,1984 年
上海市崇明区康乐医院,NA,上海·上海,公立医院,综合医院,二级乙等,100-499 人,1984 年
上海市第二精神病康复院,NA,上海·上海,公立医院,综合医院,二级乙等,100-499 人,1984 年
上海市第十人民医院崇明分院,NA,上海·上海,公立医院,综合医院,二级乙等,100-499 人,1984 年
上海市奉贤区古华医院,NA,上海·上海,公立医院,综合医院,二级乙等,100-499 人,1984 年
上海市奉贤区牙病防治所,NA,上海·上海,公立医院,综合医院,二级乙等,100-499 人,1984 年
上海市公惠医院,NA,上海·上海,公立医院,综合医院,二级乙等,100-499 人,1984 年
