Hospital,Link,Location,Trade,Attribution,Grade,Scale,Establish
上海市宝山区精神卫生中心,NA,上海·上海,公立医院,专科医院,二级甲等,-,1979 年
上海市宝山区中医院,NA,上海·上海,公立医院,专科医院,二级甲等,-,1979 年
上海市长宁区天山中医医院,NA,上海·上海,公立医院,专科医院,二级甲等,-,1979 年
上海市第二肺科医院,NA,上海·上海,公立医院,专科医院,二级甲等,-,1979 年
上海市第二人民医院,NA,上海·上海,公立医院,专科医院,二级甲等,-,1979 年
上海市第六人民医院金山分院,NA,上海·上海,公立医院,专科医院,二级甲等,-,1979 年
上海市第四人民医院,NA,上海·上海,公立医院,专科医院,二级甲等,-,1979 年
上海市第一人民医院宝山分院,NA,上海·上海,公立医院,专科医院,二级甲等,-,1979 年
上海市第一人民医院松江南院,NA,上海·上海,公立医院,专科医院,二级甲等,-,1979 年
上海市奉贤区奉城人民医院,NA,上海·上海,公立医院,专科医院,二级甲等,-,1979 年
上海市奉贤区海湾医院,NA,上海·上海,公立医院,专科医院,二级甲等,-,1979 年
上海市奉贤区中医医院,NA,上海·上海,公立医院,专科医院,二级甲等,-,1979 年
上海市海员医院,NA,上海·上海,公立医院,专科医院,二级甲等,-,1979 年
上海市虹口区妇幼保健院,NA,上海·上海,公立医院,专科医院,二级甲等,-,1979 年
上海市虹口区精神卫生中心,NA,上海·上海,公立医院,专科医院,二级甲等,-,1979 年
上海市黄浦区传染病医院,NA,上海·上海,公立医院,专科医院,二级甲等,-,1979 年
上海市黄浦区妇幼保健院,NA,上海·上海,公立医院,专科医院,二级甲等,-,1979 年
上海市黄浦区中心医院,NA,上海·上海,公立医院,专科医院,二级甲等,-,1979 年
上海市黄浦区中心医院分部,NA,上海·上海,公立医院,专科医院,二级甲等,-,1979 年
上海市黄浦区中西医结合医院,NA,上海·上海,公立医院,专科医院,二级甲等,-,1979 年
