Hospital,Link,Location,Trade,Attribution,Grade,Scale,Establish
上海阿特蒙医院,NA,上海·浦东新区,民营医院,综合医院,未定级,100-499 人,2019 年
上海贝瞳佳视眼科门诊部,NA,上海·浦东新区,民营医院,综合医院,未定级,100-499 人,2019 年
上海德达医院,NA,上海·浦东新区,民营医院,综合医院,未定级,100-499 人,2019 年
上海德济医院,NA,上海·浦东新区,民营医院,综合医院,未定级,100-499 人,2019 年
上海德馨医院,NA,上海·浦东新区,民营医院,综合医院,未定级,100-499 人,2019 年
上海敦复医院,NA,上海·浦东新区,民营医院,综合医院,未定级,100-499 人,2019 年
上海广慈纪念医院,NA,上海·浦东新区,民营医院,综合医院,未定级,100-499 人,2019 年
上海海华医院,NA,上海·浦东新区,民营医院,综合医院,未定级,100-499 人,2019 年
上海禾滨康复医院,NA,上海·浦东新区,民营医院,综合医院,未定级,100-499 人,2019 年
上海和睦家新城医院,NA,上海·浦东新区,民营医院,综合医院,未定级,100-499 人,2019 年
上海和睦家医院,NA,上海·浦东新区,民营医院,综合医院,未定级,100-499 人,2019 年
上海和平眼科医院,NA,上海·浦东新区,民营医院,综合医院,未定级,100-499 人,2019 年
上海禾新医院,NA,上海·浦东新区,民营医院,综合医院,未定级,100-499 人,2019 年
上海九骅门诊部,NA,上海·浦东新区,民营医院,综合医院,未定级,100-499 人,2019 年
上海力泉医院,NA,上海·浦东新区,民营医院,综合医院,未定级,100-499 人,2019 年
上海美华妇儿医院,NA,上海·浦东新区,民营医院,综合医院,未定级,100-499 人,2019 年
上海美视美景眼科门诊部,NA,上海·浦东新区,民营医院,综合医院,未定级,100-499 人,2019 年
上海美中嘉和肿瘤门诊部,NA,上海·浦东新区,民营医院,综合医院,未定级,100-499 人,2019 年
上海孟超肿瘤医院,NA,上海·浦东新区,民营医院,综合医院,未定级,100-499 人,2019 年
上海品安亨廷顿妇科门诊部,NA,上海·浦东新区,民营医院,综合医院,未定级,100-499 人,2019 年
