Hospital,Link,Location,Trade,Attribution,Grade,Scale,Establish
上海市松江区妇幼保健院,NA,上海·上海,公立医院,专科医院,二级乙等,-,2012 年
上海市松江区九亭医院,NA,上海·上海,公立医院,专科医院,二级乙等,-,2012 年
上海市松江区乐都医院,NA,上海·上海,公立医院,专科医院,二级乙等,-,2012 年
上海市松江区泗泾医院,NA,上海·上海,公立医院,专科医院,二级乙等,-,2012 年
上海市徐汇区大华医院,NA,上海·上海,公立医院,专科医院,二级乙等,-,2012 年
上海市徐汇区妇幼保健所,NA,上海·上海,公立医院,专科医院,二级乙等,-,2012 年
上海市徐汇区日晖地段医院,NA,上海·上海,公立医院,专科医院,二级乙等,-,2012 年
上海市徐汇区宛平地段医院,NA,上海·上海,公立医院,专科医院,二级乙等,-,2012 年
上海市杨浦区妇幼保健院,NA,上海·上海,公立医院,专科医院,二级乙等,-,2012 年
上海市杨浦区控江医院,NA,上海·上海,公立医院,专科医院,二级乙等,-,2012 年
上海市杨浦区中医医院,NA,上海·上海,公立医院,专科医院,二级乙等,-,2012 年
上海市远洋医院,NA,上海·上海,公立医院,专科医院,二级乙等,-,2012 年
上海长航医院,NA,上海·上海,公立医院,专科医院,二级乙等,-,2012 年
上海中医药大学附属龙华医院浦东分院,NA,上海·上海,公立医院,专科医院,二级乙等,-,2012 年
