Hospital,Link,Location,Trade,Attribution,Grade,Scale,Establish
上海市嘉定区妇幼保健院,NA,上海·上海,公立医院,专科医院,二级甲等,-,1950 年
上海市嘉定区精神卫生中心,NA,上海·上海,公立医院,专科医院,二级甲等,-,1950 年
上海市嘉定区中医院,NA,上海·上海,公立医院,专科医院,二级甲等,-,1950 年
上海市江湾医院,NA,上海·上海,公立医院,专科医院,二级甲等,-,1950 年
上海市静安区精神卫生中心,NA,上海·上海,公立医院,专科医院,二级甲等,-,1950 年
上海市静安区市北医院,NA,上海·上海,公立医院,专科医院,二级甲等,-,1950 年
上海市静安区闸北中心医院,NA,上海·上海,公立医院,专科医院,二级甲等,-,1950 年
上海市静安区中心医院,NA,上海·上海,公立医院,专科医院,二级甲等,-,1950 年
上海市金山区疾病防治控制中心,NA,上海·上海,公立医院,专科医院,二级甲等,-,1950 年
上海市金山区中西医结合医院,NA,上海·上海,公立医院,专科医院,二级甲等,-,1950 年
上海市卢湾区妇幼保健院,NA,上海·上海,公立医院,专科医院,二级甲等,-,1950 年
上海市闵行区中医医院,NA,上海·上海,公立医院,专科医院,二级甲等,-,1950 年
上海市南市区精神病防治院,NA,上海·上海,公立医院,专科医院,二级甲等,-,1950 年
上海市浦东新区妇幼保健院,NA,上海·上海,公立医院,专科医院,二级甲等,-,1950 年
上海市浦东新区精神卫生中心,NA,上海·上海,公立医院,专科医院,二级甲等,-,1950 年
上海市浦东新区浦南医院,NA,上海·上海,公立医院,专科医院,二级甲等,-,1950 年
上海市浦东新区中医医院,NA,上海·上海,公立医院,专科医院,二级甲等,-,1950 年
上海市浦东医院,NA,上海·上海,公立医院,专科医院,二级甲等,-,1950 年
上海市普陀区妇幼保健院,NA,上海·上海,公立医院,专科医院,二级甲等,-,1950 年
上海市普陀区利群医院,NA,上海·上海,公立医院,专科医院,二级甲等,-,1950 年
