Hospital,Link,Location,Trade,Attribution,Grade,Scale,Establish
上海市浦东新区医疗急救中心,NA,上海·上海,公立医院,专科医院,二级医院,-,1976 年
上海市普陀区人民医院,NA,上海·上海,公立医院,专科医院,二级医院,-,1976 年
上海市杨浦区中心医院安图分部,NA,上海·上海,公立医院,专科医院,二级医院,-,1976 年
上海市闸北区牙病防治所,NA,上海·上海,公立医院,专科医院,二级医院,-,1976 年
上海万科儿童医院,NA,上海·上海,公立医院,专科医院,二级医院,-,1976 年
上海新华口腔医院,NA,上海·上海,公立医院,专科医院,二级医院,-,1976 年
上海新浦口腔医院,NA,上海·上海,公立医院,专科医院,二级医院,-,1976 年
上海杨思医院,NA,上海·上海,公立医院,专科医院,二级医院,-,1976 年
上海颐康中医医院,NA,上海·上海,公立医院,专科医院,二级医院,-,1976 年
上海悦莱整形美容医院,NA,上海·上海,公立医院,专科医院,二级医院,-,1976 年
太仓厚生眼科医院,NA,上海·上海,公立医院,专科医院,二级医院,-,1976 年
同济大学附属同济医院分院,NA,上海·上海,公立医院,专科医院,二级医院,-,1976 年
医博连锁医院,NA,上海·上海,公立医院,专科医院,二级医院,-,1976 年
