Hospital,Link,Location,Trade,Attribution,Grade,Scale,Establish
复旦大学附属儿科医院,NA,上海·上海,公立医院,专科医院,三级甲等,1000 人以上,1952 年
复旦大学附属妇产科医院,NA,上海·上海,公立医院,专科医院,三级甲等,1000 人以上,1952 年
复旦大学附属华山医院,NA,上海·上海,公立医院,专科医院,三级甲等,1000 人以上,1952 年
复旦大学附属肿瘤医院,NA,上海·上海,公立医院,专科医院,三级甲等,1000 人以上,1952 年
复旦大学附属中山医院,NA,上海·上海,公立医院,专科医院,三级甲等,1000 人以上,1952 年
上海长征医院,NA,上海·上海,公立医院,专科医院,三级甲等,1000 人以上,1952 年
上海第二军医大学附属东方肝胆外科医院,NA,上海·上海,公立医院,专科医院,三级甲等,1000 人以上,1952 年
上海交通大学医学院附属瑞金医院,NA,上海·上海,公立医院,专科医院,三级甲等,1000 人以上,1952 年
上海交通大学医学院附属新华医院,NA,上海·上海,公立医院,专科医院,三级甲等,1000 人以上,1952 年
上海市宝山区中西医结合医院,NA,上海·上海,公立医院,专科医院,三级甲等,1000 人以上,1952 年
上海市第六人民医院,NA,上海·上海,公立医院,专科医院,三级甲等,1000 人以上,1952 年
上海市第六人民医院东院,NA,上海·上海,公立医院,专科医院,三级甲等,1000 人以上,1952 年
上海市第七人民医院,NA,上海·上海,公立医院,专科医院,三级甲等,1000 人以上,1952 年
上海市第十人民医院,NA,上海·上海,公立医院,专科医院,三级甲等,1000 人以上,1952 年
上海市第一妇婴保健院,NA,上海·上海,公立医院,专科医院,三级甲等,1000 人以上,1952 年
上海市第一人民医院,NA,上海·上海,公立医院,专科医院,三级甲等,1000 人以上,1952 年
上海市东方医院,NA,上海·上海,公立医院,专科医院,三级甲等,1000 人以上,1952 年
上海市肺科医院,NA,上海·上海,公立医院,专科医院,三级甲等,1000 人以上,1952 年
上海市公共卫生临床中心,NA,上海·上海,公立医院,专科医院,三级甲等,1000 人以上,1952 年
上海市精神卫生中心,NA,上海·上海,公立医院,专科医院,三级甲等,1000 人以上,1952 年
