Hospital,Link,Location,Trade,Attribution,Grade,Scale,Establish
上海市虹口区牙病防治所,NA,上海·上海,公立医院,专科医院,二级乙等,-,1964 年
上海市黄浦区精神卫生中心,NA,上海·上海,公立医院,专科医院,二级乙等,-,1964 年
上海市黄浦区牙病防治所,NA,上海·上海,公立医院,专科医院,二级乙等,-,1964 年
上海市嘉定区牙病防治所,NA,上海·上海,公立医院,专科医院,二级乙等,-,1964 年
上海市监狱总医院,NA,上海·上海,公立医院,专科医院,二级乙等,-,1964 年
上海市静安区妇幼保健所,NA,上海·上海,公立医院,专科医院,二级乙等,-,1964 年
上海市静安区老年医院,NA,上海·上海,公立医院,专科医院,二级乙等,-,1964 年
上海市静安区老年医院分院,NA,上海·上海,公立医院,专科医院,二级乙等,-,1964 年
上海市静安区牙病防治所,NA,上海·上海,公立医院,专科医院,二级乙等,-,1964 年
上海市燎原农场职工医院,NA,上海·上海,公立医院,专科医院,二级乙等,-,1964 年
上海市卢湾区精神卫生中心,NA,上海·上海,公立医院,专科医院,二级乙等,-,1964 年
上海市闵行区妇幼保健所,NA,上海·上海,公立医院,专科医院,二级乙等,-,1964 年
上海市闵行区吴泾医院,NA,上海·上海,公立医院,专科医院,二级乙等,-,1964 年
上海市民政第一精神卫生中心,NA,上海·上海,公立医院,专科医院,二级乙等,-,1964 年
上海市南汇区传染病医院,NA,上海·上海,公立医院,专科医院,二级乙等,-,1964 年
上海市南汇区结核病防治院,NA,上海·上海,公立医院,专科医院,二级乙等,-,1964 年
上海市南汇区精神卫生中心,NA,上海·上海,公立医院,专科医院,二级乙等,-,1964 年
上海市普陀区中山北路街道医院,NA,上海·上海,公立医院,专科医院,二级乙等,-,1964 年
上海市青浦区朱家角人民医院,NA,上海·上海,公立医院,专科医院,二级乙等,-,1964 年
上海市神州中医院,NA,上海·上海,公立医院,专科医院,二级乙等,-,1964 年
