Hospital,Link,Location,Trade,Attribution,Grade,Scale,Establish
上海市口腔病防治院,NA,上海·上海,公立医院,专科医院,三级甲等,100-499 人,1946 年
上海市同济医院,NA,上海·上海,公立医院,专科医院,三级甲等,100-499 人,1946 年
上海市中西医结合医院,NA,上海·上海,公立医院,专科医院,三级甲等,100-499 人,1946 年
上海市中医医院,NA,上海·上海,公立医院,专科医院,三级甲等,100-499 人,1946 年
上海中医药大学附属龙华医院,NA,上海·上海,公立医院,专科医院,三级甲等,100-499 人,1946 年
上海中医药大学附属岳阳中西医结合医院,NA,上海·上海,公立医院,专科医院,三级甲等,100-499 人,1946 年
中国福利会国际和平妇幼保健院,NA,上海·上海,公立医院,专科医院,三级甲等,100-499 人,1946 年
上海交通大学医学院附属仁济医院,NA,上海·上海,公立医院,专科医院,三级甲等,100-499 人,1946 年
第二军医大学第三附属医院安亭新院,NA,上海·上海,公立医院,专科医院,三级甲等,100-499 人,1946 年
复旦大学附属华山医院北院,NA,上海·上海,公立医院,专科医院,三级甲等,100-499 人,1946 年
复旦大学附属华山医院东院,NA,上海·上海,公立医院,专科医院,三级甲等,100-499 人,1946 年
复旦大学附属眼耳鼻喉科医院,NA,上海·上海,公立医院,专科医院,三级甲等,100-499 人,1946 年
上海长海医院,NA,上海·上海,公立医院,专科医院,三级甲等,100-499 人,1946 年
上海华东医院,NA,上海·上海,公立医院,专科医院,三级甲等,100-499 人,1946 年
上海交通大学医学院附属第九人民医院,NA,上海·上海,公立医院,专科医院,三级甲等,100-499 人,1946 年
上海交通大学医学院附属第九人民医院北院,NA,上海·上海,公立医院,专科医院,三级甲等,100-499 人,1946 年
上海交通大学医学院附属仁济医院北院,NA,上海·上海,公立医院,专科医院,三级甲等,100-499 人,1946 年
上海交通大学医学院附属仁济医院东院,NA,上海·上海,公立医院,专科医院,三级甲等,100-499 人,1946 年
上海交通大学医学院附属仁济医院南院,NA,上海·上海,公立医院,专科医院,三级甲等,100-499 人,1946 年
上海交通大学医学院附属上海儿童医学中心,NA,上海·上海,公立医院,专科医院,三级甲等,100-499 人,1946 年
