Hospital,Link,Location,Trade,Attribution,Grade,Scale,Establish
瑞金医院北院,NA,上海·上海,公立医院,综合医院,三级医院,1000 人以上,2012 年
上海嘉会国际医院,NA,上海·上海,公立医院,综合医院,三级医院,1000 人以上,2012 年
上海蓝十字脑科医院,NA,上海·上海,公立医院,综合医院,三级医院,1000 人以上,2012 年
上海永慈康复医院,NA,上海·上海,公立医院,综合医院,三级医院,1000 人以上,2012 年
上海长征医院浦东新院,NA,上海·上海,公立医院,综合医院,三级医院,1000 人以上,2012 年
上海市皮肤病医院,NA,上海·上海,公立医院,综合医院,三级医院,1000 人以上,2012 年
上海市医疗急救中心,NA,上海·上海,公立医院,综合医院,三级医院,1000 人以上,2012 年
上海新视界中兴眼科医院,NA,上海·上海,公立医院,综合医院,三级医院,1000 人以上,2012 年
