Hospital,Link,Location,Trade,Attribution,Grade,Scale,Establish
上海市宝山区仁和医院,NA,上海·上海,公立医院,综合医院,二级甲等,500-999 人,2000 年
上海市长宁区妇幼保健院,NA,上海·上海,公立医院,综合医院,二级甲等,500-999 人,2000 年
上海市第八人民医院,NA,上海·上海,公立医院,综合医院,二级甲等,500-999 人,2000 年
上海市嘉定区南翔医院,NA,上海·上海,公立医院,综合医院,二级甲等,500-999 人,2000 年
上海市嘉定区中心医院,NA,上海·上海,公立医院,综合医院,二级甲等,500-999 人,2000 年
上海市浦东新区周浦医院,NA,上海·上海,公立医院,综合医院,二级甲等,500-999 人,2000 年
上海中冶医院,NA,上海·上海,公立医院,综合医院,二级甲等,500-999 人,2000 年
上海市宝山区大场医院,NA,上海·上海,公立医院,综合医院,二级甲等,500-999 人,2000 年
复旦大学附属肿瘤医院闵行分院,NA,上海·上海,公立医院,综合医院,二级甲等,500-999 人,2000 年
复旦大学附属中山医院分部,NA,上海·上海,公立医院,综合医院,二级甲等,500-999 人,2000 年
复旦大学医学院医疗保健中心,NA,上海·上海,公立医院,综合医院,二级甲等,500-999 人,2000 年
静安区中医医院,NA,上海·上海,公立医院,综合医院,二级甲等,500-999 人,2000 年
上海第一精神病康复院,NA,上海·上海,公立医院,综合医院,二级甲等,500-999 人,2000 年
上海海港医院,NA,上海·上海,公立医院,综合医院,二级甲等,500-999 人,2000 年
上海衡山虹妇幼医院,NA,上海·上海,公立医院,综合医院,二级甲等,500-999 人,2000 年
上海建工医院,NA,上海·上海,公立医院,综合医院,二级甲等,500-999 人,2000 年
上海交通大学医学院附属瑞金医院卢湾分院,NA,上海·上海,公立医院,综合医院,二级甲等,500-999 人,2000 年
上海交通大学医学院附属同仁医院仙霞路院区,NA,上海·上海,公立医院,综合医院,二级甲等,500-999 人,2000 年
上海浦东新区光明中医医院,NA,上海·上海,公立医院,综合医院,二级甲等,500-999 人,2000 年
上海市宝山区妇幼保健所,NA,上海·上海,公立医院,综合医院,二级甲等,500-999 人,2000 年
