Hospital,Link,Location,Trade,Attribution,Grade,Scale,Establish
上海百佳妇产医院,NA,上海·闵行区,民营医院,专科医院,二级医院,100-499 人,2016 年
上海计生所医院,NA,上海·闵行区,民营医院,专科医院,二级医院,100-499 人,2016 年
上海希玛瑞视眼科医院,NA,上海·闵行区,民营医院,专科医院,二级医院,100-499 人,2016 年
上海慈弘妇产科医院,NA,上海·闵行区,民营医院,专科医院,二级医院,100-499 人,2016 年
上海慈源康复医院,NA,上海·闵行区,民营医院,专科医院,二级医院,100-499 人,2016 年
上海韩镜医疗美容医院,NA,上海·闵行区,民营医院,专科医院,二级医院,100-499 人,2016 年
上海沪东医院,NA,上海·闵行区,民营医院,专科医院,二级医院,100-499 人,2016 年
上海江南造船集团职工医院,NA,上海·闵行区,民营医院,专科医院,二级医院,100-499 人,2016 年
上海九州医院,NA,上海·闵行区,民营医院,专科医院,二级医院,100-499 人,2016 年
上海康平医院,NA,上海·闵行区,民营医院,专科医院,二级医院,100-499 人,2016 年
上海善方医院,NA,上海·闵行区,民营医院,专科医院,二级医院,100-499 人,2016 年
上海申园康复医院,NA,上海·闵行区,民营医院,专科医院,二级医院,100-499 人,2016 年
上海市奉贤区精神卫生中心,NA,上海·闵行区,民营医院,专科医院,二级医院,100-499 人,2016 年
上海市奉贤区皮肤病防治所,NA,上海·闵行区,民营医院,专科医院,二级医院,100-499 人,2016 年
上海市嘉定区安亭医院,NA,上海·闵行区,民营医院,专科医院,二级医院,100-499 人,2016 年
上海市嘉定区江桥医院,NA,上海·闵行区,民营医院,专科医院,二级医院,100-499 人,2016 年
上海市金山区牙病防治所,NA,上海·闵行区,民营医院,专科医院,二级医院,100-499 人,2016 年
上海市闵行区牙病防治所,NA,上海·闵行区,民营医院,专科医院,二级医院,100-499 人,2016 年
上海市浦东新区肺科医院,NA,上海·闵行区,民营医院,专科医院,二级医院,100-499 人,2016 年
上海市浦东新区老年医院,NA,上海·闵行区,民营医院,专科医院,二级医院,100-499 人,2016 年
