Hospital,Link,Location,Trade,Attribution,Grade,Scale,Establish
上海市儿童医院,NA,上海·上海,公立医院,专科医院,三级甲等,-,2012 年
上海市光华中西医结合医院,NA,上海·上海,公立医院,专科医院,三级甲等,-,2012 年
上海市精神卫生中心闵行院区,NA,上海·上海,公立医院,专科医院,三级甲等,-,2012 年
上海市浦东新区传染病医院,NA,上海·上海,公立医院,专科医院,三级甲等,-,2012 年
上海市胸科医院,NA,上海·上海,公立医院,专科医院,三级甲等,-,2012 年
上海中医药大学附属曙光医院,NA,上海·上海,公立医院,专科医院,三级甲等,-,2012 年
上海中医药大学附属曙光医院东院,NA,上海·上海,公立医院,专科医院,三级甲等,-,2012 年
中国人民解放军第四五五医院,NA,上海·上海,公立医院,专科医院,三级甲等,-,2012 年
中国人民解放军第四一一医院,NA,上海·上海,公立医院,专科医院,三级甲等,-,2012 年
中国人民解放军海军第九Ｏ五医院,NA,上海·上海,公立医院,专科医院,三级甲等,-,2012 年
中国人民武装警察部队上海总队医院,NA,上海·上海,公立医院,专科医院,三级甲等,-,2012 年
