Hospital,Link,Location,Trade,Attribution,Grade,Scale,Establish
上海市普陀区中医医院,NA,上海·上海,公立医院,专科医院,二级甲等,-,-
上海市青浦区中医院,NA,上海·上海,公立医院,专科医院,二级甲等,-,-
上海市曲阳街道社区卫生服务中心,NA,上海·上海,公立医院,专科医院,二级甲等,-,-
上海市松江区方塔中医院,NA,上海·上海,公立医院,专科医院,二级甲等,-,-
上海市松江区精神卫生中心,NA,上海·上海,公立医院,专科医院,二级甲等,-,-
上海市香山中医医院,NA,上海·上海,公立医院,专科医院,二级甲等,-,-
上海市杨浦区精神卫生中心,NA,上海·上海,公立医院,专科医院,二级甲等,-,-
上海市杨浦区民星地段医院,NA,上海·上海,公立医院,专科医院,二级甲等,-,-
上海市杨浦区市东医院,NA,上海·上海,公立医院,专科医院,二级甲等,-,-
上海市养志康复医院,NA,上海·上海,公立医院,专科医院,二级甲等,-,-
上海邮电医院,NA,上海·上海,公立医院,专科医院,二级甲等,-,-
中国人民解放军第108医院,NA,上海·上海,公立医院,专科医院,二级甲等,-,-
