Hospital,Link,Location,Trade,Attribution,Grade,Scale,Establish
徐州市东方人民医院,NA,江苏·徐州市,公立医院,专科医院,三级甲等,-,1973 年
徐州市妇幼保健院,NA,江苏·徐州市,公立医院,专科医院,三级甲等,-,1973 年
徐州市中心医院,NA,江苏·徐州市,公立医院,专科医院,三级甲等,-,1973 年
徐州市中医院,NA,江苏·徐州市,公立医院,专科医院,三级甲等,-,1973 年
徐州医科大学附属儿童医院,NA,江苏·徐州市,公立医院,专科医院,三级甲等,-,1973 年
盐城市第三人民医院,NA,江苏·徐州市,公立医院,专科医院,三级甲等,-,1973 年
盐城市第四人民医院,NA,江苏·徐州市,公立医院,专科医院,三级甲等,-,1973 年
盐城市第一人民医院,NA,江苏·徐州市,公立医院,专科医院,三级甲等,-,1973 年
盐城市妇幼保健院,NA,江苏·徐州市,公立医院,专科医院,三级甲等,-,1973 年
扬州市妇幼保健院,NA,江苏·徐州市,公立医院,专科医院,三级甲等,-,1973 年
扬州市中医院,NA,江苏·徐州市,公立医院,专科医院,三级甲等,-,1973 年
宜兴市人民医院,NA,江苏·徐州市,公立医院,专科医院,三级甲等,-,1973 年
镇江市第四人民医院,NA,江苏·徐州市,公立医院,专科医院,三级甲等,-,1973 年
镇江市中医院,NA,江苏·徐州市,公立医院,专科医院,三级甲等,-,1973 年
中国人民解放军第八二医院,NA,江苏·徐州市,公立医院,专科医院,三级甲等,-,1973 年
中国人民解放军第九七医院,NA,江苏·徐州市,公立医院,专科医院,三级甲等,-,1973 年
中国人民解放军联勤保障部队第九〇四医院,NA,江苏·徐州市,公立医院,专科医院,三级甲等,-,1973 年
中国人民解放军联勤保障部队第九〇四医院常州院区,NA,江苏·徐州市,公立医院,专科医院,三级甲等,-,1973 年
中国医学科学院皮肤病医院,NA,江苏·徐州市,公立医院,专科医院,三级甲等,-,1973 年
