Hospital,Link,Location,Trade,Attribution,Grade,Scale,Establish
扬州市第二人民医院,NA,江苏·扬州市,公立医院,专科医院,二级甲等,-,1972 年
扬州市江都妇幼保健院,NA,江苏·扬州市,公立医院,专科医院,二级甲等,-,1972 年
扬州友好医院,NA,江苏·扬州市,公立医院,专科医院,二级甲等,-,1972 年
宜兴市第二人民医院,NA,江苏·扬州市,公立医院,专科医院,二级甲等,-,1972 年
宜兴市肿瘤医院,NA,江苏·扬州市,公立医院,专科医院,二级甲等,-,1972 年
仪征市中医院,NA,江苏·扬州市,公立医院,专科医院,二级甲等,-,1972 年
张家港广和中西医结合医院,NA,江苏·扬州市,公立医院,专科医院,二级甲等,-,1972 年
张家港市第三人民医院,NA,江苏·扬州市,公立医院,专科医院,二级甲等,-,1972 年
张家港市锦丰镇人民医院,NA,江苏·扬州市,公立医院,专科医院,二级甲等,-,1972 年
镇江市丹徒区人民医院,NA,江苏·扬州市,公立医院,专科医院,二级甲等,-,1972 年
镇江市第一人民医院新区分院,NA,江苏·扬州市,公立医院,专科医院,二级甲等,-,1972 年
镇江市口腔医院,NA,江苏·扬州市,公立医院,专科医院,二级甲等,-,1972 年
中国人民解放军83567部队医院,NA,江苏·扬州市,公立医院,专科医院,二级甲等,-,1972 年
中国人民解放军一四九医院,NA,江苏·扬州市,公立医院,专科医院,二级甲等,-,1972 年
中国人民武装警察部队江苏总队南京医院,NA,江苏·扬州市,公立医院,专科医院,二级甲等,-,1972 年
中煤能源大屯公司中心医院,NA,江苏·扬州市,公立医院,专科医院,二级甲等,-,1972 年
兴化市妇幼保健院,NA,江苏·扬州市,公立医院,专科医院,二级甲等,-,1972 年
