Hospital,Link,Location,Trade,Attribution,Grade,Scale,Establish
苏州高新区人民医院,NA,江苏·苏州市,公立医院,综合医院,二级甲等,-,1952 年
苏州市第七人民医院,NA,江苏·苏州市,公立医院,综合医院,二级甲等,-,1952 年
苏州市华夏口腔医院,NA,江苏·苏州市,公立医院,综合医院,二级甲等,-,1952 年
苏州市吴江区中医医院,NA,江苏·苏州市,公立医院,综合医院,二级甲等,-,1952 年
苏州市吴中区第二人民医院,NA,江苏·苏州市,公立医院,综合医院,二级甲等,-,1952 年
苏州市吴中人民医院,NA,江苏·苏州市,公立医院,综合医院,二级甲等,-,1952 年
苏州市相城人民医院,NA,江苏·苏州市,公立医院,综合医院,二级甲等,-,1952 年
太仓市第三人民医院,NA,江苏·苏州市,公立医院,综合医院,二级甲等,-,1952 年
太仓市浏河人民医院,NA,江苏·苏州市,公立医院,综合医院,二级甲等,-,1952 年
泰兴市中医院,NA,江苏·苏州市,公立医院,综合医院,二级甲等,-,1952 年
泰州市第四人民医院,NA,江苏·苏州市,公立医院,综合医院,二级甲等,-,1952 年
泰州市第四人民医院西站分院,NA,江苏·苏州市,公立医院,综合医院,二级甲等,-,1952 年
泰州市高港中医院,NA,江苏·苏州市,公立医院,综合医院,二级甲等,-,1952 年
铜山区中医院,NA,江苏·苏州市,公立医院,综合医院,二级甲等,-,1952 年
武警八六九Ｏ医院,NA,江苏·苏州市,公立医院,综合医院,二级甲等,-,1952 年
无锡市滨湖区中医院,NA,江苏·苏州市,公立医院,综合医院,二级甲等,-,1952 年
无锡市第八人民医院,NA,江苏·苏州市,公立医院,综合医院,二级甲等,-,1952 年
无锡市惠山区人民医院,NA,江苏·苏州市,公立医院,综合医院,二级甲等,-,1952 年
无锡市老年病医院,NA,江苏·苏州市,公立医院,综合医院,二级甲等,-,1952 年
无锡市锡山区传染病医院,NA,江苏·苏州市,公立医院,综合医院,二级甲等,-,1952 年
