Hospital,Link,Location,Trade,Attribution,Grade,Scale,Establish
苏州大学附属第一医院盛泽分院,NA,江苏·苏州市,公立医院,综合医院,二级乙等,-,1956 年
苏州工业园区星海医院,NA,江苏·苏州市,公立医院,综合医院,二级乙等,-,1956 年
苏州市金阊医院,NA,江苏·苏州市,公立医院,综合医院,二级乙等,-,1956 年
苏州市吴中区甪直镇人民医院,NA,江苏·苏州市,公立医院,综合医院,二级乙等,-,1956 年
苏州市相城区第三人民医院,NA,江苏·苏州市,公立医院,综合医院,二级乙等,-,1956 年
苏州市相城区中医院,NA,江苏·苏州市,公立医院,综合医院,二级乙等,-,1956 年
苏州市消防医院,NA,江苏·苏州市,公立医院,综合医院,二级乙等,-,1956 年
太仓市沙溪人民医院,NA,江苏·苏州市,公立医院,综合医院,二级乙等,-,1956 年
太仓新安康复医院,NA,江苏·苏州市,公立医院,综合医院,二级乙等,-,1956 年
铁道部浦镇车辆厂职工医院,NA,江苏·苏州市,公立医院,综合医院,二级乙等,-,1956 年
无锡二泉医院,NA,江苏·苏州市,公立医院,综合医院,二级乙等,-,1956 年
无锡市第六人民医院,NA,江苏·苏州市,公立医院,综合医院,二级乙等,-,1956 年
无锡市惠山区第二人民医院,NA,江苏·苏州市,公立医院,综合医院,二级乙等,-,1956 年
无锡市新区医院,NA,江苏·苏州市,公立医院,综合医院,二级乙等,-,1956 年
无锡市锡山区东亭医院,NA,江苏·苏州市,公立医院,综合医院,二级乙等,-,1956 年
无锡市锡山区鹅湖人民医院,NA,江苏·苏州市,公立医院,综合医院,二级乙等,-,1956 年
无锡市锡山区中医医院,NA,江苏·苏州市,公立医院,综合医院,二级乙等,-,1956 年
相城区第二人民医院,NA,江苏·苏州市,公立医院,综合医院,二级乙等,-,1956 年
兴化市戴南人民医院,NA,江苏·苏州市,公立医院,综合医院,二级乙等,-,1956 年
徐州爱心医院,NA,江苏·苏州市,公立医院,综合医院,二级乙等,-,1956 年
