Hospital,Link,Location,Trade,Attribution,Grade,Scale,Establish
南京龙蟠结石医院,NA,江苏·南京市,民营医院,综合医院,二级医院,-,1999 年
南京玛丽妇产医院,NA,江苏·南京市,民营医院,综合医院,二级医院,-,1999 年
南京马应龙中医医院,NA,江苏·南京市,民营医院,综合医院,二级医院,-,1999 年
南京南华骨科医院,NA,江苏·南京市,民营医院,综合医院,二级医院,-,1999 年
南京脑康中医医院,NA,江苏·南京市,民营医院,综合医院,二级医院,-,1999 年
南京仁品耳鼻喉专科医院,NA,江苏·南京市,民营医院,综合医院,二级医院,-,1999 年
南京瑞东医院,NA,江苏·南京市,民营医院,综合医院,二级医院,-,1999 年
南京瑞海博康复医院,NA,江苏·南京市,民营医院,综合医院,二级医院,-,1999 年
南京市残疾儿童康复中心,NA,江苏·南京市,民营医院,综合医院,二级医院,-,1999 年
南京市鼓楼区阅江楼社区卫生服务中心,NA,江苏·南京市,民营医院,综合医院,二级医院,-,1999 年
南京世纪现代妇产医院,NA,江苏·南京市,民营医院,综合医院,二级医院,-,1999 年
南京市秦淮区中医医院,NA,江苏·南京市,民营医院,综合医院,二级医院,-,1999 年
南京天伦医院,NA,江苏·南京市,民营医院,综合医院,二级医院,-,1999 年
南京雅度口腔医院,NA,江苏·南京市,民营医院,综合医院,二级医院,-,1999 年
南通和美家妇产科医院,NA,江苏·南京市,民营医院,综合医院,二级医院,-,1999 年
南通良春中医医院,NA,江苏·南京市,民营医院,综合医院,二级医院,-,1999 年
沛县大屯镇中心卫生院,NA,江苏·南京市,民营医院,综合医院,二级医院,-,1999 年
沛县嘉华医院,NA,江苏·南京市,民营医院,综合医院,二级医院,-,1999 年
沛县敬安镇中心卫生院,NA,江苏·南京市,民营医院,综合医院,二级医院,-,1999 年
邳州安康医院,NA,江苏·南京市,民营医院,综合医院,二级医院,-,1999 年
