Hospital,Link,Location,Trade,Attribution,Grade,Scale,Establish
徐州仁慈医院,NA,江苏·徐州市,民营医院,专科医院,三级医院,500-999 人,2000 年
徐州市康复医院,NA,江苏·徐州市,民营医院,专科医院,三级医院,500-999 人,2000 年
扬州市第三人民医院,NA,江苏·徐州市,民营医院,专科医院,三级医院,500-999 人,2000 年
张家港澳洋医院,NA,江苏·徐州市,民营医院,专科医院,三级医院,500-999 人,2000 年
常州市德安医院,NA,江苏·徐州市,民营医院,专科医院,三级医院,500-999 人,2000 年
常州市第七人民医院,NA,江苏·徐州市,民营医院,专科医院,三级医院,500-999 人,2000 年
常州市金坛区人民医院,NA,江苏·徐州市,民营医院,专科医院,三级医院,500-999 人,2000 年
赣榆区人民医院,NA,江苏·徐州市,民营医院,专科医院,三级医院,500-999 人,2000 年
高邮市人民医院,NA,江苏·徐州市,民营医院,专科医院,三级医院,500-999 人,2000 年
海门市人民医院,NA,江苏·徐州市,民营医院,专科医院,三级医院,500-999 人,2000 年
淮安市第三人民医院,NA,江苏·徐州市,民营医院,专科医院,三级医院,500-999 人,2000 年
江苏人民医院钟山康复分院,NA,江苏·徐州市,民营医院,专科医院,三级医院,500-999 人,2000 年
江苏省扬州五台山医院,NA,江苏·徐州市,民营医院,专科医院,三级医院,500-999 人,2000 年
江苏元林康复医院,NA,江苏·徐州市,民营医院,专科医院,三级医院,500-999 人,2000 年
建湖县人民医院,NA,江苏·徐州市,民营医院,专科医院,三级医院,500-999 人,2000 年
金坛区人民医院,NA,江苏·徐州市,民营医院,专科医院,三级医院,500-999 人,2000 年
涟水县人民医院,NA,江苏·徐州市,民营医院,专科医院,三级医院,500-999 人,2000 年
连云港市第四人民医院,NA,江苏·徐州市,民营医院,专科医院,三级医院,500-999 人,2000 年
南京东南眼科医院,NA,江苏·徐州市,民营医院,专科医院,三级医院,500-999 人,2000 年
南京市溧水区人民医院,NA,江苏·徐州市,民营医院,专科医院,三级医院,500-999 人,2000 年
