Hospital,Link,Location,Trade,Attribution,Grade,Scale,Establish
南京市栖霞区妇幼保健院,NA,江苏·南京市,公立医院,综合医院,二级乙等,-,1949 年
南京市下关中医院,NA,江苏·南京市,公立医院,综合医院,二级乙等,-,1949 年
南京市玄武区中医院,NA,江苏·南京市,公立医院,综合医院,二级乙等,-,1949 年
南京市玄武医院,NA,江苏·南京市,公立医院,综合医院,二级乙等,-,1949 年
南京市雨花医院,NA,江苏·南京市,公立医院,综合医院,二级乙等,-,1949 年
南通江海医院,NA,江苏·南京市,公立医院,综合医院,二级乙等,-,1949 年
南通市通州区第八人民医院,NA,江苏·南京市,公立医院,综合医院,二级乙等,-,1949 年
南通市通州区第六人民医院,NA,江苏·南京市,公立医院,综合医院,二级乙等,-,1949 年
启东市第二人民医院,NA,江苏·南京市,公立医院,综合医院,二级乙等,-,1949 年
如东县第二人民医院,NA,江苏·南京市,公立医院,综合医院,二级乙等,-,1949 年
如东县第三人民医院,NA,江苏·南京市,公立医院,综合医院,二级乙等,-,1949 年
如东县丰利医院,NA,江苏·南京市,公立医院,综合医院,二级乙等,-,1949 年
如皋市第四人民医院,NA,江苏·南京市,公立医院,综合医院,二级乙等,-,1949 年
上海市东方医院集团宿迁市东方医院,NA,江苏·南京市,公立医院,综合医院,二级乙等,-,1949 年
射阳县新洋农场医院,NA,江苏·南京市,公立医院,综合医院,二级乙等,-,1949 年
沭阳南关医院,NA,江苏·南京市,公立医院,综合医院,二级乙等,-,1949 年
沭阳协和医院,NA,江苏·南京市,公立医院,综合医院,二级乙等,-,1949 年
泗洪县中心医院,NA,江苏·南京市,公立医院,综合医院,二级乙等,-,1949 年
泗阳康达医院,NA,江苏·南京市,公立医院,综合医院,二级乙等,-,1949 年
宿城区人民医院,NA,江苏·南京市,公立医院,综合医院,二级乙等,-,1949 年
