Hospital,Link,Location,Trade,Attribution,Grade,Scale,Establish
分金亭肿瘤医院,NA,江苏·宿迁市,民营医院,专科医院,二级甲等,-,2009 年
阜宁县人民医院,NA,江苏·宿迁市,民营医院,专科医院,二级甲等,-,2009 年
阜宁县中医院,NA,江苏·宿迁市,民营医院,专科医院,二级甲等,-,2009 年
赣榆区中医院,NA,江苏·宿迁市,民营医院,专科医院,二级甲等,-,2009 年
灌南县第一人民医院,NA,江苏·宿迁市,民营医院,专科医院,二级甲等,-,2009 年
灌南县人民医院,NA,江苏·宿迁市,民营医院,专科医院,二级甲等,-,2009 年
灌南县中医院,NA,江苏·宿迁市,民营医院,专科医院,二级甲等,-,2009 年
灌云县人民医院,NA,江苏·宿迁市,民营医院,专科医院,二级甲等,-,2009 年
灌云县中医院,NA,江苏·宿迁市,民营医院,专科医院,二级甲等,-,2009 年
淮安仁爱医院,NA,江苏·宿迁市,民营医院,专科医院,二级甲等,-,2009 年
淮安市楚州中医院,NA,江苏·宿迁市,民营医院,专科医院,二级甲等,-,2009 年
淮安市洪泽区中医院,NA,江苏·宿迁市,民营医院,专科医院,二级甲等,-,2009 年
淮安市淮阴医院,NA,江苏·宿迁市,民营医院,专科医院,二级甲等,-,2009 年
淮安市清河医院,NA,江苏·宿迁市,民营医院,专科医院,二级甲等,-,2009 年
淮安市青浦区城中人民医院,NA,江苏·宿迁市,民营医院,专科医院,二级甲等,-,2009 年
江都市第二人民医院,NA,江苏·宿迁市,民营医院,专科医院,二级甲等,-,2009 年
江都市妇幼保健院,NA,江苏·宿迁市,民营医院,专科医院,二级甲等,-,2009 年
江都市中医院,NA,江苏·宿迁市,民营医院,专科医院,二级甲等,-,2009 年
江苏滨海中医院,NA,江苏·宿迁市,民营医院,专科医院,二级甲等,-,2009 年
江苏公安边防总队医院,NA,江苏·宿迁市,民营医院,专科医院,二级甲等,-,2009 年
