Hospital,Link,Location,Trade,Attribution,Grade,Scale,Establish
宝应天佑医院,NA,江苏·扬州市,民营医院,综合医院,二级医院,-,2016 年
宝应县中西医结合医院,NA,江苏·扬州市,民营医院,综合医院,二级医院,-,2016 年
滨海新仁慈医院,NA,江苏·扬州市,民营医院,综合医院,二级医院,-,2016 年
常熟东南医院,NA,江苏·扬州市,民营医院,综合医院,二级医院,-,2016 年
常州爱尔眼科医院,NA,江苏·扬州市,民营医院,综合医院,二级医院,-,2016 年
常州鼎武康复医院,NA,江苏·扬州市,民营医院,综合医院,二级医院,-,2016 年
常州福星康复医院,NA,江苏·扬州市,民营医院,综合医院,二级医院,-,2016 年
常州金东方医院,NA,江苏·扬州市,民营医院,综合医院,二级医院,-,2016 年
常州金林骨科医院,NA,江苏·扬州市,民营医院,综合医院,二级医院,-,2016 年
常州明州康复医院,NA,江苏·扬州市,民营医院,综合医院,二级医院,-,2016 年
常州明州眼科医院,NA,江苏·扬州市,民营医院,综合医院,二级医院,-,2016 年
常州谱瑞眼科医院,NA,江苏·扬州市,民营医院,综合医院,二级医院,-,2016 年
常州仁慈医院,NA,江苏·扬州市,民营医院,综合医院,二级医院,-,2016 年
常州市北港医院,NA,江苏·扬州市,民营医院,综合医院,二级医院,-,2016 年
常州市康复医院,NA,江苏·扬州市,民营医院,综合医院,二级医院,-,2016 年
常州市新北区春江人民医院,NA,江苏·扬州市,民营医院,综合医院,二级医院,-,2016 年
大丰区第二人民医院,NA,江苏·扬州市,民营医院,综合医院,二级医院,-,2016 年
丹阳市第二人民医院,NA,江苏·扬州市,民营医院,综合医院,二级医院,-,2016 年
丹阳市第三人民医院,NA,江苏·扬州市,民营医院,综合医院,二级医院,-,2016 年
东海仁慈医院,NA,江苏·扬州市,民营医院,综合医院,二级医院,-,2016 年
