Hospital,Link,Location,Trade,Attribution,Grade,Scale,Establish
东海县中医院,NA,江苏·连云港市,公立医院,专科医院,二级医院,-,1984 年
东台北海骨科医院,NA,江苏·连云港市,公立医院,专科医院,二级医院,-,1984 年
丰县华山镇中心卫生院,NA,江苏·连云港市,公立医院,专科医院,二级医院,-,1984 年
高邮城南医疗中心,NA,江苏·连云港市,公立医院,专科医院,二级医院,-,1984 年
高邮康宁医院,NA,江苏·连云港市,公立医院,专科医院,二级医院,-,1984 年
高邮市湖西新区人民医院,NA,江苏·连云港市,公立医院,专科医院,二级医院,-,1984 年
灌云仁慈医院,NA,江苏·连云港市,公立医院,专科医院,二级医院,-,1984 年
灌云县仁济医院,NA,江苏·连云港市,公立医院,专科医院,二级医院,-,1984 年
海安市肿瘤医院,NA,江苏·连云港市,公立医院,专科医院,二级医院,-,1984 年
海门市第四人民医院,NA,江苏·连云港市,公立医院,专科医院,二级医院,-,1984 年
海州区海州社区卫生服务中心,NA,江苏·连云港市,公立医院,专科医院,二级医院,-,1984 年
淮安淮海康复医院,NA,江苏·连云港市,公立医院,专科医院,二级医院,-,1984 年
淮安颈肩腰腿痛医院,NA,江苏·连云港市,公立医院,专科医院,二级医院,-,1984 年
淮安仁济医院,NA,江苏·连云港市,公立医院,专科医院,二级医院,-,1984 年
淮安市淮安区皮肤病防治院,NA,江苏·连云港市,公立医院,专科医院,二级医院,-,1984 年
淮安曙光医院,NA,江苏·连云港市,公立医院,专科医院,二级医院,-,1984 年
淮安眼科医院,NA,江苏·连云港市,公立医院,专科医院,二级医院,-,1984 年
淮安泽明妇产医院,NA,江苏·连云港市,公立医院,专科医院,二级医院,-,1984 年
淮安中山医院,NA,江苏·连云港市,公立医院,专科医院,二级医院,-,1984 年
华县博爱医院,NA,江苏·连云港市,公立医院,专科医院,二级医院,-,1984 年
