Hospital,Link,Location,Trade,Attribution,Grade,Scale,Establish
南京康爱医院,NA,江苏·南京市,公立医院,综合医院,二级甲等,-,-
南京市白下区中医医院,NA,江苏·南京市,公立医院,综合医院,二级甲等,-,-
南京市半山医院,NA,江苏·南京市,公立医院,综合医院,二级甲等,-,-
南京市第三医院,NA,江苏·南京市,公立医院,综合医院,二级甲等,-,-
南京市高淳县中医院,NA,江苏·南京市,公立医院,综合医院,二级甲等,-,-
南京市红十字医院,NA,江苏·南京市,公立医院,综合医院,二级甲等,-,-
南京市江宁区妇幼保健所,NA,江苏·南京市,公立医院,综合医院,二级甲等,-,-
南京市江宁区中医医院,NA,江苏·南京市,公立医院,综合医院,二级甲等,-,-
南京市建中中医院,NA,江苏·南京市,公立医院,综合医院,二级甲等,-,-
南京市六合区人民医院,NA,江苏·南京市,公立医院,综合医院,二级甲等,-,-
南京市浦口区中医院,NA,江苏·南京市,公立医院,综合医院,二级甲等,-,-
南京市青龙山精神病院,NA,江苏·南京市,公立医院,综合医院,二级甲等,-,-
南京市秦淮医院,NA,江苏·南京市,公立医院,综合医院,二级甲等,-,-
南京市栖霞区龙潭医院,NA,江苏·南京市,公立医院,综合医院,二级甲等,-,-
南京市栖霞区医院,NA,江苏·南京市,公立医院,综合医院,二级甲等,-,-
南京市中心医院,NA,江苏·南京市,公立医院,综合医院,二级甲等,-,-
南京扬子医院,NA,江苏·南京市,公立医院,综合医院,二级甲等,-,-
南通市第二人民医院,NA,江苏·南京市,公立医院,综合医院,二级甲等,-,-
南通市口腔医院,NA,江苏·南京市,公立医院,综合医院,二级甲等,-,-
南通市通州区中医院,NA,江苏·南京市,公立医院,综合医院,二级甲等,-,-
