Hospital,Link,Location,Trade,Attribution,Grade,Scale,Establish
常州美斯奥口腔门诊部,NA,江苏·常州市,民营医院,其他,未定级,20-99 人,2018 年
昆山美奥口腔门诊部,NA,江苏·常州市,民营医院,其他,未定级,20-99 人,2018 年
南京建邺台宝诊所,NA,江苏·常州市,民营医院,其他,未定级,20-99 人,2018 年
南京美奥口腔门诊部,NA,江苏·常州市,民营医院,其他,未定级,20-99 人,2018 年
南京天京美奥口腔门诊部,NA,江苏·常州市,民营医院,其他,未定级,20-99 人,2018 年
南通美奥口腔门诊部,NA,江苏·常州市,民营医院,其他,未定级,20-99 人,2018 年
苏州高新区科技城美奥口腔门诊部,NA,江苏·常州市,民营医院,其他,未定级,20-99 人,2018 年
苏州工业园区陆星美奥口腔诊所,NA,江苏·常州市,民营医院,其他,未定级,20-99 人,2018 年
苏州姑苏区美奥口腔诊所,NA,江苏·常州市,民营医院,其他,未定级,20-99 人,2018 年
苏州京东方医院,NA,江苏·常州市,民营医院,其他,未定级,20-99 人,2018 年
苏州口腔医院,NA,江苏·常州市,民营医院,其他,未定级,20-99 人,2018 年
苏州美奥口腔门诊,NA,江苏·常州市,民营医院,其他,未定级,20-99 人,2018 年
苏州明基医院,NA,江苏·常州市,民营医院,其他,未定级,20-99 人,2018 年
苏州市独墅湖医院,NA,江苏·常州市,民营医院,其他,未定级,20-99 人,2018 年
苏州吴江美奥口腔门诊部,NA,江苏·常州市,民营医院,其他,未定级,20-99 人,2018 年
苏州吴中美奥口腔诊所,NA,江苏·常州市,民营医院,其他,未定级,20-99 人,2018 年
苏州新世纪儿童医院,NA,江苏·常州市,民营医院,其他,未定级,20-99 人,2018 年
无锡美奥口腔门诊部,NA,江苏·常州市,民营医院,其他,未定级,20-99 人,2018 年
徐州美奥口腔门诊部,NA,江苏·常州市,民营医院,其他,未定级,20-99 人,2018 年
如东县卫海医院,NA,江苏·常州市,民营医院,其他,未定级,20-99 人,2018 年
