Hospital,Link,Location,Trade,Attribution,Grade,Scale,Establish
太仓市中医医院,NA,江苏·苏州市,公立医院,专科医院,三级乙等,-,-
泰兴市人民医院,NA,江苏·苏州市,公立医院,专科医院,三级乙等,-,-
泰州市姜堰中医院,NA,江苏·苏州市,公立医院,专科医院,三级乙等,-,-
泰州市中西医结合医院,NA,江苏·苏州市,公立医院,专科医院,三级乙等,-,-
新沂市人民医院,NA,江苏·苏州市,公立医院,专科医院,三级乙等,-,-
张家港市第一人民医院,NA,江苏·苏州市,公立医院,专科医院,三级乙等,-,-
镇江市中西医结合医院,NA,江苏·苏州市,公立医院,专科医院,三级乙等,-,-
中国人民解放军第三五九医院,NA,江苏·苏州市,公立医院,专科医院,三级乙等,-,-
中国人民解放军七三Ｏ三二部队医院,NA,江苏·苏州市,公立医院,专科医院,三级乙等,-,-
