Hospital,Link,Location,Trade,Attribution,Grade,Scale,Establish
南京市妇幼保健院,NA,江苏·南京市,公立医院,专科医院,三级甲等,1000 人以上,1936 年
南京市中医院,NA,江苏·南京市,公立医院,专科医院,三级甲等,1000 人以上,1936 年
南京医科大学第二附属医院,NA,江苏·南京市,公立医院,专科医院,三级甲等,1000 人以上,1936 年
南通市第四人民医院,NA,江苏·南京市,公立医院,专科医院,三级甲等,1000 人以上,1936 年
南通市妇幼保健院,NA,江苏·南京市,公立医院,专科医院,三级甲等,1000 人以上,1936 年
南通市中医院,NA,江苏·南京市,公立医院,专科医院,三级甲等,1000 人以上,1936 年
苏州大学附属第一医院,NA,江苏·南京市,公立医院,专科医院,三级甲等,1000 人以上,1936 年
苏州大学附属儿童医院,NA,江苏·南京市,公立医院,专科医院,三级甲等,1000 人以上,1936 年
苏州九龙医院,NA,江苏·南京市,公立医院,专科医院,三级甲等,1000 人以上,1936 年
苏州市广济医院,NA,江苏·南京市,公立医院,专科医院,三级甲等,1000 人以上,1936 年
苏州市立医院,NA,江苏·南京市,公立医院,专科医院,三级甲等,1000 人以上,1936 年
泰州市人民医院,NA,江苏·南京市,公立医院,专科医院,三级甲等,1000 人以上,1936 年
无锡市第五人民医院,NA,江苏·南京市,公立医院,专科医院,三级甲等,1000 人以上,1936 年
无锡市中医医院,NA,江苏·南京市,公立医院,专科医院,三级甲等,1000 人以上,1936 年
徐州矿务集团总医院,NA,江苏·南京市,公立医院,专科医院,三级甲等,1000 人以上,1936 年
徐州医科大学附属医院,NA,江苏·南京市,公立医院,专科医院,三级甲等,1000 人以上,1936 年
盐城市中医院,NA,江苏·南京市,公立医院,专科医院,三级甲等,1000 人以上,1936 年
扬州大学附属医院,NA,江苏·南京市,公立医院,专科医院,三级甲等,1000 人以上,1936 年
张家港市中医医院,NA,江苏·南京市,公立医院,专科医院,三级甲等,1000 人以上,1936 年
镇江市第一人民医院,NA,江苏·南京市,公立医院,专科医院,三级甲等,1000 人以上,1936 年
