Hospital,Link,Location,Trade,Attribution,Grade,Scale,Establish
沛县中医院,NA,江苏·徐州市,公立医院,专科医院,二级甲等,-,1956 年
邳州市第二人民医院,NA,江苏·徐州市,公立医院,专科医院,二级甲等,-,1956 年
浦口区中心医院,NA,江苏·徐州市,公立医院,专科医院,二级甲等,-,1956 年
启东市肝癌防治研究所,NA,江苏·徐州市,公立医院,专科医院,二级甲等,-,1956 年
如东县第四人民医院,NA,江苏·徐州市,公立医院,专科医院,二级甲等,-,1956 年
如东县人民医院,NA,江苏·徐州市,公立医院,专科医院,二级甲等,-,1956 年
如皋市博爱医院,NA,江苏·徐州市,公立医院,专科医院,二级甲等,-,1956 年
上海梅山医院,NA,江苏·徐州市,公立医院,专科医院,二级甲等,-,1956 年
上海梅山医院分院,NA,江苏·徐州市,公立医院,专科医院,二级甲等,-,1956 年
射阳县人民医院,NA,江苏·徐州市,公立医院,专科医院,二级甲等,-,1956 年
射阳县中医院,NA,江苏·徐州市,公立医院,专科医院,二级甲等,-,1956 年
沭阳县中心医院,NA,江苏·徐州市,公立医院,专科医院,二级甲等,-,1956 年
泗洪县分金亭医院,NA,江苏·徐州市,公立医院,专科医院,二级甲等,-,1956 年
泗洪县人民医院,NA,江苏·徐州市,公立医院,专科医院,二级甲等,-,1956 年
泗洪县中医院,NA,江苏·徐州市,公立医院,专科医院,二级甲等,-,1956 年
泗阳县人民医院,NA,江苏·徐州市,公立医院,专科医院,二级甲等,-,1956 年
苏北人民医院东院,NA,江苏·徐州市,公立医院,专科医院,二级甲等,-,1956 年
睢宁县人民医院,NA,江苏·徐州市,公立医院,专科医院,二级甲等,-,1956 年
宿迁市妇产医院,NA,江苏·徐州市,公立医院,专科医院,二级甲等,-,1956 年
宿迁市钟吾医院,NA,江苏·徐州市,公立医院,专科医院,二级甲等,-,1956 年
