Hospital,Link,Location,Trade,Attribution,Grade,Scale,Establish
南京医科大学眼科医院,NA,江苏·南京市,公立医院,专科医院,三级甲等,-,2004 年
南通大学附属医院,NA,江苏·南京市,公立医院,专科医院,三级甲等,-,2004 年
南通市第三人民医院,NA,江苏·南京市,公立医院,专科医院,三级甲等,-,2004 年
南通市第一人民医院,NA,江苏·南京市,公立医院,专科医院,三级甲等,-,2004 年
南通市肿瘤医院,NA,江苏·南京市,公立医院,专科医院,三级甲等,-,2004 年
宿迁市中医院,NA,江苏·南京市,公立医院,专科医院,三级甲等,-,2004 年
苏州大学附属第二医院,NA,江苏·南京市,公立医院,专科医院,三级甲等,-,2004 年
苏州大学附属第一医院平江分院,NA,江苏·南京市,公立医院,专科医院,三级甲等,-,2004 年
苏州市第九人民医院,NA,江苏·南京市,公立医院,专科医院,三级甲等,-,2004 年
苏州市中医医院,NA,江苏·南京市,公立医院,专科医院,三级甲等,-,2004 年
泰州市中医院,NA,江苏·南京市,公立医院,专科医院,三级甲等,-,2004 年
武警江苏总队医院,NA,江苏·南京市,公立医院,专科医院,三级甲等,-,2004 年
无锡市第二人民医院,NA,江苏·南京市,公立医院,专科医院,三级甲等,-,2004 年
无锡市第三人民医院,NA,江苏·南京市,公立医院,专科医院,三级甲等,-,2004 年
无锡市第四人民医院,NA,江苏·南京市,公立医院,专科医院,三级甲等,-,2004 年
无锡市妇幼保健院,NA,江苏·南京市,公立医院,专科医院,三级甲等,-,2004 年
无锡市精神卫生中心,NA,江苏·南京市,公立医院,专科医院,三级甲等,-,2004 年
无锡市人民医院,NA,江苏·南京市,公立医院,专科医院,三级甲等,-,2004 年
徐州市第三人民医院,NA,江苏·南京市,公立医院,专科医院,三级甲等,-,2004 年
徐州市第一人民医院,NA,江苏·南京市,公立医院,专科医院,三级甲等,-,2004 年
