Hospital,Link,Location,Trade,Attribution,Grade,Scale,Establish
常州市中医院,NA,江苏·常州市,公立医院,专科医院,三级甲等,-,1956 年
第二军医大学长征医院南京分院,NA,江苏·常州市,公立医院,专科医院,三级甲等,-,1956 年
东部战区空军医院,NA,江苏·常州市,公立医院,专科医院,三级甲等,-,1956 年
淮安市第二人民医院,NA,江苏·常州市,公立医院,专科医院,三级甲等,-,1956 年
淮安市妇幼保健院,NA,江苏·常州市,公立医院,专科医院,三级甲等,-,1956 年
淮安市中医院,NA,江苏·常州市,公立医院,专科医院,三级甲等,-,1956 年
江苏省第二中医院,NA,江苏·常州市,公立医院,专科医院,三级甲等,-,1956 年
江阴市人民医院,NA,江苏·常州市,公立医院,专科医院,三级甲等,-,1956 年
连云港市中医院,NA,江苏·常州市,公立医院,专科医院,三级甲等,-,1956 年
南京鼓楼医院集团宿迁市人民医院,NA,江苏·常州市,公立医院,专科医院,三级甲等,-,1956 年
南京军区第八一医院,NA,江苏·常州市,公立医院,专科医院,三级甲等,-,1956 年
南京脑科医院,NA,江苏·常州市,公立医院,专科医院,三级甲等,-,1956 年
南京市大厂医院,NA,江苏·常州市,公立医院,专科医院,三级甲等,-,1956 年
南京市第二医院,NA,江苏·常州市,公立医院,专科医院,三级甲等,-,1956 年
南京市江宁医院,NA,江苏·常州市,公立医院,专科医院,三级甲等,-,1956 年
南京市口腔医院,NA,江苏·常州市,公立医院,专科医院,三级甲等,-,1956 年
南京市胸科医院,NA,江苏·常州市,公立医院,专科医院,三级甲等,-,1956 年
南京市中西医结合医院,NA,江苏·常州市,公立医院,专科医院,三级甲等,-,1956 年
南京医科大学第二附属医院东院,NA,江苏·常州市,公立医院,专科医院,三级甲等,-,1956 年
南京医科大学附属口腔医院,NA,江苏·常州市,公立医院,专科医院,三级甲等,-,1956 年
