Hospital,Link,Location,Trade,Attribution,Grade,Scale,Establish
常熟市中医院,NA,江苏·苏州市,公立医院,专科医院,三级乙等,1000 人以上,1958 年
丹阳市人民医院,NA,江苏·苏州市,公立医院,专科医院,三级乙等,1000 人以上,1958 年
东台市人民医院,NA,江苏·苏州市,公立医院,专科医院,三级乙等,1000 人以上,1958 年
东台市中医院,NA,江苏·苏州市,公立医院,专科医院,三级乙等,1000 人以上,1958 年
江阴市中医院,NA,江苏·苏州市,公立医院,专科医院,三级乙等,1000 人以上,1958 年
靖江市中医院,NA,江苏·苏州市,公立医院,专科医院,三级乙等,1000 人以上,1958 年
连云港市东方医院,NA,江苏·苏州市,公立医院,专科医院,三级乙等,1000 人以上,1958 年
南京江北医院,NA,江苏·苏州市,公立医院,专科医院,三级乙等,1000 人以上,1958 年
南京明基医院,NA,江苏·苏州市,公立医院,专科医院,三级乙等,1000 人以上,1958 年
南通瑞慈医院,NA,江苏·苏州市,公立医院,专科医院,三级乙等,1000 人以上,1958 年
泗阳县中医院,NA,江苏·苏州市,公立医院,专科医院,三级乙等,1000 人以上,1958 年
太仓市第一人民医院,NA,江苏·苏州市,公立医院,专科医院,三级乙等,1000 人以上,1958 年
宜兴市中医医院,NA,江苏·苏州市,公立医院,专科医院,三级乙等,1000 人以上,1958 年
仪征市人民医院,NA,江苏·苏州市,公立医院,专科医院,三级乙等,1000 人以上,1958 年
镇江市第三人民医院,NA,江苏·苏州市,公立医院,专科医院,三级乙等,1000 人以上,1958 年
常熟市第二人民医院,NA,江苏·苏州市,公立医院,专科医院,三级乙等,1000 人以上,1958 年
常州市儿童医院,NA,江苏·苏州市,公立医院,专科医院,三级乙等,1000 人以上,1958 年
常州市武进人民医院,NA,江苏·苏州市,公立医院,专科医院,三级乙等,1000 人以上,1958 年
常州市武进中医医院,NA,江苏·苏州市,公立医院,专科医院,三级乙等,1000 人以上,1958 年
丹阳市中医院,NA,江苏·苏州市,公立医院,专科医院,三级乙等,1000 人以上,1958 年
