Hospital,Link,Location,Trade,Attribution,Grade,Scale,Establish
宜兴市妇幼保健院,NA,江苏·无锡市,公立医院,其他,一级医院,100-499 人,1951 年
兴化厚德康复医院,NA,江苏·无锡市,公立医院,其他,一级医院,100-499 人,1951 年
睢宁博爱医院,NA,江苏·无锡市,公立医院,其他,一级医院,100-499 人,1951 年
如东县九总医院,NA,江苏·无锡市,公立医院,其他,一级医院,100-499 人,1951 年
如东县长沙医院,NA,江苏·无锡市,公立医院,其他,一级医院,100-499 人,1951 年
睢宁泰和医院,NA,江苏·无锡市,公立医院,其他,一级医院,100-499 人,1951 年
如东文慈医院,NA,江苏·无锡市,公立医院,其他,一级医院,100-499 人,1951 年
如东县华丰医院,NA,江苏·无锡市,公立医院,其他,一级医院,100-499 人,1951 年
如东县丁店医院,NA,江苏·无锡市,公立医院,其他,一级医院,100-499 人,1951 年
