Hospital,Link,Location,Trade,Attribution,Grade,Scale,Establish
高邮慈新康复医院,NA,江苏·扬州市,民营医院,专科医院,二级乙等,100-499 人,2018 年
苏州金阊医院,NA,江苏·扬州市,民营医院,专科医院,二级乙等,100-499 人,2018 年
白下康复医院,NA,江苏·扬州市,民营医院,专科医院,二级乙等,100-499 人,2018 年
滨海县第二人民医院,NA,江苏·扬州市,民营医院,专科医院,二级乙等,100-499 人,2018 年
常熟市第六人民医院,NA,江苏·扬州市,民营医院,专科医院,二级乙等,100-499 人,2018 年
常熟市第五人民医院,NA,江苏·扬州市,民营医院,专科医院,二级乙等,100-499 人,2018 年
常熟市梅李人民医院,NA,江苏·扬州市,民营医院,专科医院,二级乙等,100-499 人,2018 年
常州市激光医院,NA,江苏·扬州市,民营医院,专科医院,二级乙等,100-499 人,2018 年
常州小鹰医院,NA,江苏·扬州市,民营医院,专科医院,二级乙等,100-499 人,2018 年
大丰区妇幼保健所,NA,江苏·扬州市,民营医院,专科医院,二级乙等,100-499 人,2018 年
丹阳市云阳人民医院,NA,江苏·扬州市,民营医院,专科医院,二级乙等,100-499 人,2018 年
阜宁县第二人民医院,NA,江苏·扬州市,民营医院,专科医院,二级乙等,100-499 人,2018 年
海安市李堡中心卫生院,NA,江苏·扬州市,民营医院,专科医院,二级乙等,100-499 人,2018 年
海门市第二人民医院,NA,江苏·扬州市,民营医院,专科医院,二级乙等,100-499 人,2018 年
海门市第三人民医院,NA,江苏·扬州市,民营医院,专科医院,二级乙等,100-499 人,2018 年
海门市第五人民医院,NA,江苏·扬州市,民营医院,专科医院,二级乙等,100-499 人,2018 年
江苏省常州监狱医院,NA,江苏·扬州市,民营医院,专科医院,二级乙等,100-499 人,2018 年
江苏省国营东辛农场医院,NA,江苏·扬州市,民营医院,专科医院,二级乙等,100-499 人,2018 年
江苏省淮海农场医院,NA,江苏·扬州市,民营医院,专科医院,二级乙等,100-499 人,2018 年
江苏省银宝盐业有限公司医院,NA,江苏·扬州市,民营医院,专科医院,二级乙等,100-499 人,2018 年
