Hospital,Link,Location,Trade,Attribution,Grade,Scale,Establish
南京市仙林中医医院,NA,江苏·南京市,公立医院,专科医院,三级医院,-,-
南京仙林鼓楼医院,NA,江苏·南京市,公立医院,专科医院,三级医院,-,-
南京医科大学友谊整形外科医院,NA,江苏·南京市,公立医院,专科医院,三级医院,-,-
南京中天皮肤病医院,NA,江苏·南京市,公立医院,专科医院,三级医院,-,-
南通市通州区人民医院,NA,江苏·南京市,公立医院,专科医院,三级医院,-,-
如皋市人民医院,NA,江苏·南京市,公立医院,专科医院,三级医院,-,-
苏州大学附属理想眼科医院,NA,江苏·南京市,公立医院,专科医院,三级医院,-,-
苏州市太湖新城医院,NA,江苏·南京市,公立医院,专科医院,三级医院,-,-
苏州市吴江区儿童医院,NA,江苏·南京市,公立医院,专科医院,三级医院,-,-
泰州市第二人民医院,NA,江苏·南京市,公立医院,专科医院,三级医院,-,-
新沂市第二人民医院,NA,江苏·南京市,公立医院,专科医院,三级医院,-,-
盱眙县人民医院,NA,江苏·南京市,公立医院,专科医院,三级医院,-,-
徐州市传染病医院,NA,江苏·南京市,公立医院,专科医院,三级医院,-,-
徐州市丰县人民医院,NA,江苏·南京市,公立医院,专科医院,三级医院,-,-
徐州医科大学附属口腔医院,NA,江苏·南京市,公立医院,专科医院,三级医院,-,-
盐城市第二人民医院,NA,江苏·南京市,公立医院,专科医院,三级医院,-,-
扬州市江都市人民医院,NA,江苏·南京市,公立医院,专科医院,三级医院,-,-
镇江市精神卫生中心,NA,江苏·南京市,公立医院,专科医院,三级医院,-,-
