Hospital,Link,Location,Trade,Attribution,Grade,Scale,Establish
滨海县中医院,NA,江苏·盐城市,公立医院,综合医院,二级甲等,500-999 人,1959 年
常州九洲金东方医院,NA,江苏·盐城市,公立医院,综合医院,二级甲等,500-999 人,1959 年
高邮市中西医结合医院,NA,江苏·盐城市,公立医院,综合医院,二级甲等,500-999 人,1959 年
洪泽县妇幼保健院,NA,江苏·盐城市,公立医院,综合医院,二级甲等,500-999 人,1959 年
淮安市洪泽区人民医院,NA,江苏·盐城市,公立医院,综合医院,二级甲等,500-999 人,1959 年
江阴临港医院,NA,江苏·盐城市,公立医院,综合医院,二级甲等,500-999 人,1959 年
金湖县人民医院,NA,江苏·盐城市,公立医院,综合医院,二级甲等,500-999 人,1959 年
溧阳市中医医院,NA,江苏·盐城市,公立医院,综合医院,二级甲等,500-999 人,1959 年
南京南钢医院,NA,江苏·盐城市,公立医院,综合医院,二级甲等,500-999 人,1959 年
南京市江宁区第二人民医院,NA,江苏·盐城市,公立医院,综合医院,二级甲等,500-999 人,1959 年
南京市溧水区中医院,NA,江苏·盐城市,公立医院,综合医院,二级甲等,500-999 人,1959 年
南京市六合区中医院,NA,江苏·盐城市,公立医院,综合医院,二级甲等,500-999 人,1959 年
南京医科大学第四附属医院,NA,江苏·盐城市,公立医院,综合医院,二级甲等,500-999 人,1959 年
南通大学附属医院分院,NA,江苏·盐城市,公立医院,综合医院,二级甲等,500-999 人,1959 年
无锡口腔医院,NA,江苏·盐城市,公立医院,综合医院,二级甲等,500-999 人,1959 年
无锡市第二中医医院,NA,江苏·盐城市,公立医院,综合医院,二级甲等,500-999 人,1959 年
无锡市康复医院,NA,江苏·盐城市,公立医院,综合医院,二级甲等,500-999 人,1959 年
新沂市中医医院,NA,江苏·盐城市,公立医院,综合医院,二级甲等,500-999 人,1959 年
徐州普瑞康复医院,NA,江苏·盐城市,公立医院,综合医院,二级甲等,500-999 人,1959 年
徐州市矿山医院,NA,江苏·盐城市,公立医院,综合医院,二级甲等,500-999 人,1959 年
