Hospital,Link,Location,Trade,Attribution,Grade,Scale,Establish
镇江瑞康医院,NA,江苏·镇江市,民营医院,综合医院,二级甲等,100-499 人,2017 年
张家港市第五人民医院,NA,江苏·镇江市,民营医院,综合医院,二级甲等,100-499 人,2017 年
宝应县第二人民医院,NA,江苏·镇江市,民营医院,综合医院,二级甲等,100-499 人,2017 年
宝应县人民医院,NA,江苏·镇江市,民营医院,综合医院,二级甲等,100-499 人,2017 年
宝应县中医医院,NA,江苏·镇江市,民营医院,综合医院,二级甲等,100-499 人,2017 年
滨海天使口腔,NA,江苏·镇江市,民营医院,综合医院,二级甲等,100-499 人,2017 年
滨海县人民医院,NA,江苏·镇江市,民营医院,综合医院,二级甲等,100-499 人,2017 年
常熟市第三人民医院,NA,江苏·镇江市,民营医院,综合医院,二级甲等,100-499 人,2017 年
常熟市第一人民医院,NA,江苏·镇江市,民营医院,综合医院,二级甲等,100-499 人,2017 年
常熟市妇幼保健院,NA,江苏·镇江市,民营医院,综合医院,二级甲等,100-499 人,2017 年
常熟市支塘人民医院,NA,江苏·镇江市,民营医院,综合医院,二级甲等,100-499 人,2017 年
常州市第四人民医院,NA,江苏·镇江市,民营医院,综合医院,二级甲等,100-499 人,2017 年
常州市金坛区中医医院,NA,江苏·镇江市,民营医院,综合医院,二级甲等,100-499 人,2017 年
常州市武进第二人民医院,NA,江苏·镇江市,民营医院,综合医院,二级甲等,100-499 人,2017 年
大丰市人民医院,NA,江苏·镇江市,民营医院,综合医院,二级甲等,100-499 人,2017 年
大丰县上海劳动医院,NA,江苏·镇江市,民营医院,综合医院,二级甲等,100-499 人,2017 年
荡口人民医院,NA,江苏·镇江市,民营医院,综合医院,二级甲等,100-499 人,2017 年
大屯煤电集团有限责任公司中心医院,NA,江苏·镇江市,民营医院,综合医院,二级甲等,100-499 人,2017 年
大屯煤电集团职工中心医院,NA,江苏·镇江市,民营医院,综合医院,二级甲等,100-499 人,2017 年
东海县人民医院,NA,江苏·镇江市,民营医院,综合医院,二级甲等,100-499 人,2017 年
