Hospital,Link,Location,Trade,Attribution,Grade,Scale,Establish
高邮市中医医院,NA,江苏·扬州市,公立医院,专科医院,三级乙等,-,1979 年
海安市人民医院,NA,江苏·扬州市,公立医院,专科医院,三级乙等,-,1979 年
海安县中医院,NA,江苏·扬州市,公立医院,专科医院,三级乙等,-,1979 年
淮安市第四人民医院,NA,江苏·扬州市,公立医院,专科医院,三级乙等,-,1979 年
淮安市肿瘤医院,NA,江苏·扬州市,公立医院,专科医院,三级乙等,-,1979 年
江苏盛泽医院,NA,江苏·扬州市,公立医院,专科医院,三级乙等,-,1979 年
昆山市第一人民医院开发区分院,NA,江苏·扬州市,公立医院,专科医院,三级乙等,-,1979 年
昆山市妇幼保健院,NA,江苏·扬州市,公立医院,专科医院,三级乙等,-,1979 年
连云港市经济技术开发区中云医院,NA,江苏·扬州市,公立医院,专科医院,三级乙等,-,1979 年
连云港市市立东方医院,NA,江苏·扬州市,公立医院,专科医院,三级乙等,-,1979 年
邳州市人民医院,NA,江苏·扬州市,公立医院,专科医院,三级乙等,-,1979 年
邳州市中医院,NA,江苏·扬州市,公立医院,专科医院,三级乙等,-,1979 年
启东市中医院,NA,江苏·扬州市,公立医院,专科医院,三级乙等,-,1979 年
如东县中医院,NA,江苏·扬州市,公立医院,专科医院,三级乙等,-,1979 年
如皋市中医院,NA,江苏·扬州市,公立医院,专科医院,三级乙等,-,1979 年
沭阳县人民医院,NA,江苏·扬州市,公立医院,专科医院,三级乙等,-,1979 年
沭阳县中医院,NA,江苏·扬州市,公立医院,专科医院,三级乙等,-,1979 年
苏州市第五人民医院,NA,江苏·扬州市,公立医院,专科医院,三级乙等,-,1979 年
苏州市吴江区第一人民医院,NA,江苏·扬州市,公立医院,专科医院,三级乙等,-,1979 年
苏州市中西医结合医院,NA,江苏·扬州市,公立医院,专科医院,三级乙等,-,1979 年
