Hospital,Link,Location,Trade,Attribution,Grade,Scale,Establish
张家港常阴沙医院,NA,江苏·苏州市,民营医院,综合医院,一级甲等,100-499 人,1960 年
如东县大豫医院,NA,江苏·苏州市,民营医院,综合医院,一级甲等,100-499 人,1960 年
兴化市第四人民医院,NA,江苏·苏州市,民营医院,综合医院,一级甲等,100-499 人,1960 年
睢宁杏林医院,NA,江苏·苏州市,民营医院,综合医院,一级甲等,100-499 人,1960 年
如东县棉场医院,NA,江苏·苏州市,民营医院,综合医院,一级甲等,100-499 人,1960 年
如东县大豫医院东凌分院,NA,江苏·苏州市,民营医院,综合医院,一级甲等,100-499 人,1960 年
