Hospital,Link,Location,Trade,Attribution,Grade,Scale,Establish
江阴市第三人民医院,NA,江苏·无锡市,公立医院,综合医院,二级乙等,-,1960 年
江阴市第四人民医院,NA,江苏·无锡市,公立医院,综合医院,二级乙等,-,1960 年
江阴市第五人民医院,NA,江苏·无锡市,公立医院,综合医院,二级乙等,-,1960 年
江阴市南闸医院,NA,江苏·无锡市,公立医院,综合医院,二级乙等,-,1960 年
江阴市青阳医院,NA,江苏·无锡市,公立医院,综合医院,二级乙等,-,1960 年
江阴市徐霞客医院,NA,江苏·无锡市,公立医院,综合医院,二级乙等,-,1960 年
江阴市长泾医院,NA,江苏·无锡市,公立医院,综合医院,二级乙等,-,1960 年
建湖县第二人民医院,NA,江苏·无锡市,公立医院,综合医院,二级乙等,-,1960 年
昆山市第四人民医院,NA,江苏·无锡市,公立医院,综合医院,二级乙等,-,1960 年
昆山市千灯人民医院,NA,江苏·无锡市,公立医院,综合医院,二级乙等,-,1960 年
连云港市康复医院,NA,江苏·无锡市,公立医院,综合医院,二级乙等,-,1960 年
连云港盐业公司总医院,NA,江苏·无锡市,公立医院,综合医院,二级乙等,-,1960 年
连云港友好医院,NA,江苏·无锡市,公立医院,综合医院,二级乙等,-,1960 年
南京东瑞医院,NA,江苏·无锡市,公立医院,综合医院,二级乙等,-,1960 年
南京港口医院,NA,江苏·无锡市,公立医院,综合医院,二级乙等,-,1960 年
南京秦淮门西医院,NA,江苏·无锡市,公立医院,综合医院,二级乙等,-,1960 年
南京市第一医院河西院区,NA,江苏·无锡市,公立医院,综合医院,二级乙等,-,1960 年
南京市鼓楼区虹桥社区卫生服务中心,NA,江苏·无锡市,公立医院,综合医院,二级乙等,-,1960 年
南京市鼓楼区建宁路社区卫生服务中心,NA,江苏·无锡市,公立医院,综合医院,二级乙等,-,1960 年
南京市鼓楼区中央门社区医院,NA,江苏·无锡市,公立医院,综合医院,二级乙等,-,1960 年
