Hospital,Link,Location,Trade,Attribution,Grade,Scale,Establish
江苏朝聚东方眼科医院,NA,江苏·苏州市,民营医院,专科医院,二级医院,-,-
江苏农垦肿瘤医院,NA,江苏·苏州市,民营医院,专科医院,二级医院,-,-
江苏睢宁金陵医院,NA,江苏·苏州市,民营医院,专科医院,二级医院,-,-
姜堰太宇医院,NA,江苏·苏州市,民营医院,专科医院,二级医院,-,-
江阴百意中医医院,NA,江苏·苏州市,民营医院,专科医院,二级医院,-,-
江阴市新华医院,NA,江苏·苏州市,民营医院,专科医院,二级医院,-,-
江阴市中医骨伤医院,NA,江苏·苏州市,民营医院,专科医院,二级医院,-,-
建湖县第三人民医院,NA,江苏·苏州市,民营医院,专科医院,二级医院,-,-
靖江市新港城医院,NA,江苏·苏州市,民营医院,专科医院,二级医院,-,-
靖江新桥医院,NA,江苏·苏州市,民营医院,专科医院,二级医院,-,-
句容市妇幼保健院,NA,江苏·苏州市,民营医院,专科医院,二级医院,-,-
昆山虹桥医院,NA,江苏·苏州市,民营医院,专科医院,二级医院,-,-
昆山杰齿口腔医院,NA,江苏·苏州市,民营医院,专科医院,二级医院,-,-
昆山视眼耳鼻喉医院,NA,江苏·苏州市,民营医院,专科医院,二级医院,-,-
涟水县第三人民医院,NA,江苏·苏州市,民营医院,专科医院,二级医院,-,-
连云港耳鼻喉专科医院,NA,江苏·苏州市,民营医院,专科医院,二级医院,-,-
连云港赣榆爱心医院,NA,江苏·苏州市,民营医院,专科医院,二级医院,-,-
连云港光明眼科医院,NA,江苏·苏州市,民营医院,专科医院,二级医院,-,-
连云港海滨康复医院,NA,江苏·苏州市,民营医院,专科医院,二级医院,-,-
连云港圣安医院,NA,江苏·苏州市,民营医院,专科医院,二级医院,-,-
