Hospital,Link,Location,Trade,Attribution,Grade,Scale,Establish
无锡市锡山区人民医院分院,NA,江苏·无锡市,公立医院,综合医院,二级甲等,-,1976 年
相城区人民医院,NA,江苏·无锡市,公立医院,综合医院,二级甲等,-,1976 年
响水县人民医院,NA,江苏·无锡市,公立医院,综合医院,二级甲等,-,1976 年
响水县中医医院,NA,江苏·无锡市,公立医院,综合医院,二级甲等,-,1976 年
兴化市妇幼保健院,NA,江苏·无锡市,公立医院,综合医院,二级甲等,-,1976 年
新沂市铁路医院,NA,江苏·无锡市,公立医院,综合医院,二级甲等,-,1976 年
盱眙恒山中医医院,NA,江苏·无锡市,公立医院,综合医院,二级甲等,-,1976 年
徐州贾汪区人民医院,NA,江苏·无锡市,公立医院,综合医院,二级甲等,-,1976 年
徐州精神病院,NA,江苏·无锡市,公立医院,综合医院,二级甲等,-,1976 年
徐州矿务集团第二医院,NA,江苏·无锡市,公立医院,综合医院,二级甲等,-,1976 年
徐州矿务集团第一医院,NA,江苏·无锡市,公立医院,综合医院,二级甲等,-,1976 年
徐州市电力医院,NA,江苏·无锡市,公立医院,综合医院,二级甲等,-,1976 年
徐州市第六人民医院,NA,江苏·无锡市,公立医院,综合医院,二级甲等,-,1976 年
徐州市沛县人民医院,NA,江苏·无锡市,公立医院,综合医院,二级甲等,-,1976 年
徐州市云龙区人民医院,NA,江苏·无锡市,公立医院,综合医院,二级甲等,-,1976 年
徐州医科大学附属第三医院,NA,江苏·无锡市,公立医院,综合医院,二级甲等,-,1976 年
盐城东仁医院,NA,江苏·无锡市,公立医院,综合医院,二级甲等,-,1976 年
盐城市大丰中医院,NA,江苏·无锡市,公立医院,综合医院,二级甲等,-,1976 年
扬中市人民医院,NA,江苏·无锡市,公立医院,综合医院,二级甲等,-,1976 年
扬中市中医院,NA,江苏·无锡市,公立医院,综合医院,二级甲等,-,1976 年
