Hospital,Link,Location,Trade,Attribution,Grade,Scale,Establish
徐州澳洋华安康复医院,NA,江苏·徐州市,民营医院,专科医院,二级医院,-,2016 年
徐州拜博口腔医院,NA,江苏·徐州市,民营医院,专科医院,二级医院,-,2016 年
徐州博爱口腔医院,NA,江苏·徐州市,民营医院,专科医院,二级医院,-,2016 年
徐州博济康复医院,NA,江苏·徐州市,民营医院,专科医院,二级医院,-,2016 年
徐州恒康康复医院,NA,江苏·徐州市,民营医院,专科医院,二级医院,-,2016 年
徐州恒康医院,NA,江苏·徐州市,民营医院,专科医院,二级医院,-,2016 年
徐州京城皮肤病医院,NA,江苏·徐州市,民营医院,专科医院,二级医院,-,2016 年
徐州九龙妇产医院,NA,江苏·徐州市,民营医院,专科医院,二级医院,-,2016 年
徐州康平中医院,NA,江苏·徐州市,民营医院,专科医院,二级医院,-,2016 年
徐州孟超医院,NA,江苏·徐州市,民营医院,专科医院,二级医院,-,2016 年
徐州男健医院,NA,江苏·徐州市,民营医院,专科医院,二级医院,-,2016 年
徐州强华医院,NA,江苏·徐州市,民营医院,专科医院,二级医院,-,2016 年
徐州市广慈医院,NA,江苏·徐州市,民营医院,专科医院,二级医院,-,2016 年
徐州市建筑工人医院,NA,江苏·徐州市,民营医院,专科医院,二级医院,-,2016 年
徐州市疾病预防控制中心,NA,江苏·徐州市,民营医院,专科医院,二级医院,-,2016 年
徐州市急救医疗中心,NA,江苏·徐州市,民营医院,专科医院,二级医院,-,2016 年
徐州市沛县第三人民医院,NA,江苏·徐州市,民营医院,专科医院,二级医院,-,2016 年
徐州市瑞康口腔医院,NA,江苏·徐州市,民营医院,专科医院,二级医院,-,2016 年
徐州市铜山区大许中心卫生院,NA,江苏·徐州市,民营医院,专科医院,二级医院,-,2016 年
徐州吴效科妇产医院,NA,江苏·徐州市,民营医院,专科医院,二级医院,-,2016 年
