Hospital,Link,Location,Trade,Attribution,Grade,Scale,Establish
江苏省滨海县东坎医院,NA,江苏·盐城市,公立医院,综合医院,二级甲等,-,-
江苏省海门市中医院,NA,江苏·盐城市,公立医院,综合医院,二级甲等,-,-
江苏省江原医院,NA,江苏·盐城市,公立医院,综合医院,二级甲等,-,-
江苏省邳州市东方医院,NA,江苏·盐城市,公立医院,综合医院,二级甲等,-,-
江苏省省级机关医院,NA,江苏·盐城市,公立医院,综合医院,二级甲等,-,-
江苏省宜兴市武警医院,NA,江苏·盐城市,公立医院,综合医院,二级甲等,-,-
建湖县中医院,NA,江苏·盐城市,公立医院,综合医院,二级甲等,-,-
解放军515医院,NA,江苏·盐城市,公立医院,综合医院,二级甲等,-,-
解放军73056部队医院,NA,江苏·盐城市,公立医院,综合医院,二级甲等,-,-
靖江市第二人民医院,NA,江苏·盐城市,公立医院,综合医院,二级甲等,-,-
金湖县中医院,NA,江苏·盐城市,公立医院,综合医院,二级甲等,-,-
句容市中医院,NA,江苏·盐城市,公立医院,综合医院,二级甲等,-,-
昆山市第二人民医院,NA,江苏·盐城市,公立医院,综合医院,二级甲等,-,-
昆山市第六人民医院,NA,江苏·盐城市,公立医院,综合医院,二级甲等,-,-
昆山市第三人民医院,NA,江苏·盐城市,公立医院,综合医院,二级甲等,-,-
昆山市花桥人民医院,NA,江苏·盐城市,公立医院,综合医院,二级甲等,-,-
昆山宗仁卿纪念医院,NA,江苏·盐城市,公立医院,综合医院,二级甲等,-,-
涟水县中医院,NA,江苏·盐城市,公立医院,综合医院,二级甲等,-,-
连云港市新浦区人民医院,NA,江苏·盐城市,公立医院,综合医院,二级甲等,-,-
南京鼓楼医院集团仪征医院,NA,江苏·盐城市,公立医院,综合医院,二级甲等,-,-
