Hospital,Link,Location,Trade,Attribution,Grade,Scale,Establish
常州市第三人民医院,NA,江苏·常州市,公立医院,综合医院,三级医院,1000 人以上,1956 年
华东疗养院,NA,江苏·常州市,公立医院,综合医院,三级医院,1000 人以上,1956 年
句容市人民医院,NA,江苏·常州市,公立医院,综合医院,三级医院,1000 人以上,1956 年
溧阳市人民医院,NA,江苏·常州市,公立医院,综合医院,三级医院,1000 人以上,1956 年
南京市高淳人民医院,NA,江苏·常州市,公立医院,综合医院,三级医院,1000 人以上,1956 年
南京同仁医院,NA,江苏·常州市,公立医院,综合医院,三级医院,1000 人以上,1956 年
南京医科大学附属逸夫医院,NA,江苏·常州市,公立医院,综合医院,三级医院,1000 人以上,1956 年
南京一民医院,NA,江苏·常州市,公立医院,综合医院,三级医院,1000 人以上,1956 年
南京紫金医院,NA,江苏·常州市,公立医院,综合医院,三级医院,1000 人以上,1956 年
南通市第一老年病医院,NA,江苏·常州市,公立医院,综合医院,三级医院,1000 人以上,1956 年
启东市人民医院,NA,江苏·常州市,公立医院,综合医院,三级医院,1000 人以上,1956 年
睢宁县中医院,NA,江苏·常州市,公立医院,综合医院,三级医院,1000 人以上,1956 年
宿迁市第一人民医院,NA,江苏·常州市,公立医院,综合医院,三级医院,1000 人以上,1956 年
苏州大学附属瑞华医院,NA,江苏·常州市,公立医院,综合医院,三级医院,1000 人以上,1956 年
苏州科技城医院,NA,江苏·常州市,公立医院,综合医院,三级医院,1000 人以上,1956 年
泰康仙林鼓楼医院,NA,江苏·常州市,公立医院,综合医院,三级医院,1000 人以上,1956 年
无锡明慈心血管病医院,NA,江苏·常州市,公立医院,综合医院,三级医院,1000 人以上,1956 年
无锡明慈心血管病医院,NA,江苏·常州市,公立医院,综合医院,三级医院,1000 人以上,1956 年
无锡市新吴区新瑞医院,NA,江苏·常州市,公立医院,综合医院,三级医院,1000 人以上,1956 年
兴化市人民医院,NA,江苏·常州市,公立医院,综合医院,三级医院,1000 人以上,1956 年
