Hospital,Link,Location,Trade,Attribution,Grade,Scale,Establish
邳州东大医院,NA,江苏·徐州市,民营医院,综合医院,二级医院,-,2005 年
邳州福兴儿童医院,NA,江苏·徐州市,民营医院,综合医院,二级医院,-,2005 年
邳州市康华医院,NA,江苏·徐州市,民营医院,综合医院,二级医院,-,2005 年
邳州现代中医医院,NA,江苏·徐州市,民营医院,综合医院,二级医院,-,2005 年
邳州予康口腔医院,NA,江苏·徐州市,民营医院,综合医院,二级医院,-,2005 年
启东市第三人民医院,NA,江苏·徐州市,民营医院,综合医院,二级医院,-,2005 年
如皋城西医院,NA,江苏·徐州市,民营医院,综合医院,二级医院,-,2005 年
如皋妇产医院,NA,江苏·徐州市,民营医院,综合医院,二级医院,-,2005 年
如皋市第三人民医院,NA,江苏·徐州市,民营医院,综合医院,二级医院,-,2005 年
瑞颐老年病医院,NA,江苏·徐州市,民营医院,综合医院,二级医院,-,2005 年
射阳济民康复医院,NA,江苏·徐州市,民营医院,综合医院,二级医院,-,2005 年
射阳康复医院,NA,江苏·徐州市,民营医院,综合医院,二级医院,-,2005 年
沭阳沂北医院,NA,江苏·徐州市,民营医院,综合医院,二级医院,-,2005 年
睢宁东大妇产医院,NA,江苏·徐州市,民营医院,综合医院,二级医院,-,2005 年
睢宁县经济开发区医院,NA,江苏·徐州市,民营医院,综合医院,二级医院,-,2005 年
宿迁市第三医院,NA,江苏·徐州市,民营医院,综合医院,二级医院,-,2005 年
宿迁市普济康复医院,NA,江苏·徐州市,民营医院,综合医院,二级医院,-,2005 年
宿迁市宿豫区珠江医院,NA,江苏·徐州市,民营医院,综合医院,二级医院,-,2005 年
苏州大学附属肿瘤医院,NA,江苏·徐州市,民营医院,综合医院,二级医院,-,2005 年
苏州工业园区唯亭医院,NA,江苏·徐州市,民营医院,综合医院,二级医院,-,2005 年
