Hospital,Link,Location,Trade,Attribution,Grade,Scale,Establish
常州市第二人民医院,NA,江苏·常州市,公立医院,综合医院,三级甲等,1000 人以上,1937 年
常州市第一人民医院,NA,江苏·常州市,公立医院,综合医院,三级甲等,1000 人以上,1937 年
常州市妇幼保健院,NA,江苏·常州市,公立医院,综合医院,三级甲等,1000 人以上,1937 年
东南大学附属中大医院,NA,江苏·常州市,公立医院,综合医院,三级甲等,1000 人以上,1937 年
淮安市第一人民医院,NA,江苏·常州市,公立医院,综合医院,三级甲等,1000 人以上,1937 年
江苏大学附属医院,NA,江苏·常州市,公立医院,综合医院,三级甲等,1000 人以上,1937 年
江苏省妇幼保健院,NA,江苏·常州市,公立医院,综合医院,三级甲等,1000 人以上,1937 年
江苏省人民医院,NA,江苏·常州市,公立医院,综合医院,三级甲等,1000 人以上,1937 年
江苏省苏北人民医院,NA,江苏·常州市,公立医院,综合医院,三级甲等,1000 人以上,1937 年
江苏省肿瘤医院,NA,江苏·常州市,公立医院,综合医院,三级甲等,1000 人以上,1937 年
江苏省中西医结合医院,NA,江苏·常州市,公立医院,综合医院,三级甲等,1000 人以上,1937 年
江苏省中医院,NA,江苏·常州市,公立医院,综合医院,三级甲等,1000 人以上,1937 年
昆山市第一人民医院,NA,江苏·常州市,公立医院,综合医院,三级甲等,1000 人以上,1937 年
昆山市中医医院,NA,江苏·常州市,公立医院,综合医院,三级甲等,1000 人以上,1937 年
连云港市第二人民医院,NA,江苏·常州市,公立医院,综合医院,三级甲等,1000 人以上,1937 年
连云港市第一人民医院,NA,江苏·常州市,公立医院,综合医院,三级甲等,1000 人以上,1937 年
连云港市妇幼保健院,NA,江苏·常州市,公立医院,综合医院,三级甲等,1000 人以上,1937 年
南京鼓楼医院,NA,江苏·常州市,公立医院,综合医院,三级甲等,1000 人以上,1937 年
南京市第一医院,NA,江苏·常州市,公立医院,综合医院,三级甲等,1000 人以上,1937 年
南京市儿童医院,NA,江苏·常州市,公立医院,综合医院,三级甲等,1000 人以上,1937 年
