Hospital,Link,Location,Trade,Attribution,Grade,Scale,Establish
徐州管道医院,NA,江苏·徐州市,公立医院,综合医院,二级乙等,-,1975 年
徐州利国医院,NA,江苏·徐州市,公立医院,综合医院,二级乙等,-,1975 年
盐城东方女子医院,NA,江苏·徐州市,公立医院,综合医院,二级乙等,-,1975 年
盐城市盐都区第二人民医院,NA,江苏·徐州市,公立医院,综合医院,二级乙等,-,1975 年
盐城新东仁医院,NA,江苏·徐州市,公立医院,综合医院,二级乙等,-,1975 年
盐城盐阜医院,NA,江苏·徐州市,公立医院,综合医院,二级乙等,-,1975 年
扬州市广陵区中医院,NA,江苏·徐州市,公立医院,综合医院,二级乙等,-,1975 年
扬州中核华兴医院,NA,江苏·徐州市,公立医院,综合医院,二级乙等,-,1975 年
宜兴市十里牌医院,NA,江苏·徐州市,公立医院,综合医院,二级乙等,-,1975 年
张家港市金港镇人民医院,NA,江苏·徐州市,公立医院,综合医院,二级乙等,-,1975 年
镇江市丹徒区中医院,NA,江苏·徐州市,公立医院,综合医院,二级乙等,-,1975 年
