Hospital,Link,Location,Trade,Attribution,Grade,Scale,Establish
常州瑞慈妇产医院,NA,江苏·常州市,民营医院,专科医院,二级医院,100-499 人,2016 年
淮安市开发区医院,NA,江苏·常州市,民营医院,专科医院,二级医院,100-499 人,2016 年
连云港和美家妇产医院,NA,江苏·常州市,民营医院,专科医院,二级医院,100-499 人,2016 年
南京金康康复医院,NA,江苏·常州市,民营医院,专科医院,二级医院,100-499 人,2016 年
南通中山骨科医院,NA,江苏·常州市,民营医院,专科医院,二级医院,100-499 人,2016 年
射阳仁爱耳鼻喉医院,NA,江苏·常州市,民营医院,专科医院,二级医院,100-499 人,2016 年
沭阳铭和康复医院,NA,江苏·常州市,民营医院,专科医院,二级医院,100-499 人,2016 年
泗阳仁慈医院,NA,江苏·常州市,民营医院,专科医院,二级医院,100-499 人,2016 年
宿迁市儿童医院,NA,江苏·常州市,民营医院,专科医院,二级医院,100-499 人,2016 年
苏州倍磅康复医院,NA,江苏·常州市,民营医院,专科医院,二级医院,100-499 人,2016 年
苏州沧浪医院,NA,江苏·常州市,民营医院,专科医院,二级医院,100-499 人,2016 年
苏州广慈肿瘤医院,NA,江苏·常州市,民营医院,专科医院,二级医院,100-499 人,2016 年
苏州市眼视光医院,NA,江苏·常州市,民营医院,专科医院,二级医院,100-499 人,2016 年
苏州永鼎医院,NA,江苏·常州市,民营医院,专科医院,二级医院,100-499 人,2016 年
无锡百佳妇产医院,NA,江苏·常州市,民营医院,专科医院,二级医院,100-499 人,2016 年
无锡瑞慈妇产医院,NA,江苏·常州市,民营医院,专科医院,二级医院,100-499 人,2016 年
无锡耘林康复医院,NA,江苏·常州市,民营医院,专科医院,二级医院,100-499 人,2016 年
徐州和平妇产医院,NA,江苏·常州市,民营医院,专科医院,二级医院,100-499 人,2016 年
宜兴九如城康复医院,NA,江苏·常州市,民营医院,专科医院,二级医院,100-499 人,2016 年
淮安瑞济医院,NA,江苏·常州市,民营医院,专科医院,二级医院,100-499 人,2016 年
