Hospital,Link,Location,Trade,Attribution,Grade,Scale,Establish
连云港市第一人民医院医疗集团眼科医院,NA,江苏·连云港市,公立医院,专科医院,二级医院,-,1988 年
连云港市赣榆瑞慈医院,NA,江苏·连云港市,公立医院,专科医院,二级医院,-,1988 年
连云港中新口腔医院,NA,江苏·连云港市,公立医院,专科医院,二级医院,-,1988 年
溧阳京华康复医院,NA,江苏·连云港市,公立医院,专科医院,二级医院,-,1988 年
溧阳天目湖福恬康复医院,NA,江苏·连云港市,公立医院,专科医院,二级医院,-,1988 年
溧阳燕山医院,NA,江苏·连云港市,公立医院,专科医院,二级医院,-,1988 年
南京爱尔眼科医院,NA,江苏·连云港市,公立医院,专科医院,二级医院,-,1988 年
南京邦德骨科医院,NA,江苏·连云港市,公立医院,专科医院,二级医院,-,1988 年
南京博大肾科医院,NA,江苏·连云港市,公立医院,专科医院,二级医院,-,1988 年
南京晨光医院,NA,江苏·连云港市,公立医院,专科医院,二级医院,-,1988 年
南京附大股骨头医院,NA,江苏·连云港市,公立医院,专科医院,二级医院,-,1988 年
南京高新医院,NA,江苏·连云港市,公立医院,专科医院,二级医院,-,1988 年
南京股骨髋骨科医院,NA,江苏·连云港市,公立医院,专科医院,二级医院,-,1988 年
南京韩辰医院,NA,江苏·连云港市,公立医院,专科医院,二级医院,-,1988 年
南京恒大中医医院,NA,江苏·连云港市,公立医院,专科医院,二级医院,-,1988 年
南京华世佳宝妇产医院,NA,江苏·连云港市,公立医院,专科医院,二级医院,-,1988 年
南京佳和妇产医院,NA,江苏·连云港市,公立医院,专科医院,二级医院,-,1988 年
南京金康老年康复医院,NA,江苏·连云港市,公立医院,专科医院,二级医院,-,1988 年
南京康富来医院,NA,江苏·连云港市,公立医院,专科医院,二级医院,-,1988 年
南京科大医院,NA,江苏·连云港市,公立医院,专科医院,二级医院,-,1988 年
