Hospital,Link,Location,Trade,Attribution,Grade,Scale,Establish
泰州张勤眼科医院,NA,江苏·泰州市,民营医院,专科医院,二级医院,-,2012 年
亭湖区人民医院,NA,江苏·泰州市,民营医院,专科医院,二级医院,-,2012 年
无锡滨湖西庭口腔医院,NA,江苏·泰州市,民营医院,专科医院,二级医院,-,2012 年
无锡国梅中医院,NA,江苏·泰州市,民营医院,专科医院,二级医院,-,2012 年
无锡和美妇产医院,NA,江苏·泰州市,民营医院,专科医院,二级医院,-,2012 年
无锡华清医院,NA,江苏·泰州市,民营医院,专科医院,二级医院,-,2012 年
无锡金瞳眼科医院,NA,江苏·泰州市,民营医院,专科医院,二级医院,-,2012 年
无锡瑞慈妇儿医院,NA,江苏·泰州市,民营医院,专科医院,二级医院,-,2012 年
无锡市慈善医院,NA,江苏·泰州市,民营医院,专科医院,二级医院,-,2012 年
无锡市惠山区中医医院,NA,江苏·泰州市,民营医院,专科医院,二级医院,-,2012 年
无锡市锡山区梓旺康复医院,NA,江苏·泰州市,民营医院,专科医院,二级医院,-,2012 年
无锡锡西新城医院,NA,江苏·泰州市,民营医院,专科医院,二级医院,-,2012 年
兴化城南医院,NA,江苏·泰州市,民营医院,专科医院,二级医院,-,2012 年
兴化市第二人民医院,NA,江苏·泰州市,民营医院,专科医院,二级医院,-,2012 年
兴化市第三人民医院,NA,江苏·泰州市,民营医院,专科医院,二级医院,-,2012 年
兴化市第五人民医院,NA,江苏·泰州市,民营医院,专科医院,二级医院,-,2012 年
新沂市博爱康复医院,NA,江苏·泰州市,民营医院,专科医院,二级医院,-,2012 年
锡山区中医医院东港院区,NA,江苏·泰州市,民营医院,专科医院,二级医院,-,2012 年
盱眙县第二人民医院,NA,江苏·泰州市,民营医院,专科医院,二级医院,-,2012 年
徐州爱牙口腔医院,NA,江苏·泰州市,民营医院,专科医院,二级医院,-,2012 年
