Hospital,Link,Location,Trade,Attribution,Grade,Scale,Establish
苏州工业园区星湖医院,NA,江苏·苏州市,公立医院,综合医院,二级医院,-,2011 年
苏州名仕医院,NA,江苏·苏州市,公立医院,综合医院,二级医院,-,2011 年
苏州民生皮肤病医院,NA,江苏·苏州市,公立医院,综合医院,二级医院,-,2011 年
苏州平江医院,NA,江苏·苏州市,公立医院,综合医院,二级医院,-,2011 年
苏州瑞盛康复医院,NA,江苏·苏州市,公立医院,综合医院,二级医院,-,2011 年
苏州市吴江区第四人民医院,NA,江苏·苏州市,公立医院,综合医院,二级医院,-,2011 年
苏州市吴江区第五人民医院,NA,江苏·苏州市,公立医院,综合医院,二级医院,-,2011 年
苏州泰康吴园康复医院,NA,江苏·苏州市,公立医院,综合医院,二级医院,-,2011 年
苏州眼耳鼻喉科医院,NA,江苏·苏州市,公立医院,综合医院,二级医院,-,2011 年
太仓市女子医院,NA,江苏·苏州市,公立医院,综合医院,二级医院,-,2011 年
太仓星光医院,NA,江苏·苏州市,公立医院,综合医院,二级医院,-,2011 年
泰兴华山医院,NA,江苏·苏州市,公立医院,综合医院,二级医院,-,2011 年
泰兴经济开发区医院,NA,江苏·苏州市,公立医院,综合医院,二级医院,-,2011 年
泰兴市第三人民医院,NA,江苏·苏州市,公立医院,综合医院,二级医院,-,2011 年
泰兴新区妇产医院,NA,江苏·苏州市,公立医院,综合医院,二级医院,-,2011 年
泰州惠众康复医院,NA,江苏·苏州市,公立医院,综合医院,二级医院,-,2011 年
泰州三泰康复医院,NA,江苏·苏州市,公立医院,综合医院,二级医院,-,2011 年
泰州市第三人民医院,NA,江苏·苏州市,公立医院,综合医院,二级医院,-,2011 年
泰州市海陵济群医院,NA,江苏·苏州市,公立医院,综合医院,二级医院,-,2011 年
泰州市姜堰区溱潼人民医院,NA,江苏·苏州市,公立医院,综合医院,二级医院,-,2011 年
