Hospital,Link,Location,Trade,Attribution,Grade,Scale,Establish
杭州市妇产科医院,NA,浙江·杭州市,公立医院,专科医院,三级医院,1000 人以上,2014 年
浙江金华广福肿瘤医院,NA,浙江·杭州市,公立医院,专科医院,三级医院,1000 人以上,2014 年
光华未来医院,NA,浙江·杭州市,公立医院,专科医院,三级医院,1000 人以上,2014 年
杭州九和医院,NA,浙江·杭州市,公立医院,专科医院,三级医院,1000 人以上,2014 年
杭州市肿瘤医院,NA,浙江·杭州市,公立医院,专科医院,三级医院,1000 人以上,2014 年
湖州市第一人民医院,NA,浙江·杭州市,公立医院,专科医院,三级医院,1000 人以上,2014 年
宁波市鄞州区中医院,NA,浙江·杭州市,公立医院,专科医院,三级医院,1000 人以上,2014 年
衢州中心医院,NA,浙江·杭州市,公立医院,专科医院,三级医院,1000 人以上,2014 年
绍兴市人民医院镜湖总院,NA,浙江·杭州市,公立医院,专科医院,三级医院,1000 人以上,2014 年
温州和平国际医院,NA,浙江·杭州市,公立医院,专科医院,三级医院,1000 人以上,2014 年
温州市第六人民医院,NA,浙江·杭州市,公立医院,专科医院,三级医院,1000 人以上,2014 年
