Hospital,Link,Location,Trade,Attribution,Grade,Scale,Establish
浙江省青春医院,NA,浙江·杭州市,公立医院,综合医院,二级甲等,-,1976 年
浙江省武义县第一人民医院,NA,浙江·杭州市,公立医院,综合医院,二级甲等,-,1976 年
浙江省舟山广安医院,NA,浙江·杭州市,公立医院,综合医院,二级甲等,-,1976 年
舟山顾鹤传骨伤医院,NA,浙江·杭州市,公立医院,综合医院,二级甲等,-,1976 年
舟山市定海区中心医院,NA,浙江·杭州市,公立医院,综合医院,二级甲等,-,1976 年
诸暨市店口中山医院,NA,浙江·杭州市,公立医院,综合医院,二级甲等,-,1976 年
诸暨市第四人民医院,NA,浙江·杭州市,公立医院,综合医院,二级甲等,-,1976 年
诸暨市红十字医院,NA,浙江·杭州市,公立医院,综合医院,二级甲等,-,1976 年
诸暨市中心医院,NA,浙江·杭州市,公立医院,综合医院,二级甲等,-,1976 年
诸暨市中心医院大侣分院,NA,浙江·杭州市,公立医院,综合医院,二级甲等,-,1976 年
