Hospital,Link,Location,Trade,Attribution,Grade,Scale,Establish
浙江大学医学院附属口腔医院,NA,浙江·杭州市,公立医院,专科医院,三级甲等,-,1996 年
浙江大学医学院附属邵逸夫医院大运河分院,NA,浙江·杭州市,公立医院,专科医院,三级甲等,-,1996 年
浙江省立同德医院,NA,浙江·杭州市,公立医院,专科医院,三级甲等,-,1996 年
浙江省人民医院,NA,浙江·杭州市,公立医院,专科医院,三级甲等,-,1996 年
浙江省人民医院富阳院区,NA,浙江·杭州市,公立医院,专科医院,三级甲等,-,1996 年
浙江省消防总队医院,NA,浙江·杭州市,公立医院,专科医院,三级甲等,-,1996 年
浙江省中医院,NA,浙江·杭州市,公立医院,专科医院,三级甲等,-,1996 年
浙江医院,NA,浙江·杭州市,公立医院,专科医院,三级甲等,-,1996 年
浙江医院三墩院区,NA,浙江·杭州市,公立医院,专科医院,三级甲等,-,1996 年
浙江中医药大学附属第三医院莫干山院区,NA,浙江·杭州市,公立医院,专科医院,三级甲等,-,1996 年
中国人民解放军第九八医院,NA,浙江·杭州市,公立医院,专科医院,三级甲等,-,1996 年
中国人民解放军联勤保障部队第九〇六医院,NA,浙江·杭州市,公立医院,专科医院,三级甲等,-,1996 年
中国人民解放军联勤保障部队第九〇三医院,NA,浙江·杭州市,公立医院,专科医院,三级甲等,-,1996 年
舟山市妇幼保健医院,NA,浙江·杭州市,公立医院,专科医院,三级甲等,-,1996 年
舟山市中医院,NA,浙江·杭州市,公立医院,专科医院,三级甲等,-,1996 年
诸暨市中医医院,NA,浙江·杭州市,公立医院,专科医院,三级甲等,-,1996 年
