Hospital,Link,Location,Trade,Attribution,Grade,Scale,Establish
杭州市富阳中医骨伤医院,NA,浙江·杭州市,公立医院,专科医院,三级甲等,-,-
杭州市红十字会医院,NA,浙江·杭州市,公立医院,专科医院,三级甲等,-,-
杭州市下沙医院,NA,浙江·杭州市,公立医院,专科医院,三级甲等,-,-
杭州市中医院,NA,浙江·杭州市,公立医院,专科医院,三级甲等,-,-
湖州市中医院,NA,浙江·杭州市,公立医院,专科医院,三级甲等,-,-
嘉兴市第二医院,NA,浙江·杭州市,公立医院,专科医院,三级甲等,-,-
嘉兴市第一医院,NA,浙江·杭州市,公立医院,专科医院,三级甲等,-,-
嘉兴市中医院,NA,浙江·杭州市,公立医院,专科医院,三级甲等,-,-
金华长庚医院,NA,浙江·杭州市,公立医院,专科医院,三级甲等,-,-
金华市第二医院,NA,浙江·杭州市,公立医院,专科医院,三级甲等,-,-
金华市中医院,NA,浙江·杭州市,公立医院,专科医院,三级甲等,-,-
丽水市人民医院,NA,浙江·杭州市,公立医院,专科医院,三级甲等,-,-
宁波大学医学院附属医院,NA,浙江·杭州市,公立医院,专科医院,三级甲等,-,-
宁波市第二医院,NA,浙江·杭州市,公立医院,专科医院,三级甲等,-,-
宁波市第一医院,NA,浙江·杭州市,公立医院,专科医院,三级甲等,-,-
宁波市妇女儿童医院,NA,浙江·杭州市,公立医院,专科医院,三级甲等,-,-
宁波市中医院,NA,浙江·杭州市,公立医院,专科医院,三级甲等,-,-
衢州市衢江人民医院,NA,浙江·杭州市,公立医院,专科医院,三级甲等,-,-
衢州市人民医院,NA,浙江·杭州市,公立医院,专科医院,三级甲等,-,-
上虞市中医院,NA,浙江·杭州市,公立医院,专科医院,三级甲等,-,-
