Hospital,Link,Location,Trade,Attribution,Grade,Scale,Establish
杭州市江干区人民医院,NA,浙江·杭州市,公立医院,综合医院,二级丙等,-,1952 年
苍南县铁龙眼耳鼻喉科医院,NA,浙江·杭州市,公立医院,综合医院,二级丙等,-,1952 年
富阳区新登中医骨伤科医院,NA,浙江·杭州市,公立医院,综合医院,二级丙等,-,1952 年
杭州市下城区中西医结合医院,NA,浙江·杭州市,公立医院,综合医院,二级丙等,-,1952 年
文成县中医院,NA,浙江·杭州市,公立医院,综合医院,二级丙等,-,1952 年
仙居县第二人民医院,NA,浙江·杭州市,公立医院,综合医院,二级丙等,-,1952 年
