Hospital,Link,Location,Trade,Attribution,Grade,Scale,Establish
瑞安市第二人民医院,NA,浙江·温州市,公立医院,综合医院,二级甲等,-,1956 年
瑞安市第五人民医院,NA,浙江·温州市,公立医院,综合医院,二级甲等,-,1956 年
三门县人民医院,NA,浙江·温州市,公立医院,综合医院,二级甲等,-,1956 年
绍兴市柯桥区中医医院,NA,浙江·温州市,公立医院,综合医院,二级甲等,-,1956 年
绍兴市上虞第二人民医院,NA,浙江·温州市,公立医院,综合医院,二级甲等,-,1956 年
嵊泗县人民医院,NA,浙江·温州市,公立医院,综合医院,二级甲等,-,1956 年
嵊州市崇仁人民医院,NA,浙江·温州市,公立医院,综合医院,二级甲等,-,1956 年
嵊州市中医院,NA,浙江·温州市,公立医院,综合医院,二级甲等,-,1956 年
松阳县中医医院,NA,浙江·温州市,公立医院,综合医院,二级甲等,-,1956 年
泰顺县人民医院,NA,浙江·温州市,公立医院,综合医院,二级甲等,-,1956 年
台州市博爱医院,NA,浙江·温州市,公立医院,综合医院,二级甲等,-,1956 年
台州市中西医结合医院,NA,浙江·温州市,公立医院,综合医院,二级甲等,-,1956 年
台州章氏骨伤医院,NA,浙江·温州市,公立医院,综合医院,二级甲等,-,1956 年
天台中医院,NA,浙江·温州市,公立医院,综合医院,二级甲等,-,1956 年
桐庐县第一人民医院,NA,浙江·温州市,公立医院,综合医院,二级甲等,-,1956 年
桐庐县中医院,NA,浙江·温州市,公立医院,综合医院,二级甲等,-,1956 年
桐乡市第二人民医院,NA,浙江·温州市,公立医院,综合医院,二级甲等,-,1956 年
文成县人民医院,NA,浙江·温州市,公立医院,综合医院,二级甲等,-,1956 年
温岭妇幼保健院,NA,浙江·温州市,公立医院,综合医院,二级甲等,-,1956 年
温州中山医院,NA,浙江·温州市,公立医院,综合医院,二级甲等,-,1956 年
