Hospital,Link,Location,Trade,Attribution,Grade,Scale,Establish
杭州海亮馨蕙馨医院,NA,浙江·杭州市,民营医院,综合医院,二级医院,100-499 人,2018 年
杭州牙科医院,NA,浙江·杭州市,民营医院,综合医院,二级医院,100-499 人,2018 年
宁波百佳妇产医院,NA,浙江·杭州市,民营医院,综合医院,二级医院,100-499 人,2018 年
浙江省荣军医院,NA,浙江·杭州市,民营医院,综合医院,二级医院,100-499 人,2018 年
苍南县第三人民医院,NA,浙江·杭州市,民营医院,综合医院,二级医院,100-499 人,2018 年
常山县第二人民医院,NA,浙江·杭州市,民营医院,综合医院,二级医院,100-499 人,2018 年
长兴骨科医院,NA,浙江·杭州市,民营医院,综合医院,二级医院,100-499 人,2018 年
岱山县第二人民医院,NA,浙江·杭州市,民营医院,综合医院,二级医院,100-499 人,2018 年
东阳亲和医院,NA,浙江·杭州市,民营医院,综合医院,二级医院,100-499 人,2018 年
富阳柏氏眼科医院,NA,浙江·杭州市,民营医院,综合医院,二级医院,100-499 人,2018 年
富阳城中西医结合医院,NA,浙江·杭州市,民营医院,综合医院,二级医院,100-499 人,2018 年
海宁皮城康复医院,NA,浙江·杭州市,民营医院,综合医院,二级医院,100-499 人,2018 年
杭州东骅康复医院,NA,浙江·杭州市,民营医院,综合医院,二级医院,100-499 人,2018 年
杭州复旦医院,NA,浙江·杭州市,民营医院,综合医院,二级医院,100-499 人,2018 年
杭州和康康复医院,NA,浙江·杭州市,民营医院,综合医院,二级医院,100-499 人,2018 年
杭州康复医院,NA,浙江·杭州市,民营医院,综合医院,二级医院,100-499 人,2018 年
杭州丽都白癜风皮肤病医院,NA,浙江·杭州市,民营医院,综合医院,二级医院,100-499 人,2018 年
杭州仁育妇产医院,NA,浙江·杭州市,民营医院,综合医院,二级医院,100-499 人,2018 年
杭州三江乐天医院,NA,浙江·杭州市,民营医院,综合医院,二级医院,100-499 人,2018 年
杭州三江阳光康复医院,NA,浙江·杭州市,民营医院,综合医院,二级医院,100-499 人,2018 年
