Hospital,Link,Location,Trade,Attribution,Grade,Scale,Establish
宁波北仑骨科医院,NA,浙江·宁波市,民营医院,专科医院,二级医院,-,-
宁波海曙送子鸟医院,NA,浙江·宁波市,民营医院,专科医院,二级医院,-,-
宁波夏里特妇产医院,NA,浙江·宁波市,民营医院,专科医院,二级医院,-,-
宁波象山港妇产医院,NA,浙江·宁波市,民营医院,专科医院,二级医院,-,-
宁波牙博士口腔医院,NA,浙江·宁波市,民营医院,专科医院,二级医院,-,-
宁波鄞州中医院,NA,浙江·宁波市,民营医院,专科医院,二级医院,-,-
平阳健安康复医院,NA,浙江·宁波市,民营医院,专科医院,二级医院,-,-
普陀仁济医院,NA,浙江·宁波市,民营医院,专科医院,二级医院,-,-
衢州中西医结合医院,NA,浙江·宁波市,民营医院,专科医院,二级医院,-,-
瑞安市红十字医院,NA,浙江·宁波市,民营医院,专科医院,二级医院,-,-
三门弘景康复医院,NA,浙江·宁波市,民营医院,专科医院,二级医院,-,-
绍兴柯桥骨伤医院,NA,浙江·宁波市,民营医院,专科医院,二级医院,-,-
绍兴市柯桥区滨海医院,NA,浙江·宁波市,民营医院,专科医院,二级医院,-,-
绍兴市越城区人民医院,NA,浙江·宁波市,民营医院,专科医院,二级医院,-,-
绍兴新兴医院,NA,浙江·宁波市,民营医院,专科医院,二级医院,-,-
嵊泗县中医院,NA,浙江·宁波市,民营医院,专科医院,二级医院,-,-
嵊州国泰医院,NA,浙江·宁波市,民营医院,专科医院,二级医院,-,-
嵊州市口腔医院,NA,浙江·宁波市,民营医院,专科医院,二级医院,-,-
泰顺县第二人民医院,NA,浙江·宁波市,民营医院,专科医院,二级医院,-,-
台州三门君同骨伤医院,NA,浙江·宁波市,民营医院,专科医院,二级医院,-,-
