Hospital,Link,Location,Trade,Attribution,Grade,Scale,Establish
苍南县人民医院,NA,浙江·温州市,公立医院,综合医院,三级乙等,1000 人以上,1987 年
长兴县人民医院,NA,浙江·温州市,公立医院,综合医院,三级乙等,1000 人以上,1987 年
长兴县中医院,NA,浙江·温州市,公立医院,综合医院,三级乙等,1000 人以上,1987 年
慈溪市人民医院医疗健康集团,NA,浙江·温州市,公立医院,综合医院,三级乙等,1000 人以上,1987 年
东阳市人民医院,NA,浙江·温州市,公立医院,综合医院,三级乙等,1000 人以上,1987 年
海宁市人民医院,NA,浙江·温州市,公立医院,综合医院,三级乙等,1000 人以上,1987 年
杭州市临安区人民医院,NA,浙江·温州市,公立医院,综合医院,三级乙等,1000 人以上,1987 年
杭州市萧山区第一人民医院,NA,浙江·温州市,公立医院,综合医院,三级乙等,1000 人以上,1987 年
杭州市余杭区中医院,NA,浙江·温州市,公立医院,综合医院,三级乙等,1000 人以上,1987 年
嘉兴市康慈医院,NA,浙江·温州市,公立医院,综合医院,三级乙等,1000 人以上,1987 年
金华市人民医院,NA,浙江·温州市,公立医院,综合医院,三级乙等,1000 人以上,1987 年
绍兴第二医院,NA,浙江·温州市,公立医院,综合医院,三级乙等,1000 人以上,1987 年
绍兴市上虞妇幼保健院,NA,浙江·温州市,公立医院,综合医院,三级乙等,1000 人以上,1987 年
绍兴市上虞人民医院,NA,浙江·温州市,公立医院,综合医院,三级乙等,1000 人以上,1987 年
绍兴文理学院附属医院,NA,浙江·温州市,公立医院,综合医院,三级乙等,1000 人以上,1987 年
台州骨伤医院,NA,浙江·温州市,公立医院,综合医院,三级乙等,1000 人以上,1987 年
台州市第二人民医院,NA,浙江·温州市,公立医院,综合医院,三级乙等,1000 人以上,1987 年
台州市第一人民医院,NA,浙江·温州市,公立医院,综合医院,三级乙等,1000 人以上,1987 年
台州市立医院,NA,浙江·温州市,公立医院,综合医院,三级乙等,1000 人以上,1987 年
天台县人民医院,NA,浙江·温州市,公立医院,综合医院,三级乙等,1000 人以上,1987 年
