Hospital,Link,Location,Trade,Attribution,Grade,Scale,Establish
杭州萧山九龙男科医院,NA,·,民营医院,-,未定级,-,-
杭州电子科技大学校医院,NA,·,民营医院,-,未定级,-,-
杭州新城医院,NA,·,民营医院,-,未定级,-,-
杭州余杭骨科医院,NA,·,民营医院,-,未定级,-,-
杭州虹桥医院,NA,·,民营医院,-,未定级,-,-
金华维多利亚美容医院,NA,·,民营医院,-,未定级,-,-
嘉善县肿瘤防治所,NA,·,民营医院,-,未定级,-,-
武义县杨家医院,NA,·,民营医院,-,未定级,-,-
浦江献礼医院,NA,·,民营医院,-,未定级,-,-
舟山现代妇科医院,NA,·,民营医院,-,未定级,-,-
越中口腔医院,NA,·,民营医院,-,未定级,-,-
舟山中学卫生保健所,NA,·,民营医院,-,未定级,-,-
杭州萧山茶亭伤科医院,NA,·,民营医院,-,未定级,-,-
新疆维吾尔族自治区杭州疗养院,NA,·,民营医院,-,未定级,-,-
杭州市萧山区杭齿医院,NA,·,民营医院,-,未定级,-,-
杭州萧山恒福医院,NA,·,民营医院,-,未定级,-,-
杭州市西郊监狱医院,NA,·,民营医院,-,未定级,-,-
金东区中医院口腔门诊3,NA,·,民营医院,-,未定级,-,-
杭州市萧山区东方疗养院,NA,·,民营医院,-,未定级,-,-
浙江工商大学校医院,NA,·,民营医院,-,未定级,-,-
