Hospital,Link,Location,Trade,Attribution,Grade,Scale,Establish
杭州市上城区中医院,NA,浙江·杭州市,公立医院,综合医院,二级医院,-,1952 年
杭州市下城区中医院,NA,浙江·杭州市,公立医院,综合医院,二级医院,-,1952 年
杭州市余杭区第五人民医院,NA,浙江·杭州市,公立医院,综合医院,二级医院,-,1952 年
杭州小和山医院,NA,浙江·杭州市,公立医院,综合医院,二级医院,-,1952 年
杭州西湖口腔医院,NA,浙江·杭州市,公立医院,综合医院,二级医院,-,1952 年
杭州怡养医院,NA,浙江·杭州市,公立医院,综合医院,二级医院,-,1952 年
杭州余杭富春骨伤医院,NA,浙江·杭州市,公立医院,综合医院,二级医院,-,1952 年
杭州余杭华元康复医院,NA,浙江·杭州市,公立医院,综合医院,二级医院,-,1952 年
杭州余杭坚信康悦老年医院,NA,浙江·杭州市,公立医院,综合医院,二级医院,-,1952 年
湖州玛利亚妇产科医院,NA,浙江·杭州市,公立医院,综合医院,二级医院,-,1952 年
湖州市中心医院长兴分院,NA,浙江·杭州市,公立医院,综合医院,二级医院,-,1952 年
湖州吴兴区康丰老人医院,NA,浙江·杭州市,公立医院,综合医院,二级医院,-,1952 年
嘉善东方医院,NA,浙江·杭州市,公立医院,综合医院,二级医院,-,1952 年
嘉兴康久中医院,NA,浙江·杭州市,公立医院,综合医院,二级医院,-,1952 年
嘉兴曙光中西医结合医院,NA,浙江·杭州市,公立医院,综合医院,二级医院,-,1952 年
嘉兴悦程妇产医院,NA,浙江·杭州市,公立医院,综合医院,二级医院,-,1952 年
临海市妇幼保健院,NA,浙江·杭州市,公立医院,综合医院,二级医院,-,1952 年
临海市临港新城医院,NA,浙江·杭州市,公立医院,综合医院,二级医院,-,1952 年
路桥南方妇产医院,NA,浙江·杭州市,公立医院,综合医院,二级医院,-,1952 年
宁波北仑大港医院,NA,浙江·杭州市,公立医院,综合医院,二级医院,-,1952 年
