Hospital,Link,Location,Trade,Attribution,Grade,Scale,Establish
东阳市人民医院巍山分院,NA,浙江·金华市,公立医院,综合医院,二级甲等,-,1951 年
奉化区人民医院,NA,浙江·金华市,公立医院,综合医院,二级甲等,-,1951 年
奉化市妇幼保健院,NA,浙江·金华市,公立医院,综合医院,二级甲等,-,1951 年
富阳区第三人民医院,NA,浙江·金华市,公立医院,综合医院,二级甲等,-,1951 年
富阳区中医院,NA,浙江·金华市,公立医院,综合医院,二级甲等,-,1951 年
国家电网公司职业病防治院,NA,浙江·金华市,公立医院,综合医院,二级甲等,-,1951 年
海宁市康华医院,NA,浙江·金华市,公立医院,综合医院,二级甲等,-,1951 年
海盐县中医院,NA,浙江·金华市,公立医院,综合医院,二级甲等,-,1951 年
杭州钢铁集团公司职工医院,NA,浙江·金华市,公立医院,综合医院,二级甲等,-,1951 年
杭州市大江东医院,NA,浙江·金华市,公立医院,综合医院,二级甲等,-,1951 年
杭州市公安局安康医院,NA,浙江·金华市,公立医院,综合医院,二级甲等,-,1951 年
杭州市拱墅区红十字会医院,NA,浙江·金华市,公立医院,综合医院,二级甲等,-,1951 年
杭州市拱墅中西医结合医院,NA,浙江·金华市,公立医院,综合医院,二级甲等,-,1951 年
杭州市萧山区第六人民医院,NA,浙江·金华市,公立医院,综合医院,二级甲等,-,1951 年
杭州市萧山区第三人民医院,NA,浙江·金华市,公立医院,综合医院,二级甲等,-,1951 年
杭州市余杭区第二人民医院,NA,浙江·金华市,公立医院,综合医院,二级甲等,-,1951 年
杭州文仲中医医院,NA,浙江·金华市,公立医院,综合医院,二级甲等,-,1951 年
杭州詹氏中医骨伤医院,NA,浙江·金华市,公立医院,综合医院,二级甲等,-,1951 年
湖州长兴雉州医院,NA,浙江·金华市,公立医院,综合医院,二级甲等,-,1951 年
湖州市南浔区人民医院,NA,浙江·金华市,公立医院,综合医院,二级甲等,-,1951 年
