Hospital,Link,Location,Trade,Attribution,Grade,Scale,Establish
浙江长兴口腔医院,NA,浙江·湖州市,民营医院,专科医院,二级医院,-,2011 年
浙江康复医疗中心,NA,浙江·湖州市,民营医院,专科医院,二级医院,-,2011 年
浙江省公安边防总队医院,NA,浙江·湖州市,民营医院,专科医院,二级医院,-,2011 年
舟山市定海广华医院,NA,浙江·湖州市,民营医院,专科医院,二级医院,-,2011 年
舟山市普陀区第二人民医院,NA,浙江·湖州市,民营医院,专科医院,二级医院,-,2011 年
诸暨浣江康复医院,NA,浙江·湖州市,民营医院,专科医院,二级医院,-,2011 年
嘉善东方医院,NA,浙江·湖州市,民营医院,专科医院,二级医院,-,2011 年
