Hospital,Link,Location,Trade,Attribution,Grade,Scale,Establish
台州市路桥区中医院,NA,浙江·台州市,公立医院,专科医院,二级医院,-,1955 年
台州同济中西医结合医院,NA,浙江·台州市,公立医院,专科医院,二级医院,-,1955 年
桐庐怡生堂综合医院,NA,浙江·台州市,公立医院,专科医院,二级医院,-,1955 年
桐庐张氏中医医院,NA,浙江·台州市,公立医院,专科医院,二级医院,-,1955 年
桐乡星光医院,NA,浙江·台州市,公立医院,专科医院,二级医院,-,1955 年
温岭东方医院,NA,浙江·台州市,公立医院,专科医院,二级医院,-,1955 年
温岭市第四人民医院,NA,浙江·台州市,公立医院,专科医院,二级医院,-,1955 年
温州加美美容医院,NA,浙江·台州市,公立医院,专科医院,二级医院,-,1955 年
温州建国医院,NA,浙江·台州市,公立医院,专科医院,二级医院,-,1955 年
温州市洞头区人民医院,NA,浙江·台州市,公立医院,专科医院,二级医院,-,1955 年
温州艺星医疗美容医院,NA,浙江·台州市,公立医院,专科医院,二级医院,-,1955 年
温州永嘉江北和佳医院,NA,浙江·台州市,公立医院,专科医院,二级医院,-,1955 年
义乌爱尔眼科医院,NA,浙江·台州市,公立医院,专科医院,二级医院,-,1955 年
义乌復元私立医院,NA,浙江·台州市,公立医院,专科医院,二级医院,-,1955 年
永康康利眼科医院,NA,浙江·台州市,公立医院,专科医院,二级医院,-,1955 年
永康龙川家医院,NA,浙江·台州市,公立医院,专科医院,二级医院,-,1955 年
永康绿康康复医院,NA,浙江·台州市,公立医院,专科医院,二级医院,-,1955 年
永康瑞金儿童医院,NA,浙江·台州市,公立医院,专科医院,二级医院,-,1955 年
乐清市康宁医院,NA,浙江·台州市,公立医院,专科医院,二级医院,-,1955 年
余姚惠爱医院,NA,浙江·台州市,公立医院,专科医院,二级医院,-,1955 年
