Hospital,Link,Location,Trade,Attribution,Grade,Scale,Establish
长兴第二医院,NA,浙江·湖州市,民营医院,综合医院,未定级,100-499 人,2014 年
丁香医管,NA,浙江·湖州市,民营医院,综合医院,未定级,100-499 人,2014 年
杭州爱尔眼科医院,NA,浙江·湖州市,民营医院,综合医院,未定级,100-499 人,2014 年
杭州艾玛妇产医院,NA,浙江·湖州市,民营医院,综合医院,未定级,100-499 人,2014 年
杭州贝瑞斯美华妇儿医院,NA,浙江·湖州市,民营医院,综合医院,未定级,100-499 人,2014 年
杭州彩虹鱼康复护理院,NA,浙江·湖州市,民营医院,综合医院,未定级,100-499 人,2014 年
杭州城星美奥口腔门诊部,NA,浙江·湖州市,民营医院,综合医院,未定级,100-499 人,2014 年
杭州（国际）牙科医院,NA,浙江·湖州市,民营医院,综合医院,未定级,100-499 人,2014 年
杭州华厦眼科医院,NA,浙江·湖州市,民营医院,综合医院,未定级,100-499 人,2014 年
杭州江干博凡口腔医院,NA,浙江·湖州市,民营医院,综合医院,未定级,100-499 人,2014 年
杭州菁华妇儿医院,NA,浙江·湖州市,民营医院,综合医院,未定级,100-499 人,2014 年
杭州开璞健康管理有限公司武林路口腔门诊部,NA,浙江·湖州市,民营医院,综合医院,未定级,100-499 人,2014 年
杭州口腔医院城西分院,NA,浙江·湖州市,民营医院,综合医院,未定级,100-499 人,2014 年
杭州口腔医院平海院区,NA,浙江·湖州市,民营医院,综合医院,未定级,100-499 人,2014 年
杭州美中宜和妇儿医院,NA,浙江·湖州市,民营医院,综合医院,未定级,100-499 人,2014 年
杭州庆春口腔门诊部,NA,浙江·湖州市,民营医院,综合医院,未定级,100-499 人,2014 年
杭州全景医学影像诊断中心,NA,浙江·湖州市,民营医院,综合医院,未定级,100-499 人,2014 年
杭州仁树医疗门诊部,NA,浙江·湖州市,民营医院,综合医院,未定级,100-499 人,2014 年
杭州市儿童医院,NA,浙江·湖州市,民营医院,综合医院,未定级,100-499 人,2014 年
杭州市五云山医院,NA,浙江·湖州市,民营医院,综合医院,未定级,100-499 人,2014 年
