Hospital,Link,Location,Trade,Attribution,Grade,Scale,Establish
温州肛泰医院,NA,浙江·温州市,民营医院,专科医院,二级乙等,-,2005 年
温州市红旗医院,NA,浙江·温州市,民营医院,专科医院,二级乙等,-,2005 年
温州市龙湾区人民医院,NA,浙江·温州市,民营医院,专科医院,二级乙等,-,2005 年
温州市鹿城精神病医院,NA,浙江·温州市,民营医院,专科医院,二级乙等,-,2005 年
温州市鹿城区人民医院,NA,浙江·温州市,民营医院,专科医院,二级乙等,-,2005 年
温州市瓯海区第三人民医院,NA,浙江·温州市,民营医院,专科医院,二级乙等,-,2005 年
温州市中医院水心院区门诊,NA,浙江·温州市,民营医院,专科医院,二级乙等,-,2005 年
温州曙光医院,NA,浙江·温州市,民营医院,专科医院,二级乙等,-,2005 年
温州万福医院,NA,浙江·温州市,民营医院,专科医院,二级乙等,-,2005 年
温州王侨骨伤医院,NA,浙江·温州市,民营医院,专科医院,二级乙等,-,2005 年
仙居县精神病医院,NA,浙江·温州市,民营医院,专科医院,二级乙等,-,2005 年
萧山经济技术开发区医院,NA,浙江·温州市,民营医院,专科医院,二级乙等,-,2005 年
义乌市疾病预防控制中心,NA,浙江·温州市,民营医院,专科医院,二级乙等,-,2005 年
永嘉县桥头镇社区卫生服务中心,NA,浙江·温州市,民营医院,专科医院,二级乙等,-,2005 年
永康市第三人民医院,NA,浙江·温州市,民营医院,专科医院,二级乙等,-,2005 年
永康市第五人民医院,NA,浙江·温州市,民营医院,专科医院,二级乙等,-,2005 年
云和县中医院,NA,浙江·温州市,民营医院,专科医院,二级乙等,-,2005 年
余姚市第三人民医院,NA,浙江·温州市,民营医院,专科医院,二级乙等,-,2005 年
浙江省医疗健康集团长兴医院,NA,浙江·温州市,民营医院,专科医院,二级乙等,-,2005 年
浙江省乐清市第五人民医院,NA,浙江·温州市,民营医院,专科医院,二级乙等,-,2005 年
