Hospital,Link,Location,Trade,Attribution,Grade,Scale,Establish
龙泉市人民医院,NA,浙江·丽水市,公立医院,综合医院,二级甲等,-,1940 年
龙泉市中医院,NA,浙江·丽水市,公立医院,综合医院,二级甲等,-,1940 年
龙游县人民医院,NA,浙江·丽水市,公立医院,综合医院,二级甲等,-,1940 年
龙游县中医医院,NA,浙江·丽水市,公立医院,综合医院,二级甲等,-,1940 年
鹿城区精神病医院,NA,浙江·丽水市,公立医院,综合医院,二级甲等,-,1940 年
宁波爱伊美医院,NA,浙江·丽水市,公立医院,综合医院,二级甲等,-,1940 年
宁波市北仑区中医院,NA,浙江·丽水市,公立医院,综合医院,二级甲等,-,1940 年
宁波市第九医院,NA,浙江·丽水市,公立医院,综合医院,二级甲等,-,1940 年
宁波市康复医院,NA,浙江·丽水市,公立医院,综合医院,二级甲等,-,1940 年
宁波市镇海龙赛医院,NA,浙江·丽水市,公立医院,综合医院,二级甲等,-,1940 年
宁波市镇海区中医医院,NA,浙江·丽水市,公立医院,综合医院,二级甲等,-,1940 年
宁海县第一医院,NA,浙江·丽水市,公立医院,综合医院,二级甲等,-,1940 年
宁海县中医院,NA,浙江·丽水市,公立医院,综合医院,二级甲等,-,1940 年
浦江县人民医院,NA,浙江·丽水市,公立医院,综合医院,二级甲等,-,1940 年
浦江县中医院,NA,浙江·丽水市,公立医院,综合医院,二级甲等,-,1940 年
青田江南医院,NA,浙江·丽水市,公立医院,综合医院,二级甲等,-,1940 年
青田县人民医院,NA,浙江·丽水市,公立医院,综合医院,二级甲等,-,1940 年
青田县中医院,NA,浙江·丽水市,公立医院,综合医院,二级甲等,-,1940 年
庆元县人民医院,NA,浙江·丽水市,公立医院,综合医院,二级甲等,-,1940 年
庆元县中医院,NA,浙江·丽水市,公立医院,综合医院,二级甲等,-,1940 年
