Hospital,Link,Location,Trade,Attribution,Grade,Scale,Establish
绍兴市第七人民医院,NA,浙江·绍兴市,公立医院,专科医院,三级甲等,-,1956 年
绍兴市妇幼保健院,NA,浙江·绍兴市,公立医院,专科医院,三级甲等,-,1956 年
绍兴市人民医院高新分院,NA,浙江·绍兴市,公立医院,专科医院,三级甲等,-,1956 年
绍兴市中医院,NA,浙江·绍兴市,公立医院,专科医院,三级甲等,-,1956 年
松阳县人民医院,NA,浙江·绍兴市,公立医院,专科医院,三级甲等,-,1956 年
台州市中心医院,NA,浙江·绍兴市,公立医院,专科医院,三级甲等,-,1956 年
台州浙东医院,NA,浙江·绍兴市,公立医院,专科医院,三级甲等,-,1956 年
温州市人民医院,NA,浙江·绍兴市,公立医院,专科医院,三级甲等,-,1956 年
温州市人民医院娄桥院区,NA,浙江·绍兴市,公立医院,专科医院,三级甲等,-,1956 年
温州医科大学附属第一医院,NA,浙江·绍兴市,公立医院,专科医院,三级甲等,-,1956 年
温州医科大学附属口腔医院,NA,浙江·绍兴市,公立医院,专科医院,三级甲等,-,1956 年
温州医科大学附属眼视光医院,NA,浙江·绍兴市,公立医院,专科医院,三级甲等,-,1956 年
武警浙江省总队杭州医院,NA,浙江·绍兴市,公立医院,专科医院,三级甲等,-,1956 年
武警浙江总队嘉兴医院,NA,浙江·绍兴市,公立医院,专科医院,三级甲等,-,1956 年
新昌县中医院,NA,浙江·绍兴市,公立医院,专科医院,三级甲等,-,1956 年
义乌市中医医院,NA,浙江·绍兴市,公立医院,专科医院,三级甲等,-,1956 年
医院测试,NA,浙江·绍兴市,公立医院,专科医院,三级甲等,-,1956 年
浙江大学附属第一医院之江院区,NA,浙江·绍兴市,公立医院,专科医院,三级甲等,-,1956 年
浙江大学医学院附属第二医院青山湖院区,NA,浙江·绍兴市,公立医院,专科医院,三级甲等,-,1956 年
浙江大学医学院附属儿童医院滨江院区,NA,浙江·绍兴市,公立医院,专科医院,三级甲等,-,1956 年
