Hospital,Link,Location,Trade,Attribution,Grade,Scale,Establish
淳安县第二人民医院,NA,浙江·杭州市,公立医院,综合医院,二级乙等,100-499 人,1931 年
东阳市横店医院,NA,浙江·杭州市,公立医院,综合医院,二级乙等,100-499 人,1931 年
湖州交通医院（湖州第六医院）,NA,浙江·杭州市,公立医院,综合医院,二级乙等,100-499 人,1931 年
开化县妇幼保健院,NA,浙江·杭州市,公立医院,综合医院,二级乙等,100-499 人,1931 年
宁波市鄞州区第三医院,NA,浙江·杭州市,公立医院,综合医院,二级乙等,100-499 人,1931 年
平阳县第二人民医院,NA,浙江·杭州市,公立医院,综合医院,二级乙等,100-499 人,1931 年
绍兴爱尔眼科医院,NA,浙江·杭州市,公立医院,综合医院,二级乙等,100-499 人,1931 年
永康市第二人民医院,NA,浙江·杭州市,公立医院,综合医院,二级乙等,100-499 人,1931 年
余姚市第四人民医院,NA,浙江·杭州市,公立医院,综合医院,二级乙等,100-499 人,1931 年
诸暨仁泽康复医院,NA,浙江·杭州市,公立医院,综合医院,二级乙等,100-499 人,1931 年
安吉县第二人民医院,NA,浙江·杭州市,公立医院,综合医院,二级乙等,100-499 人,1931 年
安吉县第三人民医院,NA,浙江·杭州市,公立医院,综合医院,二级乙等,100-499 人,1931 年
慈林医院,NA,浙江·杭州市,公立医院,综合医院,二级乙等,100-499 人,1931 年
慈溪市第六人民医院,NA,浙江·杭州市,公立医院,综合医院,二级乙等,100-499 人,1931 年
慈溪市第三人民医院,NA,浙江·杭州市,公立医院,综合医院,二级乙等,100-499 人,1931 年
慈溪协和医院,NA,浙江·杭州市,公立医院,综合医院,二级乙等,100-499 人,1931 年
岱山县中医院,NA,浙江·杭州市,公立医院,综合医院,二级乙等,100-499 人,1931 年
德清县第三人民医院,NA,浙江·杭州市,公立医院,综合医院,二级乙等,100-499 人,1931 年
德清县妇幼保健院,NA,浙江·杭州市,公立医院,综合医院,二级乙等,100-499 人,1931 年
东阳市第七人民医院,NA,浙江·杭州市,公立医院,综合医院,二级乙等,100-499 人,1931 年
