Hospital,Link,Location,Trade,Attribution,Grade,Scale,Establish
杭州市第七人民医院,NA,浙江·杭州市,公立医院,专科医院,三级甲等,500-999 人,1954 年
杭州市第一人民医院,NA,浙江·杭州市,公立医院,专科医院,三级甲等,500-999 人,1954 年
杭州市萧山区中医院,NA,浙江·杭州市,公立医院,专科医院,三级甲等,500-999 人,1954 年
杭州市西溪医院,NA,浙江·杭州市,公立医院,专科医院,三级甲等,500-999 人,1954 年
湖州市妇幼保健院,NA,浙江·杭州市,公立医院,专科医院,三级甲等,500-999 人,1954 年
湖州市中心医院,NA,浙江·杭州市,公立医院,专科医院,三级甲等,500-999 人,1954 年
嘉兴市妇幼保健院,NA,浙江·杭州市,公立医院,专科医院,三级甲等,500-999 人,1954 年
金华市中心医院,NA,浙江·杭州市,公立医院,专科医院,三级甲等,500-999 人,1954 年
丽水市第二人民医院,NA,浙江·杭州市,公立医院,专科医院,三级甲等,500-999 人,1954 年
丽水市中心医院,NA,浙江·杭州市,公立医院,专科医院,三级甲等,500-999 人,1954 年
丽水市中医医院,NA,浙江·杭州市,公立医院,专科医院,三级甲等,500-999 人,1954 年
宁波市康宁医院,NA,浙江·杭州市,公立医院,专科医院,三级甲等,500-999 人,1954 年
宁波市医疗中心李惠利医院,NA,浙江·杭州市,公立医院,专科医院,三级甲等,500-999 人,1954 年
衢州市中医医院,NA,浙江·杭州市,公立医院,专科医院,三级甲等,500-999 人,1954 年
绍兴市人民医院,NA,浙江·杭州市,公立医院,专科医院,三级甲等,500-999 人,1954 年
温岭市中医院,NA,浙江·杭州市,公立医院,专科医院,三级甲等,500-999 人,1954 年
温州康宁医院,NA,浙江·杭州市,公立医院,专科医院,三级甲等,500-999 人,1954 年
温州市中心医院,NA,浙江·杭州市,公立医院,专科医院,三级甲等,500-999 人,1954 年
温州市中西医结合医院,NA,浙江·杭州市,公立医院,专科医院,三级甲等,500-999 人,1954 年
温州市中医院,NA,浙江·杭州市,公立医院,专科医院,三级甲等,500-999 人,1954 年
