Hospital,Link,Location,Trade,Attribution,Grade,Scale,Establish
苍南县中医院,NA,浙江·温州市,公立医院,专科医院,二级甲等,500-999 人,1993 年
慈溪市第七人民医院（慈溪市心理卫生中心）,NA,浙江·温州市,公立医院,专科医院,二级甲等,500-999 人,1993 年
海宁康华医院,NA,浙江·温州市,公立医院,专科医院,二级甲等,500-999 人,1993 年
海宁市妇幼保健院,NA,浙江·温州市,公立医院,专科医院,二级甲等,500-999 人,1993 年
海宁市中心医院,NA,浙江·温州市,公立医院,专科医院,二级甲等,500-999 人,1993 年
海盐县人民医院,NA,浙江·温州市,公立医院,专科医院,二级甲等,500-999 人,1993 年
杭州市余杭区第三人民医院,NA,浙江·温州市,公立医院,专科医院,二级甲等,500-999 人,1993 年
横店文荣医院,NA,浙江·温州市,公立医院,专科医院,二级甲等,500-999 人,1993 年
江山市中医院,NA,浙江·温州市,公立医院,专科医院,二级甲等,500-999 人,1993 年
开化县人民医院,NA,浙江·温州市,公立医院,专科医院,二级甲等,500-999 人,1993 年
宁波市第七医院,NA,浙江·温州市,公立医院,专科医院,二级甲等,500-999 人,1993 年
磐安县人民医院,NA,浙江·温州市,公立医院,专科医院,二级甲等,500-999 人,1993 年
平湖市第一人民医院,NA,浙江·温州市,公立医院,专科医院,二级甲等,500-999 人,1993 年
衢州市第二人民医院,NA,浙江·温州市,公立医院,专科医院,二级甲等,500-999 人,1993 年
衢州市妇幼保健院,NA,浙江·温州市,公立医院,专科医院,二级甲等,500-999 人,1993 年
衢州市柯城区人民医院,NA,浙江·温州市,公立医院,专科医院,二级甲等,500-999 人,1993 年
瑞安市妇幼保健院,NA,浙江·温州市,公立医院,专科医院,二级甲等,500-999 人,1993 年
嵊州市妇幼保健院,NA,浙江·温州市,公立医院,专科医院,二级甲等,500-999 人,1993 年
遂昌县人民医院,NA,浙江·温州市,公立医院,专科医院,二级甲等,500-999 人,1993 年
台州市黄岩区中医院,NA,浙江·温州市,公立医院,专科医院,二级甲等,500-999 人,1993 年
