Hospital,Link,Location,Trade,Attribution,Grade,Scale,Establish
台州市肿瘤医院,NA,浙江·台州市,公立医院,综合医院,二级甲等,500-999 人,1952 年
温州市龙湾区第一人民医院,NA,浙江·台州市,公立医院,综合医院,二级甲等,500-999 人,1952 年
仙居县人民医院,NA,浙江·台州市,公立医院,综合医院,二级甲等,500-999 人,1952 年
医疗发现,NA,浙江·台州市,公立医院,综合医院,二级甲等,500-999 人,1952 年
玉环市第二人民医院,NA,浙江·台州市,公立医院,综合医院,二级甲等,500-999 人,1952 年
安吉县妇幼保健院,NA,浙江·台州市,公立医院,综合医院,二级甲等,500-999 人,1952 年
安吉县人民医院,NA,浙江·台州市,公立医院,综合医院,二级甲等,500-999 人,1952 年
苍南县第二人民医院,NA,浙江·台州市,公立医院,综合医院,二级甲等,500-999 人,1952 年
常山县人民医院,NA,浙江·台州市,公立医院,综合医院,二级甲等,500-999 人,1952 年
常山县中医院,NA,浙江·台州市,公立医院,综合医院,二级甲等,500-999 人,1952 年
长兴县博济医院,NA,浙江·台州市,公立医院,综合医院,二级甲等,500-999 人,1952 年
长兴县第二人民医院,NA,浙江·台州市,公立医院,综合医院,二级甲等,500-999 人,1952 年
淳安县第一人民医院,NA,浙江·台州市,公立医院,综合医院,二级甲等,500-999 人,1952 年
淳安县中医院,NA,浙江·台州市,公立医院,综合医院,二级甲等,500-999 人,1952 年
慈溪市中医医院,NA,浙江·台州市,公立医院,综合医院,二级甲等,500-999 人,1952 年
岱山县第一人民医院,NA,浙江·台州市,公立医院,综合医院,二级甲等,500-999 人,1952 年
德清县人民医院,NA,浙江·台州市,公立医院,综合医院,二级甲等,500-999 人,1952 年
德清县中医院,NA,浙江·台州市,公立医院,综合医院,二级甲等,500-999 人,1952 年
东部战区海军医院,NA,浙江·台州市,公立医院,综合医院,二级甲等,500-999 人,1952 年
东阳市妇女儿童医院,NA,浙江·台州市,公立医院,综合医院,二级甲等,500-999 人,1952 年
