Hospital,Link,Location,Trade,Attribution,Grade,Scale,Establish
宁波市鄞州区钱湖医院,NA,浙江·宁波市,公立医院,综合医院,二级乙等,-,1928 年
宁波市镇海区炼化医院,NA,浙江·宁波市,公立医院,综合医院,二级乙等,-,1928 年
宁波小港医院,NA,浙江·宁波市,公立医院,综合医院,二级乙等,-,1928 年
宁波鄞州协禾口腔医院,NA,浙江·宁波市,公立医院,综合医院,二级乙等,-,1928 年
磐安县中医院,NA,浙江·宁波市,公立医院,综合医院,二级乙等,-,1928 年
平湖市第二人民医院,NA,浙江·宁波市,公立医院,综合医院,二级乙等,-,1928 年
平阳县萧江医院,NA,浙江·宁波市,公立医院,综合医院,二级乙等,-,1928 年
衢州口腔医院,NA,浙江·宁波市,公立医院,综合医院,二级乙等,-,1928 年
瑞安市第三人民医院,NA,浙江·宁波市,公立医院,综合医院,二级乙等,-,1928 年
绍兴市柯桥区齐贤医院,NA,浙江·宁波市,公立医院,综合医院,二级乙等,-,1928 年
绍兴市口腔医院,NA,浙江·宁波市,公立医院,综合医院,二级乙等,-,1928 年
台州黄岩仁泽中西医结合医院,NA,浙江·宁波市,公立医院,综合医院,二级乙等,-,1928 年
台州市黄岩区第三人民医院,NA,浙江·宁波市,公立医院,综合医院,二级乙等,-,1928 年
桐庐县第二人民医院,NA,浙江·宁波市,公立医院,综合医院,二级乙等,-,1928 年
桐庐县妇幼保健院,NA,浙江·宁波市,公立医院,综合医院,二级乙等,-,1928 年
桐乡东方医院,NA,浙江·宁波市,公立医院,综合医院,二级乙等,-,1928 年
桐乡市第三人民医院,NA,浙江·宁波市,公立医院,综合医院,二级乙等,-,1928 年
温岭市精神康复医院,NA,浙江·宁波市,公立医院,综合医院,二级乙等,-,1928 年
温州长庚耳鼻喉医院,NA,浙江·宁波市,公立医院,综合医院,二级乙等,-,1928 年
温州矾矿医院,NA,浙江·宁波市,公立医院,综合医院,二级乙等,-,1928 年
