Hospital,Link,Location,Trade,Attribution,Grade,Scale,Establish
桐乡市中医医院,NA,浙江·嘉兴市,公立医院,专科医院,三级乙等,-,1984 年
温州市第七人民医院龙湾院区,NA,浙江·嘉兴市,公立医院,专科医院,三级乙等,-,1984 年
温州市第七人民医院西山院区,NA,浙江·嘉兴市,公立医院,专科医院,三级乙等,-,1984 年
新昌县人民医院,NA,浙江·嘉兴市,公立医院,专科医院,三级乙等,-,1984 年
鄞州区第二医院,NA,浙江·嘉兴市,公立医院,专科医院,三级乙等,-,1984 年
永嘉县中医院,NA,浙江·嘉兴市,公立医院,专科医院,三级乙等,-,1984 年
永康市第一人民医院,NA,浙江·嘉兴市,公立医院,专科医院,三级乙等,-,1984 年
永康市妇幼保健院,NA,浙江·嘉兴市,公立医院,专科医院,三级乙等,-,1984 年
乐清市人民医院,NA,浙江·嘉兴市,公立医院,专科医院,三级乙等,-,1984 年
浙江大学医学院附属第二医院建德分院,NA,浙江·嘉兴市,公立医院,专科医院,三级乙等,-,1984 年
浙江老年关怀医院,NA,浙江·嘉兴市,公立医院,专科医院,三级乙等,-,1984 年
浙江普陀医院,NA,浙江·嘉兴市,公立医院,专科医院,三级乙等,-,1984 年
浙江衢化医院,NA,浙江·嘉兴市,公立医院,专科医院,三级乙等,-,1984 年
中国人民解放军一一八医院,NA,浙江·嘉兴市,公立医院,专科医院,三级乙等,-,1984 年
舟山市第二人民医院,NA,浙江·嘉兴市,公立医院,专科医院,三级乙等,-,1984 年
诸暨市人民医院,NA,浙江·嘉兴市,公立医院,专科医院,三级乙等,-,1984 年
