Hospital,Link,Location,Trade,Attribution,Grade,Scale,Establish
建德市中医院,NA,浙江·杭州市,公立医院,专科医院,二级甲等,-,1984 年
江山市第四人民医院,NA,浙江·杭州市,公立医院,专科医院,二级甲等,-,1984 年
嘉善县中医院,NA,浙江·杭州市,公立医院,专科医院,二级甲等,-,1984 年
嘉兴市安定医院,NA,浙江·杭州市,公立医院,专科医院,二级甲等,-,1984 年
解放军杭州疗养院,NA,浙江·杭州市,公立医院,专科医院,二级甲等,-,1984 年
景宁县人民医院,NA,浙江·杭州市,公立医院,专科医院,二级甲等,-,1984 年
金华122医院,NA,浙江·杭州市,公立医院,专科医院,二级甲等,-,1984 年
金华文荣医院,NA,浙江·杭州市,公立医院,专科医院,二级甲等,-,1984 年
缙云县人民医院,NA,浙江·杭州市,公立医院,专科医院,二级甲等,-,1984 年
缙云县中医医院,NA,浙江·杭州市,公立医院,专科医院,二级甲等,-,1984 年
开化县中医院,NA,浙江·杭州市,公立医院,专科医院,二级甲等,-,1984 年
兰溪市第二人民医院,NA,浙江·杭州市,公立医院,专科医院,二级甲等,-,1984 年
兰溪市红十字会医院,NA,浙江·杭州市,公立医院,专科医院,二级甲等,-,1984 年
兰溪市人民医院,NA,浙江·杭州市,公立医院,专科医院,二级甲等,-,1984 年
兰溪市中医院,NA,浙江·杭州市,公立医院,专科医院,二级甲等,-,1984 年
临安区中医院,NA,浙江·杭州市,公立医院,专科医院,二级甲等,-,1984 年
临海市第二人民医院,NA,浙江·杭州市,公立医院,专科医院,二级甲等,-,1984 年
临海市第一人民医院,NA,浙江·杭州市,公立医院,专科医院,二级甲等,-,1984 年
临海市中医院,NA,浙江·杭州市,公立医院,专科医院,二级甲等,-,1984 年
丽水市妇幼保健院,NA,浙江·杭州市,公立医院,专科医院,二级甲等,-,1984 年
