Hospital,Link,Location,Trade,Attribution,Grade,Scale,Establish
温州医科大学附属第二医院,NA,浙江·温州市,公立医院,综合医院,三级甲等,1000 人以上,1976 年
温州医科大学附属眼视光医院杭州院区,NA,浙江·温州市,公立医院,综合医院,三级甲等,1000 人以上,1976 年
医院汇,NA,浙江·温州市,公立医院,综合医院,三级甲等,1000 人以上,1976 年
浙江大学医学院附属第二医院,NA,浙江·温州市,公立医院,综合医院,三级甲等,1000 人以上,1976 年
浙江大学医学院附属第四医院,NA,浙江·温州市,公立医院,综合医院,三级甲等,1000 人以上,1976 年
浙江大学医学院附属第一医院,NA,浙江·温州市,公立医院,综合医院,三级甲等,1000 人以上,1976 年
浙江大学医学院附属儿童医院,NA,浙江·温州市,公立医院,综合医院,三级甲等,1000 人以上,1976 年
浙江大学医学院附属妇产科医院,NA,浙江·温州市,公立医院,综合医院,三级甲等,1000 人以上,1976 年
浙江大学医学院附属邵逸夫医院,NA,浙江·温州市,公立医院,综合医院,三级甲等,1000 人以上,1976 年
浙江省台州医院,NA,浙江·温州市,公立医院,综合医院,三级甲等,1000 人以上,1976 年
浙江中医药大学附属第二医院,NA,浙江·温州市,公立医院,综合医院,三级甲等,1000 人以上,1976 年
浙江中医药大学附属第三医院,NA,浙江·温州市,公立医院,综合医院,三级甲等,1000 人以上,1976 年
中国科学院大学附属肿瘤医院,NA,浙江·温州市,公立医院,综合医院,三级甲等,1000 人以上,1976 年
中国科学院大学宁波华美医院,NA,浙江·温州市,公立医院,综合医院,三级甲等,1000 人以上,1976 年
舟山医院,NA,浙江·温州市,公立医院,综合医院,三级甲等,1000 人以上,1976 年
湖州市第三人民医院,NA,浙江·温州市,公立医院,综合医院,三级甲等,1000 人以上,1976 年
义乌市妇幼保健院,NA,浙江·温州市,公立医院,综合医院,三级甲等,1000 人以上,1976 年
富阳市中医骨伤科医院,NA,浙江·温州市,公立医院,综合医院,三级甲等,1000 人以上,1976 年
杭州市第七人民医院浙西院区,NA,浙江·温州市,公立医院,综合医院,三级甲等,1000 人以上,1976 年
杭州师范大学附属医院,NA,浙江·温州市,公立医院,综合医院,三级甲等,1000 人以上,1976 年
