Hospital,Link,Location,Trade,Attribution,Grade,Scale,Establish
浙江绿城心血管病医院,NA,浙江·杭州市,民营医院,专科医院,未定级,500-999 人,2007 年
浙江美奥口腔杭州学院路口腔门诊部,NA,浙江·杭州市,民营医院,专科医院,未定级,500-999 人,2007 年
浙江萧山老年医院,NA,浙江·杭州市,民营医院,专科医院,未定级,500-999 人,2007 年
诸暨艾玛妇产医院,NA,浙江·杭州市,民营医院,专科医院,未定级,500-999 人,2007 年
杭州太学眼科门诊部,NA,浙江·杭州市,民营医院,专科医院,未定级,500-999 人,2007 年
杭州茗视佳眼科门诊部,NA,浙江·杭州市,民营医院,专科医院,未定级,500-999 人,2007 年
仙居邦尔医院,NA,浙江·杭州市,民营医院,专科医院,未定级,500-999 人,2007 年
嘉善嘉辰外科医院,NA,浙江·杭州市,民营医院,专科医院,未定级,500-999 人,2007 年
乐清凤凰医院,NA,浙江·杭州市,民营医院,专科医院,未定级,500-999 人,2007 年
杭州萧山快康医院,NA,浙江·杭州市,民营医院,专科医院,未定级,500-999 人,2007 年
杭州华山连天美医疗美容医院,NA,浙江·杭州市,民营医院,专科医院,未定级,500-999 人,2007 年
杭州萧山杭发医院,NA,浙江·杭州市,民营医院,专科医院,未定级,500-999 人,2007 年
浙江理工大学校医院,NA,浙江·杭州市,民营医院,专科医院,未定级,500-999 人,2007 年
浙江省第四监狱医院,NA,浙江·杭州市,民营医院,专科医院,未定级,500-999 人,2007 年
嘉善枫南骨伤医院,NA,浙江·杭州市,民营医院,专科医院,未定级,500-999 人,2007 年
嘉善五洲中西医结合医院,NA,浙江·杭州市,民营医院,专科医院,未定级,500-999 人,2007 年
金华市第二中医院横溪社区卫生服务站,NA,浙江·杭州市,民营医院,专科医院,未定级,500-999 人,2007 年
舟山市千荷实验学校卫生保健所,NA,浙江·杭州市,民营医院,专科医院,未定级,500-999 人,2007 年
台州市椒江万康医院,NA,浙江·杭州市,民营医院,专科医院,未定级,500-999 人,2007 年
台州五洲生殖医学医院,NA,浙江·杭州市,民营医院,专科医院,未定级,500-999 人,2007 年
