Hospital,Link,Location,Trade,Attribution,Grade,Scale,Establish
武义县第一人民医院,NA,浙江·金华市,公立医院,综合医院,二级甲等,-,1939 年
武义县中医院,NA,浙江·金华市,公立医院,综合医院,二级甲等,-,1939 年
象山县第三人民医院,NA,浙江·金华市,公立医院,综合医院,二级甲等,-,1939 年
象山县中医院,NA,浙江·金华市,公立医院,综合医院,二级甲等,-,1939 年
仙居县中医院,NA,浙江·金华市,公立医院,综合医院,二级甲等,-,1939 年
义乌市稠州医院,NA,浙江·金华市,公立医院,综合医院,二级甲等,-,1939 年
义乌市第二人民医院,NA,浙江·金华市,公立医院,综合医院,二级甲等,-,1939 年
永嘉县人民医院,NA,浙江·金华市,公立医院,综合医院,二级甲等,-,1939 年
永康市中医院,NA,浙江·金华市,公立医院,综合医院,二级甲等,-,1939 年
乐清市第二人民医院,NA,浙江·金华市,公立医院,综合医院,二级甲等,-,1939 年
乐清市第三人民医院,NA,浙江·金华市,公立医院,综合医院,二级甲等,-,1939 年
乐清市第三人民医院湖头分院,NA,浙江·金华市,公立医院,综合医院,二级甲等,-,1939 年
乐清市中医院,NA,浙江·金华市,公立医院,综合医院,二级甲等,-,1939 年
玉环市人民医院,NA,浙江·金华市,公立医院,综合医院,二级甲等,-,1939 年
玉环市中医院,NA,浙江·金华市,公立医院,综合医院,二级甲等,-,1939 年
云和县人民医院,NA,浙江·金华市,公立医院,综合医院,二级甲等,-,1939 年
余姚市中医院,NA,浙江·金华市,公立医院,综合医院,二级甲等,-,1939 年
浙江大学校医院,NA,浙江·金华市,公立医院,综合医院,二级甲等,-,1939 年
浙江大学医学院附属第一医院城站院区,NA,浙江·金华市,公立医院,综合医院,二级甲等,-,1939 年
浙江大学医学院附属邵逸夫医院江山分院,NA,浙江·金华市,公立医院,综合医院,二级甲等,-,1939 年
