Hospital,Link,Location,Trade,Attribution,Grade,Scale,Establish
建德市第四人民医院,NA,浙江·杭州市,公立医院,专科医院,二级乙等,-,1985 年
建德市中西医结合医院,NA,浙江·杭州市,公立医院,专科医院,二级乙等,-,1985 年
江山贝林医院,NA,浙江·杭州市,公立医院,专科医院,二级乙等,-,1985 年
嘉善县第二人民医院,NA,浙江·杭州市,公立医院,专科医院,二级乙等,-,1985 年
嘉兴市第二医院南湖分院,NA,浙江·杭州市,公立医院,专科医院,二级乙等,-,1985 年
嘉兴市王店人民医院,NA,浙江·杭州市,公立医院,专科医院,二级乙等,-,1985 年
嘉兴市秀洲区妇幼保健院,NA,浙江·杭州市,公立医院,专科医院,二级乙等,-,1985 年
嘉兴市秀洲区新塍医院,NA,浙江·杭州市,公立医院,专科医院,二级乙等,-,1985 年
金华市第五医院,NA,浙江·杭州市,公立医院,专科医院,二级乙等,-,1985 年
金华市婺城区第一人民医院,NA,浙江·杭州市,公立医院,专科医院,二级乙等,-,1985 年
金华市中心医院婺城院区,NA,浙江·杭州市,公立医院,专科医院,二级乙等,-,1985 年
缙云县第二人民医院,NA,浙江·杭州市,公立医院,专科医院,二级乙等,-,1985 年
开化县第二人民医院,NA,浙江·杭州市,公立医院,专科医院,二级乙等,-,1985 年
临安市昌化人民医院,NA,浙江·杭州市,公立医院,专科医院,二级乙等,-,1985 年
临安市於潜人民医院,NA,浙江·杭州市,公立医院,专科医院,二级乙等,-,1985 年
丽水市莲都区人民医院,NA,浙江·杭州市,公立医院,专科医院,二级乙等,-,1985 年
南浔区菱湖镇社区卫生服务中心,NA,浙江·杭州市,公立医院,专科医院,二级乙等,-,1985 年
宁波市第二人民医院保黎院区,NA,浙江·杭州市,公立医院,专科医院,二级乙等,-,1985 年
宁波市奉化区第二医院,NA,浙江·杭州市,公立医院,专科医院,二级乙等,-,1985 年
宁波市海曙区中医医院,NA,浙江·杭州市,公立医院,专科医院,二级乙等,-,1985 年
