Hospital,Link,Location,Trade,Attribution,Grade,Scale,Establish
杭州市职业病防治院,NA,浙江·杭州市,公立医院,其他,未定级,100-499 人,2014 年
杭州未来科技城医院,NA,浙江·杭州市,公立医院,其他,未定级,100-499 人,2014 年
杭州萧山国投瑞康医学影像诊断中心,NA,浙江·杭州市,公立医院,其他,未定级,100-499 人,2014 年
杭州西湖之江眼科医院,NA,浙江·杭州市,公立医院,其他,未定级,100-499 人,2014 年
杭州余杭邦尔医院,NA,浙江·杭州市,公立医院,其他,未定级,100-499 人,2014 年
杭州余杭口腔医院,NA,浙江·杭州市,公立医院,其他,未定级,100-499 人,2014 年
杭州中兴医院,NA,浙江·杭州市,公立医院,其他,未定级,100-499 人,2014 年
杭州众意口腔门诊部,NA,浙江·杭州市,公立医院,其他,未定级,100-499 人,2014 年
嘉兴常春藤老年医院,NA,浙江·杭州市,公立医院,其他,未定级,100-499 人,2014 年
嘉兴朝聚眼科医院,NA,浙江·杭州市,公立医院,其他,未定级,100-499 人,2014 年
嘉兴凯宜医院,NA,浙江·杭州市,公立医院,其他,未定级,100-499 人,2014 年
金华宏悦妇女儿童医院,NA,浙江·杭州市,公立医院,其他,未定级,100-499 人,2014 年
兰溪百城医院,NA,浙江·杭州市,公立医院,其他,未定级,100-499 人,2014 年
上海交通大学医学院附属瑞金医院舟山分院,NA,浙江·杭州市,公立医院,其他,未定级,100-499 人,2014 年
圣托（嘉兴）妇女儿童医院,NA,浙江·杭州市,公立医院,其他,未定级,100-499 人,2014 年
树兰（杭州）医院,NA,浙江·杭州市,公立医院,其他,未定级,100-499 人,2014 年
温州百佳东方妇产医院,NA,浙江·杭州市,公立医院,其他,未定级,100-499 人,2014 年
温州医科大学附属台州妇女儿童医院,NA,浙江·杭州市,公立医院,其他,未定级,100-499 人,2014 年
义乌天祥医疗东方医院,NA,浙江·杭州市,公立医院,其他,未定级,100-499 人,2014 年
乐清友义骨伤医院,NA,浙江·杭州市,公立医院,其他,未定级,100-499 人,2014 年
