Hospital,Link,Location,Trade,Attribution,Grade,Scale,Establish
东阳市红十字会医院,NA,浙江·金华市,公立医院,综合医院,二级乙等,-,1971 年
奉化新桥骨科医院,NA,浙江·金华市,公立医院,综合医院,二级乙等,-,1971 年
富阳区第二人民医院,NA,浙江·金华市,公立医院,综合医院,二级乙等,-,1971 年
海盐县妇幼保健院,NA,浙江·金华市,公立医院,综合医院,二级乙等,-,1971 年
杭州市江干区笕桥医院,NA,浙江·金华市,公立医院,综合医院,二级乙等,-,1971 年
杭州市江干区人民医院海潮院区,NA,浙江·金华市,公立医院,综合医院,二级乙等,-,1971 年
杭州市临安区於潜人民医院,NA,浙江·金华市,公立医院,综合医院,二级乙等,-,1971 年
杭州市下城区天水武林街道社区卫生服务中心,NA,浙江·金华市,公立医院,综合医院,二级乙等,-,1971 年
杭州市萧山区第二人民医院,NA,浙江·金华市,公立医院,综合医院,二级乙等,-,1971 年
杭州市西湖区第二人民医院,NA,浙江·金华市,公立医院,综合医院,二级乙等,-,1971 年
杭州市西湖区人民医院,NA,浙江·金华市,公立医院,综合医院,二级乙等,-,1971 年
杭州旭明骨科医院,NA,浙江·金华市,公立医院,综合医院,二级乙等,-,1971 年
湖州第六医院,NA,浙江·金华市,公立医院,综合医院,二级乙等,-,1971 年
湖州市南浔区练市人民医院,NA,浙江·金华市,公立医院,综合医院,二级乙等,-,1971 年
湖州市南浔区菱湖人民医院,NA,浙江·金华市,公立医院,综合医院,二级乙等,-,1971 年
湖州市南浔区双林人民医院,NA,浙江·金华市,公立医院,综合医院,二级乙等,-,1971 年
湖州市南浔区中医院,NA,浙江·金华市,公立医院,综合医院,二级乙等,-,1971 年
湖州市吴兴区人民医院,NA,浙江·金华市,公立医院,综合医院,二级乙等,-,1971 年
湖州浙北明州医院,NA,浙江·金华市,公立医院,综合医院,二级乙等,-,1971 年
建德市第二人民医院,NA,浙江·金华市,公立医院,综合医院,二级乙等,-,1971 年
