Hospital,Link,Location,Trade,Attribution,Grade,Scale,Establish
温岭市第一人民医院,NA,浙江·台州市,公立医院,综合医院,三级乙等,1000 人以上,1941 年
温州东华医院(温州手足外科医院),NA,浙江·台州市,公立医院,综合医院,三级乙等,1000 人以上,1941 年
义乌市中心医院,NA,浙江·台州市,公立医院,综合医院,三级乙等,1000 人以上,1941 年
余姚市人民医院,NA,浙江·台州市,公立医院,综合医院,三级乙等,1000 人以上,1941 年
浙江萧山医院,NA,浙江·台州市,公立医院,综合医院,三级乙等,1000 人以上,1941 年
长兴县妇幼保健院,NA,浙江·台州市,公立医院,综合医院,三级乙等,1000 人以上,1941 年
慈溪市妇幼保健院,NA,浙江·台州市,公立医院,综合医院,三级乙等,1000 人以上,1941 年
慈溪市人民医院,NA,浙江·台州市,公立医院,综合医院,三级乙等,1000 人以上,1941 年
东阳市中医院,NA,浙江·台州市,公立医院,综合医院,三级乙等,1000 人以上,1941 年
奉化市中医院,NA,浙江·台州市,公立医院,综合医院,三级乙等,1000 人以上,1941 年
海宁市中医院,NA,浙江·台州市,公立医院,综合医院,三级乙等,1000 人以上,1941 年
杭州市第三人民医院,NA,浙江·台州市,公立医院,综合医院,三级乙等,1000 人以上,1941 年
杭州市富阳区第一人民医院,NA,浙江·台州市,公立医院,综合医院,三级乙等,1000 人以上,1941 年
杭州市余杭区第一人民医院,NA,浙江·台州市,公立医院,综合医院,三级乙等,1000 人以上,1941 年
杭州市余杭区妇幼保健院,NA,浙江·台州市,公立医院,综合医院,三级乙等,1000 人以上,1941 年
嘉善县第一人民医院,NA,浙江·台州市,公立医院,综合医院,三级乙等,1000 人以上,1941 年
宁波爱尔光明眼科医院,NA,浙江·台州市,公立医院,综合医院,三级乙等,1000 人以上,1941 年
宁波大学医学院附属阳明医院,NA,浙江·台州市,公立医院,综合医院,三级乙等,1000 人以上,1941 年
宁波第二医院北郊院区,NA,浙江·台州市,公立医院,综合医院,三级乙等,1000 人以上,1941 年
宁波市北仑区人民医院,NA,浙江·台州市,公立医院,综合医院,三级乙等,1000 人以上,1941 年
