Hospital,Link,Location,Trade,Attribution,Grade,Scale,Establish
宁波市第六医院,NA,浙江·宁波市,公立医院,专科医院,三级乙等,-,2001 年
宁波市第四人民医院,NA,浙江·宁波市,公立医院,专科医院,三级乙等,-,2001 年
宁波市精神病院,NA,浙江·宁波市,公立医院,专科医院,三级乙等,-,2001 年
宁波市勤州人民医院,NA,浙江·宁波市,公立医院,专科医院,三级乙等,-,2001 年
宁波市眼科医院,NA,浙江·宁波市,公立医院,专科医院,三级乙等,-,2001 年
宁波市鄞州人民医院,NA,浙江·宁波市,公立医院,专科医院,三级乙等,-,2001 年
宁海县妇幼保健院,NA,浙江·宁波市,公立医院,专科医院,三级乙等,-,2001 年
平湖市中医院,NA,浙江·宁波市,公立医院,专科医院,三级乙等,-,2001 年
平阳县人民医院,NA,浙江·宁波市,公立医院,专科医院,三级乙等,-,2001 年
平阳县中医院,NA,浙江·宁波市,公立医院,专科医院,三级乙等,-,2001 年
衢州市第三医院,NA,浙江·宁波市,公立医院,专科医院,三级乙等,-,2001 年
瑞安市人民医院,NA,浙江·宁波市,公立医院,专科医院,三级乙等,-,2001 年
瑞安市中医院,NA,浙江·宁波市,公立医院,专科医院,三级乙等,-,2001 年
绍兴市中心医院,NA,浙江·宁波市,公立医院,专科医院,三级乙等,-,2001 年
嵊州市人民医院,NA,浙江·宁波市,公立医院,专科医院,三级乙等,-,2001 年
台州恩泽医疗中心路桥医院,NA,浙江·宁波市,公立医院,专科医院,三级乙等,-,2001 年
台州市眼科医院,NA,浙江·宁波市,公立医院,专科医院,三级乙等,-,2001 年
台州市中医院,NA,浙江·宁波市,公立医院,专科医院,三级乙等,-,2001 年
桐乡市第一人民医院,NA,浙江·宁波市,公立医院,专科医院,三级乙等,-,2001 年
桐乡市第一人民医院二分院,NA,浙江·宁波市,公立医院,专科医院,三级乙等,-,2001 年
