Hospital,Link,Location,Trade,Attribution,Grade,Scale,Establish
绩溪县中医院,NA,安徽·宣城市,公立医院,专科医院,二级甲等,-,-
来安县人民医院,NA,安徽·宣城市,公立医院,专科医院,二级甲等,-,-
郎溪县人民医院,NA,安徽·宣城市,公立医院,专科医院,二级甲等,-,-
郎溪县中医院,NA,安徽·宣城市,公立医院,专科医院,二级甲等,-,-
灵璧县人民医院,NA,安徽·宣城市,公立医院,专科医院,二级甲等,-,-
临泉县人民医院,NA,安徽·宣城市,公立医院,专科医院,二级甲等,-,-
六安市第四人民医院,NA,安徽·宣城市,公立医院,专科医院,二级甲等,-,-
六安市金安区妇幼保健院,NA,安徽·宣城市,公立医院,专科医院,二级甲等,-,-
六安世立医院,NA,安徽·宣城市,公立医院,专科医院,二级甲等,-,-
庐江矾矿职工医院,NA,安徽·宣城市,公立医院,专科医院,二级甲等,-,-
庐江县人民医院,NA,安徽·宣城市,公立医院,专科医院,二级甲等,-,-
蒙城县中医院,NA,安徽·宣城市,公立医院,专科医院,二级甲等,-,-
明光市人民医院,NA,安徽·宣城市,公立医院,专科医院,二级甲等,-,-
明光市中医院,NA,安徽·宣城市,公立医院,专科医院,二级甲等,-,-
南陵县医院,NA,安徽·宣城市,公立医院,专科医院,二级甲等,-,-
宁国市人民医院,NA,安徽·宣城市,公立医院,专科医院,二级甲等,-,-
宁国市中医院,NA,安徽·宣城市,公立医院,专科医院,二级甲等,-,-
潜山市中医院,NA,安徽·宣城市,公立医院,专科医院,二级甲等,-,-
潜山县医院,NA,安徽·宣城市,公立医院,专科医院,二级甲等,-,-
祁门县人民医院,NA,安徽·宣城市,公立医院,专科医院,二级甲等,-,-
