Hospital,Link,Location,Trade,Attribution,Grade,Scale,Establish
淮南市中医院,NA,安徽·淮南市,公立医院,专科医院,二级甲等,-,1982 年
怀宁县人民医院,NA,安徽·淮南市,公立医院,专科医院,二级甲等,-,1982 年
怀宁县中医骨伤医院,NA,安徽·淮南市,公立医院,专科医院,二级甲等,-,1982 年
怀远县第二人民医院,NA,安徽·淮南市,公立医院,专科医院,二级甲等,-,1982 年
怀远县人民医院,NA,安徽·淮南市,公立医院,专科医院,二级甲等,-,1982 年
怀远县中医院,NA,安徽·淮南市,公立医院,专科医院,二级甲等,-,1982 年
黄山市第三人民医院,NA,安徽·淮南市,公立医院,专科医院,二级甲等,-,1982 年
黄山市歙县人民医院,NA,安徽·淮南市,公立医院,专科医院,二级甲等,-,1982 年
黄山市歙县中医院,NA,安徽·淮南市,公立医院,专科医院,二级甲等,-,1982 年
黄山市中医院,NA,安徽·淮南市,公立医院,专科医院,二级甲等,-,1982 年
霍邱县第二人民医院,NA,安徽·淮南市,公立医院,专科医院,二级甲等,-,1982 年
霍邱县第一人民医院,NA,安徽·淮南市,公立医院,专科医院,二级甲等,-,1982 年
霍山县第二人民医院,NA,安徽·淮南市,公立医院,专科医院,二级甲等,-,1982 年
霍山县医院,NA,安徽·淮南市,公立医院,专科医院,二级甲等,-,1982 年
霍山县中医院,NA,安徽·淮南市,公立医院,专科医院,二级甲等,-,1982 年
旌德县人民医院,NA,安徽·淮南市,公立医院,专科医院,二级甲等,-,1982 年
泾县中医院,NA,安徽·淮南市,公立医院,专科医院,二级甲等,-,1982 年
金寨县人民医院,NA,安徽·淮南市,公立医院,专科医院,二级甲等,-,1982 年
金寨县中医院,NA,安徽·淮南市,公立医院,专科医院,二级甲等,-,1982 年
绩溪县人民医院,NA,安徽·淮南市,公立医院,专科医院,二级甲等,-,1982 年
