Hospital,Link,Location,Trade,Attribution,Grade,Scale,Establish
蒙城县妇女儿童医院,NA,安徽·亳州市,民营医院,专科医院,二级医院,-,2012 年
蒙城县中西医结合医院,NA,安徽·亳州市,民营医院,专科医院,二级医院,-,2012 年
明光市第二人民医院,NA,安徽·亳州市,民营医院,专科医院,二级医院,-,2012 年
宁国市中医肿瘤医院,NA,安徽·亳州市,民营医院,专科医院,二级医院,-,2012 年
全椒椒陵医院,NA,安徽·亳州市,民营医院,专科医院,二级医院,-,2012 年
歙县昌仁医院,NA,安徽·亳州市,民营医院,专科医院,二级医院,-,2012 年
寿县精神病专科医院,NA,安徽·亳州市,民营医院,专科医院,二级医院,-,2012 年
寿县谐和医院,NA,安徽·亳州市,民营医院,专科医院,二级医院,-,2012 年
宿州高新医院,NA,安徽·亳州市,民营医院,专科医院,二级医院,-,2012 年
宿州市汉密尔顿医学美容整形医院,NA,安徽·亳州市,民营医院,专科医院,二级医院,-,2012 年
宿州西苑医院,NA,安徽·亳州市,民营医院,专科医院,二级医院,-,2012 年
太和民康医院,NA,安徽·亳州市,民营医院,专科医院,二级医院,-,2012 年
太和县第五人民医院,NA,安徽·亳州市,民营医院,专科医院,二级医院,-,2012 年
太湖县妇幼保健计划生育服务中心,NA,安徽·亳州市,民营医院,专科医院,二级医院,-,2012 年
天长金太阳医院,NA,安徽·亳州市,民营医院,专科医院,二级医院,-,2012 年
铁道部第四工程局二处职工医院,NA,安徽·亳州市,民营医院,专科医院,二级医院,-,2012 年
铜陵市博爱医院,NA,安徽·亳州市,民营医院,专科医院,二级医院,-,2012 年
皖北妇女儿童医院,NA,安徽·亳州市,民营医院,专科医院,二级医院,-,2012 年
望江县康宁医院,NA,安徽·亳州市,民营医院,专科医院,二级医院,-,2012 年
五河新城医院,NA,安徽·亳州市,民营医院,专科医院,二级医院,-,2012 年
