Hospital,Link,Location,Trade,Attribution,Grade,Scale,Establish
铜陵市义安区人民医院,NA,安徽·铜陵市,公立医院,综合医院,二级甲等,-,-
望江县中医医院,NA,安徽·铜陵市,公立医院,综合医院,二级甲等,-,-
五河县人民医院,NA,安徽·铜陵市,公立医院,综合医院,二级甲等,-,-
芜湖广济医院,NA,安徽·铜陵市,公立医院,综合医院,二级甲等,-,-
芜湖市第三人民医院,NA,安徽·铜陵市,公立医院,综合医院,二级甲等,-,-
芜湖市妇幼保健院,NA,安徽·铜陵市,公立医院,综合医院,二级甲等,-,-
芜湖县医院,NA,安徽·铜陵市,公立医院,综合医院,二级甲等,-,-
无为县人民医院,NA,安徽·铜陵市,公立医院,综合医院,二级甲等,-,-
无为县中医院,NA,安徽·铜陵市,公立医院,综合医院,二级甲等,-,-
新华医疗集团北方医院,NA,安徽·铜陵市,公立医院,综合医院,二级甲等,-,-
休宁县人民医院,NA,安徽·铜陵市,公立医院,综合医院,二级甲等,-,-
颍上县人民医院,NA,安徽·铜陵市,公立医院,综合医院,二级甲等,-,-
岳西县医院,NA,安徽·铜陵市,公立医院,综合医院,二级甲等,-,-
岳西县中医院,NA,安徽·铜陵市,公立医院,综合医院,二级甲等,-,-
中国人民解放军第五三二医院,NA,安徽·铜陵市,公立医院,综合医院,二级甲等,-,-
中煤矿建总医院,NA,安徽·铜陵市,公立医院,综合医院,二级甲等,-,-
枞阳县人民医院,NA,安徽·铜陵市,公立医院,综合医院,二级甲等,-,-
