Hospital,Link,Location,Trade,Attribution,Grade,Scale,Establish
蒙城县第三人民医院,NA,安徽·亳州市,公立医院,综合医院,二级乙等,-,-
南陵县中医院,NA,安徽·亳州市,公立医院,综合医院,二级乙等,-,-
铜陵市第三人民医院,NA,安徽·亳州市,公立医院,综合医院,二级乙等,-,-
皖北煤电集团第二医院,NA,安徽·亳州市,公立医院,综合医院,二级乙等,-,-
芜湖市镜湖区医院,NA,安徽·亳州市,公立医院,综合医院,二级乙等,-,-
颍上县协和医院,NA,安徽·亳州市,公立医院,综合医院,二级乙等,-,-
