Hospital,Link,Location,Trade,Attribution,Grade,Scale,Establish
淮南东方医院集团,NA,安徽·淮南市,民营医院,综合医院,三级医院,-,2004 年
淮南东方医院集团肿瘤医院,NA,安徽·淮南市,民营医院,综合医院,三级医院,-,2004 年
六安市第二人民医院,NA,安徽·淮南市,民营医院,综合医院,三级医院,-,2004 年
马鞍山十七冶医院,NA,安徽·淮南市,民营医院,综合医院,三级医院,-,2004 年
天长市中医院,NA,安徽·淮南市,民营医院,综合医院,三级医院,-,2004 年
芜湖市第五医院,NA,安徽·淮南市,民营医院,综合医院,三级医院,-,2004 年
芜湖市弋江区医院,NA,安徽·淮南市,民营医院,综合医院,三级医院,-,2004 年
宣城市妇幼保健院,NA,安徽·淮南市,民营医院,综合医院,三级医院,-,2004 年
宣城市中心医院,NA,安徽·淮南市,民营医院,综合医院,三级医院,-,2004 年
