Hospital,Link,Location,Trade,Attribution,Grade,Scale,Establish
阜阳市第五人民医院,NA,安徽·阜阳市,公立医院,综合医院,二级甲等,-,-
阜阳市妇幼保健院,NA,安徽·阜阳市,公立医院,综合医院,二级甲等,-,-
阜阳市肿瘤医院,NA,安徽·阜阳市,公立医院,综合医院,二级甲等,-,-
广德县中医院,NA,安徽·阜阳市,公立医院,综合医院,二级甲等,-,-
涡阳县人民医院,NA,安徽·阜阳市,公立医院,综合医院,二级甲等,-,-
涡阳县中医院,NA,安徽·阜阳市,公立医院,综合医院,二级甲等,-,-
固镇县人民医院,NA,安徽·阜阳市,公立医院,综合医院,二级甲等,-,-
固镇县中医院,NA,安徽·阜阳市,公立医院,综合医院,二级甲等,-,-
含山县人民医院,NA,安徽·阜阳市,公立医院,综合医院,二级甲等,-,-
合肥钢铁公司职工医院,NA,安徽·阜阳市,公立医院,综合医院,二级甲等,-,-
合肥市第八人民医院,NA,安徽·阜阳市,公立医院,综合医院,二级甲等,-,-
合肥市第六人民医院,NA,安徽·阜阳市,公立医院,综合医院,二级甲等,-,-
合肥市骨科医院,NA,安徽·阜阳市,公立医院,综合医院,二级甲等,-,-
合肥市中山医院,NA,安徽·阜阳市,公立医院,综合医院,二级甲等,-,-
合肥同仁康复医院,NA,安徽·阜阳市,公立医院,综合医院,二级甲等,-,-
淮北朝阳医院,NA,安徽·阜阳市,公立医院,综合医院,二级甲等,-,-
淮南东方医院集团新庄孜医院,NA,安徽·阜阳市,公立医院,综合医院,二级甲等,-,-
淮南矿业集团有限责任公司职业病防治院,NA,安徽·阜阳市,公立医院,综合医院,二级甲等,-,-
淮南市第二人民医院,NA,安徽·阜阳市,公立医院,综合医院,二级甲等,-,-
淮南市第四人民医院,NA,安徽·阜阳市,公立医院,综合医院,二级甲等,-,-
