Hospital,Link,Location,Trade,Attribution,Grade,Scale,Establish
合肥瑞康骨科医院,NA,安徽·合肥市,民营医院,专科医院,二级甲等,100-499 人,2005 年
淮南新康医院,NA,安徽·合肥市,民营医院,专科医院,二级甲等,100-499 人,2005 年
蒙城县第二人民医院,NA,安徽·合肥市,民营医院,专科医院,二级甲等,100-499 人,2005 年
宋庆龄爱心医院,NA,安徽·合肥市,民营医院,专科医院,二级甲等,100-499 人,2005 年
蚌埠市第二人民医院,NA,安徽·合肥市,民营医院,专科医院,二级甲等,100-499 人,2005 年
安徽省第二人民医院黄山路院区,NA,安徽·合肥市,民营医院,专科医院,二级甲等,100-499 人,2005 年
安徽省国营正阳关农场职工医院,NA,安徽·合肥市,民营医院,专科医院,二级甲等,100-499 人,2005 年
安徽省红十字会医院,NA,安徽·合肥市,民营医院,专科医院,二级甲等,100-499 人,2005 年
安徽省华泰医院,NA,安徽·合肥市,民营医院,专科医院,二级甲等,100-499 人,2005 年
安徽省蒙城县第一人民医院,NA,安徽·合肥市,民营医院,专科医院,二级甲等,100-499 人,2005 年
安徽省荣军医院,NA,安徽·合肥市,民营医院,专科医院,二级甲等,100-499 人,2005 年
安徽省泗县人民医院,NA,安徽·合肥市,民营医院,专科医院,二级甲等,100-499 人,2005 年
安徽医科大学第四附属医院,NA,安徽·合肥市,民营医院,专科医院,二级甲等,100-499 人,2005 年
安庆市第二人民医院,NA,安徽·合肥市,民营医院,专科医院,二级甲等,100-499 人,2005 年
安庆市第三人民医院,NA,安徽·合肥市,民营医院,专科医院,二级甲等,100-499 人,2005 年
安庆石化医院,NA,安徽·合肥市,民营医院,专科医院,二级甲等,100-499 人,2005 年
安庆市中医医院,NA,安徽·合肥市,民营医院,专科医院,二级甲等,100-499 人,2005 年
蚌埠肿瘤医院,NA,安徽·合肥市,民营医院,专科医院,二级甲等,100-499 人,2005 年
亳州市华佗中医院,NA,安徽·合肥市,民营医院,专科医院,二级甲等,100-499 人,2005 年
巢湖市和县人民医院,NA,安徽·合肥市,民营医院,专科医院,二级甲等,100-499 人,2005 年
