Hospital,Link,Location,Trade,Attribution,Grade,Scale,Establish
安徽省庐江县中医院,NA,安徽·合肥市,公立医院,综合医院,三级医院,500-999 人,1983 年
安徽省胸科医院,NA,安徽·合肥市,公立医院,综合医院,三级医院,500-999 人,1983 年
安徽医科大学附属阜阳医院,NA,安徽·合肥市,公立医院,综合医院,三级医院,500-999 人,1983 年
安徽中科庚玖医院,NA,安徽·合肥市,公立医院,综合医院,三级医院,500-999 人,1983 年
阜阳民生医院,NA,安徽·合肥市,公立医院,综合医院,三级医院,500-999 人,1983 年
阜阳市妇产医院（阜阳市妇女儿童医院）,NA,安徽·合肥市,公立医院,综合医院,三级医院,500-999 人,1983 年
合肥高新心血管病医院,NA,安徽·合肥市,公立医院,综合医院,三级医院,500-999 人,1983 年
合肥京东方医院,NA,安徽·合肥市,公立医院,综合医院,三级医院,500-999 人,1983 年
黄山首康医院,NA,安徽·合肥市,公立医院,综合医院,三级医院,500-999 人,1983 年
界首市人民医院,NA,安徽·合肥市,公立医院,综合医院,三级医院,500-999 人,1983 年
利辛县人民医院,NA,安徽·合肥市,公立医院,综合医院,三级医院,500-999 人,1983 年
中国科学院合肥肿瘤医院,NA,安徽·合肥市,公立医院,综合医院,三级医院,500-999 人,1983 年
安徽韩美整形美容医院,NA,安徽·合肥市,公立医院,综合医院,三级医院,500-999 人,1983 年
安徽省精神卫生中心,NA,安徽·合肥市,公立医院,综合医院,三级医院,500-999 人,1983 年
安徽省中西医结合医院,NA,安徽·合肥市,公立医院,综合医院,三级医院,500-999 人,1983 年
安徽医科大学附属口腔医院,NA,安徽·合肥市,公立医院,综合医院,三级医院,500-999 人,1983 年
安徽中医药大学中西医结合医院西区,NA,安徽·合肥市,公立医院,综合医院,三级医院,500-999 人,1983 年
蚌埠玛丽妇产医院,NA,安徽·合肥市,公立医院,综合医院,三级医院,500-999 人,1983 年
蚌埠市第一人民医院,NA,安徽·合肥市,公立医院,综合医院,三级医院,500-999 人,1983 年
合肥市第三人民医院,NA,安徽·合肥市,公立医院,综合医院,三级医院,500-999 人,1983 年
