Hospital,Link,Location,Trade,Attribution,Grade,Scale,Establish
阜阳市颍东区中医院,NA,安徽·阜阳市,公立医院,专科医院,二级医院,-,1992 年
阜阳同济外科医院,NA,安徽·阜阳市,公立医院,专科医院,二级医院,-,1992 年
阜阳兆岐肛肠医院,NA,安徽·阜阳市,公立医院,专科医院,二级医院,-,1992 年
广德惠民医院,NA,安徽·阜阳市,公立医院,专科医院,二级医院,-,1992 年
涡阳北大医院,NA,安徽·阜阳市,公立医院,专科医院,二级医院,-,1992 年
涡阳县阳光医院,NA,安徽·阜阳市,公立医院,专科医院,二级医院,-,1992 年
固镇康惠康复医院,NA,安徽·阜阳市,公立医院,专科医院,二级医院,-,1992 年
固镇康宁医院,NA,安徽·阜阳市,公立医院,专科医院,二级医院,-,1992 年
合肥贝杰口腔医院,NA,安徽·阜阳市,公立医院,专科医院,二级医院,-,1992 年
合肥东南骨科医院,NA,安徽·阜阳市,公立医院,专科医院,二级医院,-,1992 年
合肥华夏白癜风医院附属中医医院,NA,安徽·阜阳市,公立医院,专科医院,二级医院,-,1992 年
合肥仁爱中医医院,NA,安徽·阜阳市,公立医院,专科医院,二级医院,-,1992 年
合肥仁德医院,NA,安徽·阜阳市,公立医院,专科医院,二级医院,-,1992 年
合肥仁济肿瘤医院,NA,安徽·阜阳市,公立医院,专科医院,二级医院,-,1992 年
合肥新康医院,NA,安徽·阜阳市,公立医院,专科医院,二级医院,-,1992 年
合肥正大中西医结合医院,NA,安徽·阜阳市,公立医院,专科医院,二级医院,-,1992 年
淮北博爱肾病医院,NA,安徽·阜阳市,公立医院,专科医院,二级医院,-,1992 年
淮南和睦妇产医院,NA,安徽·阜阳市,公立医院,专科医院,二级医院,-,1992 年
淮南华夏眼科医院,NA,安徽·阜阳市,公立医院,专科医院,二级医院,-,1992 年
淮南佳乐妇产医院,NA,安徽·阜阳市,公立医院,专科医院,二级医院,-,1992 年
