Hospital,Link,Location,Trade,Attribution,Grade,Scale,Establish
安徽省肿瘤医院,NA,安徽·合肥市,公立医院,专科医院,三级甲等,-,2003 年
安徽医科大学第一附属医院高新院区,NA,安徽·合肥市,公立医院,专科医院,三级甲等,-,2003 年
安徽医科大学附属巢湖医院,NA,安徽·合肥市,公立医院,专科医院,三级甲等,-,2003 年
安徽中医药大学第二附属医院,NA,安徽·合肥市,公立医院,专科医院,三级甲等,-,2003 年
安徽中医药大学第一附属医院,NA,安徽·合肥市,公立医院,专科医院,三级甲等,-,2003 年
安庆市第一人民医院,NA,安徽·合肥市,公立医院,专科医院,三级甲等,-,2003 年
蚌埠市中医院,NA,安徽·合肥市,公立医院,专科医院,三级甲等,-,2003 年
蚌埠医学院第一附属医院,NA,安徽·合肥市,公立医院,专科医院,三级甲等,-,2003 年
亳州市人民医院,NA,安徽·合肥市,公立医院,专科医院,三级甲等,-,2003 年
池州市人民医院,NA,安徽·合肥市,公立医院,专科医院,三级甲等,-,2003 年
滁州市第一人民医院,NA,安徽·合肥市,公立医院,专科医院,三级甲等,-,2003 年
滁州市第一人民医院南院区,NA,安徽·合肥市,公立医院,专科医院,三级甲等,-,2003 年
滁州市第一人民医院西院区,NA,安徽·合肥市,公立医院,专科医院,三级甲等,-,2003 年
阜阳市第二人民医院,NA,安徽·合肥市,公立医院,专科医院,三级甲等,-,2003 年
阜阳市人民医院,NA,安徽·合肥市,公立医院,专科医院,三级甲等,-,2003 年
合肥空港医院,NA,安徽·合肥市,公立医院,专科医院,三级甲等,-,2003 年
合肥市第二人民医院,NA,安徽·合肥市,公立医院,专科医院,三级甲等,-,2003 年
合肥市第一人民集团医院滨湖医院,NA,安徽·合肥市,公立医院,专科医院,三级甲等,-,2003 年
合肥市第一人民医院,NA,安徽·合肥市,公立医院,专科医院,三级甲等,-,2003 年
合肥市第一人民医院西区,NA,安徽·合肥市,公立医院,专科医院,三级甲等,-,2003 年
