Hospital,Link,Location,Trade,Attribution,Grade,Scale,Establish
五河阳光医院,NA,安徽·蚌埠市,民营医院,专科医院,二级医院,-,2010 年
芜湖安定精神病医院,NA,安徽·蚌埠市,民营医院,专科医院,二级医院,-,2010 年
芜湖海螺医院,NA,安徽·蚌埠市,民营医院,专科医院,二级医院,-,2010 年
芜湖江城中西医结合医院,NA,安徽·蚌埠市,民营医院,专科医院,二级医院,-,2010 年
芜湖皖南口腔医院,NA,安徽·蚌埠市,民营医院,专科医院,二级医院,-,2010 年
萧县淮海综合医院,NA,安徽·蚌埠市,民营医院,专科医院,二级医院,-,2010 年
宣城和平医院,NA,安徽·蚌埠市,民营医院,专科医院,二级医院,-,2010 年
宣城市宣州区第二人民医院,NA,安徽·蚌埠市,民营医院,专科医院,二级医院,-,2010 年
宣城市眼科医院,NA,安徽·蚌埠市,民营医院,专科医院,二级医院,-,2010 年
宣城天健康复医院,NA,安徽·蚌埠市,民营医院,专科医院,二级医院,-,2010 年
颍上玛丽妇产医院,NA,安徽·蚌埠市,民营医院,专科医院,二级医院,-,2010 年
颍上县仁爱医院,NA,安徽·蚌埠市,民营医院,专科医院,二级医院,-,2010 年
颍上县朝阳医院,NA,安徽·蚌埠市,民营医院,专科医院,二级医院,-,2010 年
岳西县莲云综合康复养老医院,NA,安徽·蚌埠市,民营医院,专科医院,二级医院,-,2010 年
中国科学技术大学医院,NA,安徽·蚌埠市,民营医院,专科医院,二级医院,-,2010 年
