Hospital,Link,Location,Trade,Attribution,Grade,Scale,Establish
合肥市儿童医院,NA,安徽·合肥市,公立医院,综合医院,三级甲等,-,1951 年
合肥市妇幼保健院滨湖分院,NA,安徽·合肥市,公立医院,综合医院,三级甲等,-,1951 年
淮北矿工总医院,NA,安徽·合肥市,公立医院,综合医院,三级甲等,-,1951 年
淮北市中医医院,NA,安徽·合肥市,公立医院,综合医院,三级甲等,-,1951 年
六安市人民医院东院区,NA,安徽·合肥市,公立医院,综合医院,三级甲等,-,1951 年
六安市中医院,NA,安徽·合肥市,公立医院,综合医院,三级甲等,-,1951 年
马鞍山市人民医院,NA,安徽·合肥市,公立医院,综合医院,三级甲等,-,1951 年
马鞍山市市立医疗集团市妇幼保健院,NA,安徽·合肥市,公立医院,综合医院,三级甲等,-,1951 年
马鞍山市中心医院,NA,安徽·合肥市,公立医院,综合医院,三级甲等,-,1951 年
马鞍山市中医院,NA,安徽·合肥市,公立医院,综合医院,三级甲等,-,1951 年
马鞍山市中医院南院,NA,安徽·合肥市,公立医院,综合医院,三级甲等,-,1951 年
太和县中医院,NA,安徽·合肥市,公立医院,综合医院,三级甲等,-,1951 年
铜陵市第四人民医院,NA,安徽·合肥市,公立医院,综合医院,三级甲等,-,1951 年
铜陵市立医院,NA,安徽·合肥市,公立医院,综合医院,三级甲等,-,1951 年
铜陵市人民医院,NA,安徽·合肥市,公立医院,综合医院,三级甲等,-,1951 年
铜陵市中医院,NA,安徽·合肥市,公立医院,综合医院,三级甲等,-,1951 年
皖南医学院弋矶山医院,NA,安徽·合肥市,公立医院,综合医院,三级甲等,-,1951 年
芜湖市第二人民医院,NA,安徽·合肥市,公立医院,综合医院,三级甲等,-,1951 年
芜湖市中医院,NA,安徽·合肥市,公立医院,综合医院,三级甲等,-,1951 年
芜湖县中医院,NA,安徽·合肥市,公立医院,综合医院,三级甲等,-,1951 年
