Hospital,Link,Location,Trade,Attribution,Grade,Scale,Establish
淮南健国医院,NA,安徽·淮南市,民营医院,综合医院,二级医院,-,-
淮南市第三人民医院,NA,安徽·淮南市,民营医院,综合医院,二级医院,-,-
淮南同济康复医院,NA,安徽·淮南市,民营医院,综合医院,二级医院,-,-
淮南中山医院,NA,安徽·淮南市,民营医院,综合医院,二级医院,-,-
界首市第二人民医院,NA,安徽·淮南市,民营医院,综合医院,二级医院,-,-
界首市妇幼保健院,NA,安徽·淮南市,民营医院,综合医院,二级医院,-,-
界首中山医院,NA,安徽·淮南市,民营医院,综合医院,二级医院,-,-
金寨县白云精神病医院,NA,安徽·淮南市,民营医院,综合医院,二级医院,-,-
来安县第二人民医院,NA,安徽·淮南市,民营医院,综合医院,二级医院,-,-
来安县中医院,NA,安徽·淮南市,民营医院,综合医院,二级医院,-,-
灵璧县二轻职工医院,NA,安徽·淮南市,民营医院,综合医院,二级医院,-,-
临泉津泉医院,NA,安徽·淮南市,民营医院,综合医院,二级医院,-,-
临泉县第二人民医院,NA,安徽·淮南市,民营医院,综合医院,二级医院,-,-
临泉县中医院,NA,安徽·淮南市,民营医院,综合医院,二级医院,-,-
利辛同济综合医院,NA,安徽·淮南市,民营医院,综合医院,二级医院,-,-
六安开发区医院,NA,安徽·淮南市,民营医院,综合医院,二级医院,-,-
马鞍山和县中医院,NA,安徽·淮南市,民营医院,综合医院,二级医院,-,-
马鞍山康视眼科医院,NA,安徽·淮南市,民营医院,综合医院,二级医院,-,-
马鞍山市博望区人民医院,NA,安徽·淮南市,民营医院,综合医院,二级医院,-,-
蒙城县第六人民医院,NA,安徽·淮南市,民营医院,综合医院,二级医院,-,-
