Hospital,Link,Location,Trade,Attribution,Grade,Scale,Establish
巢湖市和县中医院,NA,安徽·马鞍山市,公立医院,专科医院,二级甲等,-,-
池沪东方医院,NA,安徽·马鞍山市,公立医院,专科医院,二级甲等,-,-
砀山县人民医院,NA,安徽·马鞍山市,公立医院,专科医院,二级甲等,-,-
砀山县中医医院,NA,安徽·马鞍山市,公立医院,专科医院,二级甲等,-,-
当涂县人民医院,NA,安徽·马鞍山市,公立医院,专科医院,二级甲等,-,-
定远县中医院,NA,安徽·马鞍山市,公立医院,专科医院,二级甲等,-,-
定远县总医院,NA,安徽·马鞍山市,公立医院,专科医院,二级甲等,-,-
东至县人民医院,NA,安徽·马鞍山市,公立医院,专科医院,二级甲等,-,-
东至县中医院,NA,安徽·马鞍山市,公立医院,专科医院,二级甲等,-,-
繁昌县人民医院,NA,安徽·马鞍山市,公立医院,专科医院,二级甲等,-,-
繁昌县中医院,NA,安徽·马鞍山市,公立医院,专科医院,二级甲等,-,-
肥东县人民医院,NA,安徽·马鞍山市,公立医院,专科医院,二级甲等,-,-
肥东县中医院,NA,安徽·马鞍山市,公立医院,专科医院,二级甲等,-,-
肥西县人民医院,NA,安徽·马鞍山市,公立医院,专科医院,二级甲等,-,-
凤台县人民医院,NA,安徽·马鞍山市,公立医院,专科医院,二级甲等,-,-
凤阳县人民医院,NA,安徽·马鞍山市,公立医院,专科医院,二级甲等,-,-
阜南县人民医院,NA,安徽·马鞍山市,公立医院,专科医院,二级甲等,-,-
阜南县中医院,NA,安徽·马鞍山市,公立医院,专科医院,二级甲等,-,-
复松县人民医院,NA,安徽·马鞍山市,公立医院,专科医院,二级甲等,-,-
阜阳市第四人民医院,NA,安徽·马鞍山市,公立医院,专科医院,二级甲等,-,-
