Hospital,Link,Location,Trade,Attribution,Grade,Scale,Establish
淮南新华医疗集团新华医院,NA,安徽·淮南市,民营医院,综合医院,三级乙等,1000 人以上,1957 年
淮南朝阳医院,NA,安徽·淮南市,民营医院,综合医院,三级乙等,1000 人以上,1957 年
阜阳市中医医院,NA,安徽·淮南市,民营医院,综合医院,三级乙等,1000 人以上,1957 年
皖淮北矿业集团公司百善煤矿职工医院,NA,安徽·淮南市,民营医院,综合医院,三级乙等,1000 人以上,1957 年
中国人民解放军第八六医院,NA,安徽·淮南市,民营医院,综合医院,三级乙等,1000 人以上,1957 年
