Hospital,Link,Location,Trade,Attribution,Grade,Scale,Establish
安徽长征微创外科医院,NA,安徽·合肥市,民营医院,专科医院,二级乙等,-,-
安徽氯碱化工集团有限责任公司医院,NA,安徽·合肥市,民营医院,专科医院,二级乙等,-,-
安庆秉风医院,NA,安徽·合肥市,民营医院,专科医院,二级乙等,-,-
长丰县人民医院,NA,安徽·合肥市,民营医院,专科医院,二级乙等,-,-
长丰县中医院,NA,安徽·合肥市,民营医院,专科医院,二级乙等,-,-
巢湖市中医院,NA,安徽·合肥市,民营医院,专科医院,二级乙等,-,-
池州市贵池区中医医院,NA,安徽·合肥市,民营医院,专科医院,二级乙等,-,-
阜阳市颍泉区康复医院,NA,安徽·合肥市,民营医院,专科医院,二级乙等,-,-
淮北矿工总医院集团岱河分院,NA,安徽·合肥市,民营医院,专科医院,二级乙等,-,-
淮北矿工总医院芦岭分院,NA,安徽·合肥市,民营医院,专科医院,二级乙等,-,-
淮北矿工总医院朱仙庄分院,NA,安徽·合肥市,民营医院,专科医院,二级乙等,-,-
淮北矿工总医院朱庄分院,NA,安徽·合肥市,民营医院,专科医院,二级乙等,-,-
淮北矿业集团公司职业病防治院,NA,安徽·合肥市,民营医院,专科医院,二级乙等,-,-
淮南市第一人民医院西区,NA,安徽·合肥市,民营医院,专科医院,二级乙等,-,-
淮南市妇幼保健院,NA,安徽·合肥市,民营医院,专科医院,二级乙等,-,-
黄山市歙县第二人民医院,NA,安徽·合肥市,民营医院,专科医院,二级乙等,-,-
黄山市黟县人民医院,NA,安徽·合肥市,民营医院,专科医院,二级乙等,-,-
霍邱县中医院,NA,安徽·合肥市,民营医院,专科医院,二级乙等,-,-
六安市妇幼保健所,NA,安徽·合肥市,民营医院,专科医院,二级乙等,-,-
六安市裕安区第二人民医院,NA,安徽·合肥市,民营医院,专科医院,二级乙等,-,-
