Hospital,Link,Location,Trade,Attribution,Grade,Scale,Establish
安徽省第二人民医院,NA,安徽·合肥市,公立医院,综合医院,三级甲等,1000 人以上,1951 年
安徽医科大学第二附属医院,NA,安徽·合肥市,公立医院,综合医院,三级甲等,1000 人以上,1951 年
安徽医科大学第一附属医院,NA,安徽·合肥市,公立医院,综合医院,三级甲等,1000 人以上,1951 年
安庆市立医院,NA,安徽·合肥市,公立医院,综合医院,三级甲等,1000 人以上,1951 年
蚌埠市第三人民医院,NA,安徽·合肥市,公立医院,综合医院,三级甲等,1000 人以上,1951 年
蚌埠医学院第二附属医院,NA,安徽·合肥市,公立医院,综合医院,三级甲等,1000 人以上,1951 年
淮北市人民医院,NA,安徽·合肥市,公立医院,综合医院,三级甲等,1000 人以上,1951 年
淮南市第一人民医院,NA,安徽·合肥市,公立医院,综合医院,三级甲等,1000 人以上,1951 年
黄山市人民医院,NA,安徽·合肥市,公立医院,综合医院,三级甲等,1000 人以上,1951 年
六安市人民医院,NA,安徽·合肥市,公立医院,综合医院,三级甲等,1000 人以上,1951 年
宿州市立医院,NA,安徽·合肥市,公立医院,综合医院,三级甲等,1000 人以上,1951 年
太和县人民医院,NA,安徽·合肥市,公立医院,综合医院,三级甲等,1000 人以上,1951 年
皖北煤电集团总医院,NA,安徽·合肥市,公立医院,综合医院,三级甲等,1000 人以上,1951 年
芜湖市第一人民医院,NA,安徽·合肥市,公立医院,综合医院,三级甲等,1000 人以上,1951 年
中国科学技术大学附属第一医院,NA,安徽·合肥市,公立医院,综合医院,三级甲等,1000 人以上,1951 年
皖南医学院第二附属医院,NA,安徽·合肥市,公立医院,综合医院,三级甲等,1000 人以上,1951 年
安徽省滁州市中西医结合医院,NA,安徽·合肥市,公立医院,综合医院,三级甲等,1000 人以上,1951 年
安徽省第二人民医院临淮路院区,NA,安徽·合肥市,公立医院,综合医院,三级甲等,1000 人以上,1951 年
安徽省妇幼保健院,NA,安徽·合肥市,公立医院,综合医院,三级甲等,1000 人以上,1951 年
安徽省立医院南区,NA,安徽·合肥市,公立医院,综合医院,三级甲等,1000 人以上,1951 年
