Hospital,Link,Location,Trade,Attribution,Grade,Scale,Establish
青阳县人民医院,NA,安徽·池州市,公立医院,综合医院,二级甲等,-,-
青阳县中医医院,NA,安徽·池州市,公立医院,综合医院,二级甲等,-,-
全椒县人民医院,NA,安徽·池州市,公立医院,综合医院,二级甲等,-,-
石台县人民医院,NA,安徽·池州市,公立医院,综合医院,二级甲等,-,-
寿县县医院,NA,安徽·池州市,公立医院,综合医院,二级甲等,-,-
舒城县人民医院,NA,安徽·池州市,公立医院,综合医院,二级甲等,-,-
濉溪县医院,NA,安徽·池州市,公立医院,综合医院,二级甲等,-,-
濉溪县中医院,NA,安徽·池州市,公立医院,综合医院,二级甲等,-,-
宿松县医院,NA,安徽·池州市,公立医院,综合医院,二级甲等,-,-
宿松县中医院,NA,安徽·池州市,公立医院,综合医院,二级甲等,-,-
宿州市第二人民医院,NA,安徽·池州市,公立医院,综合医院,二级甲等,-,-
宿州市第一人民医院,NA,安徽·池州市,公立医院,综合医院,二级甲等,-,-
宿州市中医院,NA,安徽·池州市,公立医院,综合医院,二级甲等,-,-
太湖县人民医院,NA,安徽·池州市,公立医院,综合医院,二级甲等,-,-
太湖县中医院,NA,安徽·池州市,公立医院,综合医院,二级甲等,-,-
天长市仁和医院,NA,安徽·池州市,公立医院,综合医院,二级甲等,-,-
天长市人民医院,NA,安徽·池州市,公立医院,综合医院,二级甲等,-,-
桐城市人民医院,NA,安徽·池州市,公立医院,综合医院,二级甲等,-,-
桐城市中医医院,NA,安徽·池州市,公立医院,综合医院,二级甲等,-,-
铜陵市第二人民医院,NA,安徽·池州市,公立医院,综合医院,二级甲等,-,-
