Hospital,Link,Location,Trade,Attribution,Grade,Scale,Establish
安庆望江县阳光医院,NA,安徽·安庆市,民营医院,专科医院,二级医院,-,-
半汤未名肿瘤医院,NA,安徽·安庆市,民营医院,专科医院,二级医院,-,-
蚌埠健桥康复医院,NA,安徽·安庆市,民营医院,专科医院,二级医院,-,-
蚌埠市传染病医院,NA,安徽·安庆市,民营医院,专科医院,二级医院,-,-
蚌埠市第四人民医院,NA,安徽·安庆市,民营医院,专科医院,二级医院,-,-
蚌埠市骨伤科医院,NA,安徽·安庆市,民营医院,专科医院,二级医院,-,-
亳州玛利亚妇产医院,NA,安徽·安庆市,民营医院,专科医院,二级医院,-,-
亳州谯城和谐医院,NA,安徽·安庆市,民营医院,专科医院,二级医院,-,-
亳州市元化中医院,NA,安徽·安庆市,民营医院,专科医院,二级医院,-,-
亳州中心医院,NA,安徽·安庆市,民营医院,专科医院,二级医院,-,-
巢湖市司集精神病医院,NA,安徽·安庆市,民营医院,专科医院,二级医院,-,-
池州江南医院,NA,安徽·安庆市,民营医院,专科医院,二级医院,-,-
滁州玛利亚妇产医院,NA,安徽·安庆市,民营医院,专科医院,二级医院,-,-
砀山远大医院,NA,安徽·安庆市,民营医院,专科医院,二级医院,-,-
砀山中山医院,NA,安徽·安庆市,民营医院,专科医院,二级医院,-,-
东至县至德医院,NA,安徽·安庆市,民营医院,专科医院,二级医院,-,-
凤台新长征医院,NA,安徽·安庆市,民营医院,专科医院,二级医院,-,-
阜南清华精神病医院,NA,安徽·安庆市,民营医院,专科医院,二级医院,-,-
阜南县第三人民医院,NA,安徽·安庆市,民营医院,专科医院,二级医院,-,-
阜阳市第三人民医院,NA,安徽·安庆市,民营医院,专科医院,二级医院,-,-
