Hospital,Link,Location,Trade,Attribution,Grade,Scale,Establish
合肥东南外科医院,NA,安徽·合肥市,民营医院,专科医院,二级医院,100-499 人,2017 年
合肥华安脑科医院,NA,安徽·合肥市,民营医院,专科医院,二级医院,100-499 人,2017 年
合肥美奥口腔医院,NA,安徽·合肥市,民营医院,专科医院,二级医院,100-499 人,2017 年
黄山华泽中西医结合医院,NA,安徽·合肥市,民营医院,专科医院,二级医院,100-499 人,2017 年
黄山新晨医院,NA,安徽·合肥市,民营医院,专科医院,二级医院,100-499 人,2017 年
灵璧济安医院,NA,安徽·合肥市,民营医院,专科医院,二级医院,100-499 人,2017 年
六安百佳妇产医院,NA,安徽·合肥市,民营医院,专科医院,二级医院,100-499 人,2017 年
芜湖华康医院,NA,安徽·合肥市,民营医院,专科医院,二级医院,100-499 人,2017 年
合肥经开普仁外科医院,NA,安徽·合肥市,民营医院,专科医院,二级医院,100-499 人,2017 年
安徽静安中西医结合医院,NA,安徽·合肥市,民营医院,专科医院,二级医院,100-499 人,2017 年
安徽金寨白云康复医院,NA,安徽·合肥市,民营医院,专科医院,二级医院,100-499 人,2017 年
安徽省淮北市精神病医院,NA,安徽·合肥市,民营医院,专科医院,二级医院,100-499 人,2017 年
安徽省新安中西医结合医院,NA,安徽·合肥市,民营医院,专科医院,二级医院,100-499 人,2017 年
安徽天鹅湖口腔医院,NA,安徽·合肥市,民营医院,专科医院,二级医院,100-499 人,2017 年
安庆秉风康复医院,NA,安徽·合肥市,民营医院,专科医院,二级医院,100-499 人,2017 年
安庆佳视眼科医院,NA,安徽·合肥市,民营医院,专科医院,二级医院,100-499 人,2017 年
安庆圣通肾病医院,NA,安徽·合肥市,民营医院,专科医院,二级医院,100-499 人,2017 年
安庆市第一人民医院东区分院,NA,安徽·合肥市,民营医院,专科医院,二级医院,100-499 人,2017 年
安庆市郊区人民医院,NA,安徽·合肥市,民营医院,专科医院,二级医院,100-499 人,2017 年
安庆市精神病医院,NA,安徽·合肥市,民营医院,专科医院,二级医院,100-499 人,2017 年
