Hospital,Link,Location,Trade,Attribution,Grade,Scale,Establish
仙游县第二医院,NA,福建·莆田市,公立医院,专科医院,二级甲等,-,1986 年
仙游县医院,NA,福建·莆田市,公立医院,专科医院,二级甲等,-,1986 年
霞浦县医院,NA,福建·莆田市,公立医院,专科医院,二级甲等,-,1986 年
霞浦县中医院,NA,福建·莆田市,公立医院,专科医院,二级甲等,-,1986 年
永春县医院,NA,福建·莆田市,公立医院,专科医院,二级甲等,-,1986 年
永定县医院,NA,福建·莆田市,公立医院,专科医院,二级甲等,-,1986 年
永定县中医院,NA,福建·莆田市,公立医院,专科医院,二级甲等,-,1986 年
永泰县医院,NA,福建·莆田市,公立医院,专科医院,二级甲等,-,1986 年
尤溪县总医院,NA,福建·莆田市,公立医院,专科医院,二级甲等,-,1986 年
云霄县医院,NA,福建·莆田市,公立医院,专科医院,二级甲等,-,1986 年
云霄县中医院,NA,福建·莆田市,公立医院,专科医院,二级甲等,-,1986 年
漳平市医院,NA,福建·莆田市,公立医院,专科医院,二级甲等,-,1986 年
漳浦县中医院,NA,福建·莆田市,公立医院,专科医院,二级甲等,-,1986 年
漳州丹霞医院,NA,福建·莆田市,公立医院,专科医院,二级甲等,-,1986 年
漳州人民医院,NA,福建·莆田市,公立医院,专科医院,二级甲等,-,1986 年
漳州市芗城区中医院,NA,福建·莆田市,公立医院,专科医院,二级甲等,-,1986 年
漳州市云宵县医院,NA,福建·莆田市,公立医院,专科医院,二级甲等,-,1986 年
诏安县医院,NA,福建·莆田市,公立医院,专科医院,二级甲等,-,1986 年
诏安县中医院,NA,福建·莆田市,公立医院,专科医院,二级甲等,-,1986 年
中国人民解放军73311部队科盾医院,NA,福建·莆田市,公立医院,专科医院,二级甲等,-,1986 年
