Hospital,Link,Location,Trade,Attribution,Grade,Scale,Establish
厦门大学附属成功医院,NA,福建·厦门市,公立医院,综合医院,三级甲等,-,-
厦门大学附属中山医院,NA,福建·厦门市,公立医院,综合医院,三级甲等,-,-
厦门市妇幼保健院,NA,福建·厦门市,公立医院,综合医院,三级甲等,-,-
厦门市仙岳医院,NA,福建·厦门市,公立医院,综合医院,三级甲等,-,-
厦门市中医院,NA,福建·厦门市,公立医院,综合医院,三级甲等,-,-
漳州市医院,NA,福建·厦门市,公立医院,综合医院,三级甲等,-,-
漳州市中医院,NA,福建·厦门市,公立医院,综合医院,三级甲等,-,-
中国人民解放军第四七六医院,NA,福建·厦门市,公立医院,综合医院,三级甲等,-,-
中国人民解放军联勤保障部队第九〇九医院,NA,福建·厦门市,公立医院,综合医院,三级甲等,-,-
中国人民解放军联勤保障部队第九〇七医院,NA,福建·厦门市,公立医院,综合医院,三级甲等,-,-
中国人民解放军联勤保障部队第九一〇医院,NA,福建·厦门市,公立医院,综合医院,三级甲等,-,-
中国人民解放军联勤保障部队第九〇〇医院,NA,福建·厦门市,公立医院,综合医院,三级甲等,-,-
