Hospital,Link,Location,Trade,Attribution,Grade,Scale,Establish
安溪乐康医院,NA,福建·泉州市,民营医院,综合医院,二级医院,-,-
长乐第二医院,NA,福建·泉州市,民营医院,综合医院,二级医院,-,-
长乐市金峰镇金峰部队医院,NA,福建·泉州市,民营医院,综合医院,二级医院,-,-
福建莆田阳光康复医院,NA,福建·泉州市,民营医院,综合医院,二级医院,-,-
福建省荣誉军人康复医院,NA,福建·泉州市,民营医院,综合医院,二级医院,-,-
福建医科大学孟超肝胆医院金山院区,NA,福建·泉州市,民营医院,综合医院,二级医院,-,-
福建漳浦康复医院,NA,福建·泉州市,民营医院,综合医院,二级医院,-,-
福能集团总医院,NA,福建·泉州市,民营医院,综合医院,二级医院,-,-
福清天安医院,NA,福建·泉州市,民营医院,综合医院,二级医院,-,-
福清宜康医院,NA,福建·泉州市,民营医院,综合医院,二级医院,-,-
福州博爱中医院,NA,福建·泉州市,民营医院,综合医院,二级医院,-,-
福州登特口腔医院,NA,福建·泉州市,民营医院,综合医院,二级医院,-,-
福州东南口腔医院,NA,福建·泉州市,民营医院,综合医院,二级医院,-,-
福州鼓楼医院,NA,福建·泉州市,民营医院,综合医院,二级医院,-,-
福州海西口腔医院,NA,福建·泉州市,民营医院,综合医院,二级医院,-,-
福州和睦佳妇产医院,NA,福建·泉州市,民营医院,综合医院,二级医院,-,-
福州伽禾伽美医院,NA,福建·泉州市,民营医院,综合医院,二级医院,-,-
福州市晋安区医院,NA,福建·泉州市,民营医院,综合医院,二级医院,-,-
福州现代妇产医院,NA,福建·泉州市,民营医院,综合医院,二级医院,-,-
福州新莲花医院,NA,福建·泉州市,民营医院,综合医院,二级医院,-,-
