Hospital,Link,Location,Trade,Attribution,Grade,Scale,Establish
龙海市第二医院,NA,福建·漳州市,公立医院,综合医院,二级乙等,-,1938 年
龙海友好妇产医院,NA,福建·漳州市,公立医院,综合医院,二级乙等,-,1938 年
龙岩市新罗区妇幼保健院,NA,福建·漳州市,公立医院,综合医院,二级乙等,-,1938 年
龙岩市永定区坎市医院,NA,福建·漳州市,公立医院,综合医院,二级乙等,-,1938 年
明溪县中医院,NA,福建·漳州市,公立医院,综合医院,二级乙等,-,1938 年
闽清县六都医院,NA,福建·漳州市,公立医院,综合医院,二级乙等,-,1938 年
闽清县中医院,NA,福建·漳州市,公立医院,综合医院,二级乙等,-,1938 年
南安市海都医院,NA,福建·漳州市,公立医院,综合医院,二级乙等,-,1938 年
南安市南侨医院,NA,福建·漳州市,公立医院,综合医院,二级乙等,-,1938 年
南平森工医院,NA,福建·漳州市,公立医院,综合医院,二级乙等,-,1938 年
南平市第一医院松溪分院,NA,福建·漳州市,公立医院,综合医院,二级乙等,-,1938 年
南平市第一医院延平分院,NA,福建·漳州市,公立医院,综合医院,二级乙等,-,1938 年
南平市第一医院政和分院,NA,福建·漳州市,公立医院,综合医院,二级乙等,-,1938 年
南平市建阳中医院,NA,福建·漳州市,公立医院,综合医院,二级乙等,-,1938 年
宁德市妇幼保健院,NA,福建·漳州市,公立医院,综合医院,二级乙等,-,1938 年
平和县精神病防治医院,NA,福建·漳州市,公立医院,综合医院,二级乙等,-,1938 年
平潭县中医院,NA,福建·漳州市,公立医院,综合医院,二级乙等,-,1938 年
莆田市康复医院,NA,福建·漳州市,公立医院,综合医院,二级乙等,-,1938 年
清流县中医院,NA,福建·漳州市,公立医院,综合医院,二级乙等,-,1938 年
泉州洛江万鸿医院,NA,福建·漳州市,公立医院,综合医院,二级乙等,-,1938 年
