Hospital,Link,Location,Trade,Attribution,Grade,Scale,Establish
福建医科大学附属第三医院,NA,福建·福州市,公立医院,专科医院,三级医院,-,-
福建医科大学附属口腔医院,NA,福建·福州市,公立医院,专科医院,三级医院,-,-
福建中医药大学附属第三人民医院,NA,福建·福州市,公立医院,专科医院,三级医院,-,-
福兴妇产医院东院,NA,福建·福州市,公立医院,专科医院,三级医院,-,-
福州东南眼科医院金山新院,NA,福建·福州市,公立医院,专科医院,三级医院,-,-
晋江市医院,NA,福建·福州市,公立医院,专科医院,三级医院,-,-
龙海市第一医院,NA,福建·福州市,公立医院,专科医院,三级医院,-,-
南方医大福清医院,NA,福建·福州市,公立医院,专科医院,三级医院,-,-
石狮市医院,NA,福建·福州市,公立医院,专科医院,三级医院,-,-
四川华西厦门医院,NA,福建·福州市,公立医院,专科医院,三级医院,-,-
厦门市海沧区马銮湾医院,NA,福建·福州市,公立医院,专科医院,三级医院,-,-
厦门市海沧医院,NA,福建·福州市,公立医院,专科医院,三级医院,-,-
厦门市环东海域医院,NA,福建·福州市,公立医院,专科医院,三级医院,-,-
厦门市集美新城医院,NA,福建·福州市,公立医院,专科医院,三级医院,-,-
漳浦县医院,NA,福建·福州市,公立医院,专科医院,三级医院,-,-
漳州市第四医院,NA,福建·福州市,公立医院,专科医院,三级医院,-,-
