Hospital,Link,Location,Trade,Attribution,Grade,Scale,Establish
泉州滨海医院,NA,福建·泉州市,民营医院,综合医院,二级甲等,500-999 人,2016 年
长乐市中医院,NA,福建·泉州市,民营医院,综合医院,二级甲等,500-999 人,2016 年
长泰县医院,NA,福建·泉州市,民营医院,综合医院,二级甲等,500-999 人,2016 年
长汀县妇幼保健院,NA,福建·泉州市,民营医院,综合医院,二级甲等,500-999 人,2016 年
长汀县中医院,NA,福建·泉州市,民营医院,综合医院,二级甲等,500-999 人,2016 年
大田县医院,NA,福建·泉州市,民营医院,综合医院,二级甲等,500-999 人,2016 年
大田县中医院,NA,福建·泉州市,民营医院,综合医院,二级甲等,500-999 人,2016 年
德化县医院,NA,福建·泉州市,民营医院,综合医院,二级甲等,500-999 人,2016 年
德化县中医院,NA,福建·泉州市,民营医院,综合医院,二级甲等,500-999 人,2016 年
东山县医院,NA,福建·泉州市,民营医院,综合医院,二级甲等,500-999 人,2016 年
东山县中医院,NA,福建·泉州市,民营医院,综合医院,二级甲等,500-999 人,2016 年
福鼎市中医院,NA,福建·泉州市,民营医院,综合医院,二级甲等,500-999 人,2016 年
福建省将乐总县医院,NA,福建·泉州市,民营医院,综合医院,二级甲等,500-999 人,2016 年
福建省级机关医院,NA,福建·泉州市,民营医院,综合医院,二级甲等,500-999 人,2016 年
福建省南平市第二医院,NA,福建·泉州市,民营医院,综合医院,二级甲等,500-999 人,2016 年
福建省武警边防总队医院,NA,福建·泉州市,民营医院,综合医院,二级甲等,500-999 人,2016 年
福清市中医院,NA,福建·泉州市,民营医院,综合医院,二级甲等,500-999 人,2016 年
福州东南妇幼医院,NA,福建·泉州市,民营医院,综合医院,二级甲等,500-999 人,2016 年
福州市长乐区医院,NA,福建·泉州市,民营医院,综合医院,二级甲等,500-999 人,2016 年
福州市第八医院,NA,福建·泉州市,民营医院,综合医院,二级甲等,500-999 人,2016 年
