Hospital,Link,Location,Trade,Attribution,Grade,Scale,Establish
泉州万祥微创医院,NA,福建·泉州市,民营医院,专科医院,二级乙等,-,2004 年
三明市第五医院,NA,福建·泉州市,民营医院,专科医院,二级乙等,-,2004 年
邵武市第二医院,NA,福建·泉州市,民营医院,专科医院,二级乙等,-,2004 年
石狮市子英医院,NA,福建·泉州市,民营医院,专科医院,二级乙等,-,2004 年
寿宁县医院,NA,福建·泉州市,民营医院,专科医院,二级乙等,-,2004 年
顺昌县中医院,NA,福建·泉州市,民营医院,专科医院,二级乙等,-,2004 年
武夷山市中医院,NA,福建·泉州市,民营医院,专科医院,二级乙等,-,2004 年
厦门大学附属第一医院思明分院,NA,福建·泉州市,民营医院,专科医院,二级乙等,-,2004 年
厦门大学医院,NA,福建·泉州市,民营医院,专科医院,二级乙等,-,2004 年
厦门市残联康复医院门诊部,NA,福建·泉州市,民营医院,专科医院,二级乙等,-,2004 年
永春县中医院,NA,福建·泉州市,民营医院,专科医院,二级乙等,-,2004 年
永泰县中医院,NA,福建·泉州市,民营医院,专科医院,二级乙等,-,2004 年
漳平市中医院,NA,福建·泉州市,民营医院,专科医院,二级乙等,-,2004 年
漳浦县第二医院,NA,福建·泉州市,民营医院,专科医院,二级乙等,-,2004 年
漳州市精神病收容所,NA,福建·泉州市,民营医院,专科医院,二级乙等,-,2004 年
政和县中医院,NA,福建·泉州市,民营医院,专科医院,二级乙等,-,2004 年
柘荣县医院,NA,福建·泉州市,民营医院,专科医院,二级乙等,-,2004 年
中国水利水电第十六工程局有限公司职工医院,NA,福建·泉州市,民营医院,专科医院,二级乙等,-,2004 年
周宁县医院,NA,福建·泉州市,民营医院,专科医院,二级乙等,-,2004 年
周宁县中医院,NA,福建·泉州市,民营医院,专科医院,二级乙等,-,2004 年
