Hospital,Link,Location,Trade,Attribution,Grade,Scale,Establish
南安市中医院,NA,福建·泉州市,公立医院,专科医院,二级甲等,-,1988 年
南靖县人民医院,NA,福建·泉州市,公立医院,专科医院,二级甲等,-,1988 年
南靖县中医院,NA,福建·泉州市,公立医院,专科医院,二级甲等,-,1988 年
南平市第二医院,NA,福建·泉州市,公立医院,专科医院,二级甲等,-,1988 年
南平市妇幼保健院,NA,福建·泉州市,公立医院,专科医院,二级甲等,-,1988 年
南平市建阳第一医院,NA,福建·泉州市,公立医院,专科医院,二级甲等,-,1988 年
宁德人民医院,NA,福建·泉州市,公立医院,专科医院,二级甲等,-,1988 年
宁化县中医院,NA,福建·泉州市,公立医院,专科医院,二级甲等,-,1988 年
宁化县总医院,NA,福建·泉州市,公立医院,专科医院,二级甲等,-,1988 年
平和县医院,NA,福建·泉州市,公立医院,专科医院,二级甲等,-,1988 年
平潭综合实验区医院,NA,福建·泉州市,公立医院,专科医院,二级甲等,-,1988 年
浦城县医院,NA,福建·泉州市,公立医院,专科医院,二级甲等,-,1988 年
浦城县中医院,NA,福建·泉州市,公立医院,专科医院,二级甲等,-,1988 年
莆田东方医院,NA,福建·泉州市,公立医院,专科医院,二级甲等,-,1988 年
莆田东方医院妇科中心,NA,福建·泉州市,公立医院,专科医院,二级甲等,-,1988 年
莆田妇产专科医院,NA,福建·泉州市,公立医院,专科医院,二级甲等,-,1988 年
莆田人民医院,NA,福建·泉州市,公立医院,专科医院,二级甲等,-,1988 年
莆田盛兴医院,NA,福建·泉州市,公立医院,专科医院,二级甲等,-,1988 年
莆田市荔城区平民医院,NA,福建·泉州市,公立医院,专科医院,二级甲等,-,1988 年
莆田市荔城区医院,NA,福建·泉州市,公立医院,专科医院,二级甲等,-,1988 年
