Hospital,Link,Location,Trade,Attribution,Grade,Scale,Establish
复旦大学附属中山医院厦门医院,NA,福建·厦门市,公立医院,综合医院,三级医院,1000 人以上,2017 年
福建三博福能脑科医院,NA,福建·厦门市,公立医院,综合医院,三级医院,1000 人以上,2017 年
福清市医院,NA,福建·厦门市,公立医院,综合医院,三级医院,1000 人以上,2017 年
福州爱尔眼科医院,NA,福建·厦门市,公立医院,综合医院,三级医院,1000 人以上,2017 年
福州东南眼科医院,NA,福建·厦门市,公立医院,综合医院,三级医院,1000 人以上,2017 年
福州眼科医院,NA,福建·厦门市,公立医院,综合医院,三级医院,1000 人以上,2017 年
莆田涵江医院,NA,福建·厦门市,公立医院,综合医院,三级医院,1000 人以上,2017 年
厦门弘爱康复医院,NA,福建·厦门市,公立医院,综合医院,三级医院,1000 人以上,2017 年
厦门弘爱医院,NA,福建·厦门市,公立医院,综合医院,三级医院,1000 人以上,2017 年
厦门科宏眼科医院,NA,福建·厦门市,公立医院,综合医院,三级医院,1000 人以上,2017 年
厦门莲花医院,NA,福建·厦门市,公立医院,综合医院,三级医院,1000 人以上,2017 年
厦门医学院附属口腔医院,NA,福建·厦门市,公立医院,综合医院,三级医院,1000 人以上,2017 年
漳州正兴医院,NA,福建·厦门市,公立医院,综合医院,三级医院,1000 人以上,2017 年
安溪县医院,NA,福建·厦门市,公立医院,综合医院,三级医院,1000 人以上,2017 年
安溪县中医院,NA,福建·厦门市,公立医院,综合医院,三级医院,1000 人以上,2017 年
福建康乃馨医院,NA,福建·厦门市,公立医院,综合医院,三级医院,1000 人以上,2017 年
福建玛高爱纪念医院,NA,福建·厦门市,公立医院,综合医院,三级医院,1000 人以上,2017 年
福建省军区机关医院,NA,福建·厦门市,公立医院,综合医院,三级医院,1000 人以上,2017 年
福建省立医院北院,NA,福建·厦门市,公立医院,综合医院,三级医院,1000 人以上,2017 年
福建省童昌综合医院,NA,福建·厦门市,公立医院,综合医院,三级医院,1000 人以上,2017 年
