Hospital,Link,Location,Trade,Attribution,Grade,Scale,Establish
泉州艾格眼科医院,NA,福建·泉州市,民营医院,专科医院,二级医院,-,2013 年
泉州成功医院,NA,福建·泉州市,民营医院,专科医院,二级医院,-,2013 年
泉州凤凰医院,NA,福建·泉州市,民营医院,专科医院,二级医院,-,2013 年
泉州鲤城万翔微创医院,NA,福建·泉州市,民营医院,专科医院,二级医院,-,2013 年
泉州神和医院,NA,福建·泉州市,民营医院,专科医院,二级医院,-,2013 年
泉州市戒毒医院,NA,福建·泉州市,民营医院,专科医院,二级医院,-,2013 年
泉州台商投资区成功医院,NA,福建·泉州市,民营医院,专科医院,二级医院,-,2013 年
荣华山经济开发区医院,NA,福建·泉州市,民营医院,专科医院,二级医院,-,2013 年
三明闽中眼科医院,NA,福建·泉州市,民营医院,专科医院,二级医院,-,2013 年
石狮市中医院,NA,福建·泉州市,民营医院,专科医院,二级医院,-,2013 年
厦门大学附属第一医院漳州招商局开发区分院,NA,福建·泉州市,民营医院,专科医院,二级医院,-,2013 年
厦门大学附属中山医院湖里分院,NA,福建·泉州市,民营医院,专科医院,二级医院,-,2013 年
厦门东部康复医院,NA,福建·泉州市,民营医院,专科医院,二级医院,-,2013 年
厦门国泰妇科医院,NA,福建·泉州市,民营医院,专科医院,二级医院,-,2013 年
厦门海沧新阳医院,NA,福建·泉州市,民营医院,专科医院,二级医院,-,2013 年
厦门和美家妇产医院,NA,福建·泉州市,民营医院,专科医院,二级医院,-,2013 年
厦门前埔医院,NA,福建·泉州市,民营医院,专科医院,二级医院,-,2013 年
厦门市锦园中医院,NA,福建·泉州市,民营医院,专科医院,二级医院,-,2013 年
厦门同安工业集中区医院,NA,福建·泉州市,民营医院,专科医院,二级医院,-,2013 年
厦门王子妇产医院,NA,福建·泉州市,民营医院,专科医院,二级医院,-,2013 年
