Hospital,Link,Location,Trade,Attribution,Grade,Scale,Establish
福州市第六医院,NA,福建·福州市,公立医院,综合医院,二级甲等,-,1994 年
福州市马尾区医院,NA,福建·福州市,公立医院,综合医院,二级甲等,-,1994 年
福州总医院第二附属医院,NA,福建·福州市,公立医院,综合医院,二级甲等,-,1994 年
古田县医院,NA,福建·福州市,公立医院,综合医院,二级甲等,-,1994 年
华侨大学医院,NA,福建·福州市,公立医院,综合医院,二级甲等,-,1994 年
惠安县医院,NA,福建·福州市,公立医院,综合医院,二级甲等,-,1994 年
惠安县中医院,NA,福建·福州市,公立医院,综合医院,二级甲等,-,1994 年
建瓯市立医院,NA,福建·福州市,公立医院,综合医院,二级甲等,-,1994 年
建瓯市中西医结合医院,NA,福建·福州市,公立医院,综合医院,二级甲等,-,1994 年
晋江市安海医院,NA,福建·福州市,公立医院,综合医院,二级甲等,-,1994 年
晋江市医院晋南分院,NA,福建·福州市,公立医院,综合医院,二级甲等,-,1994 年
连城县医院,NA,福建·福州市,公立医院,综合医院,二级甲等,-,1994 年
连江县医院,NA,福建·福州市,公立医院,综合医院,二级甲等,-,1994 年
连江县中医院,NA,福建·福州市,公立医院,综合医院,二级甲等,-,1994 年
龙海市中医院,NA,福建·福州市,公立医院,综合医院,二级甲等,-,1994 年
罗源县医院,NA,福建·福州市,公立医院,综合医院,二级甲等,-,1994 年
罗源县中医院,NA,福建·福州市,公立医院,综合医院,二级甲等,-,1994 年
明溪县医院,NA,福建·福州市,公立医院,综合医院,二级甲等,-,1994 年
闽清县总医院,NA,福建·福州市,公立医院,综合医院,二级甲等,-,1994 年
南安市国专医院,NA,福建·福州市,公立医院,综合医院,二级甲等,-,1994 年
