Hospital,Link,Location,Trade,Attribution,Grade,Scale,Establish
福建省龙岩市第一医院,NA,福建·龙岩市,公立医院,综合医院,三级甲等,1000 人以上,1919 年
福建省人民医院,NA,福建·龙岩市,公立医院,综合医院,三级甲等,1000 人以上,1919 年
福建医科大学附属第一医院,NA,福建·龙岩市,公立医院,综合医院,三级甲等,1000 人以上,1919 年
福建医科大学附属协和医院,NA,福建·龙岩市,公立医院,综合医院,三级甲等,1000 人以上,1919 年
福建医科大学孟超肝胆医院,NA,福建·龙岩市,公立医院,综合医院,三级甲等,1000 人以上,1919 年
福州市中医院,NA,福建·龙岩市,公立医院,综合医院,三级甲等,1000 人以上,1919 年
宁德市闽东医院,NA,福建·龙岩市,公立医院,综合医院,三级甲等,1000 人以上,1919 年
泉州市正骨医院,NA,福建·龙岩市,公立医院,综合医院,三级甲等,1000 人以上,1919 年
泉州市中医院,NA,福建·龙岩市,公立医院,综合医院,三级甲等,1000 人以上,1919 年
厦门长庚医院,NA,福建·龙岩市,公立医院,综合医院,三级甲等,1000 人以上,1919 年
厦门大学附属第一医院,NA,福建·龙岩市,公立医院,综合医院,三级甲等,1000 人以上,1919 年
厦门大学附属翔安医院,NA,福建·龙岩市,公立医院,综合医院,三级甲等,1000 人以上,1919 年
厦门大学附属心血管病医院,NA,福建·龙岩市,公立医院,综合医院,三级甲等,1000 人以上,1919 年
厦门市儿童医院,NA,福建·龙岩市,公立医院,综合医院,三级甲等,1000 人以上,1919 年
厦门眼科中心,NA,福建·龙岩市,公立医院,综合医院,三级甲等,1000 人以上,1919 年
厦门医学院附属第二医院,NA,福建·龙岩市,公立医院,综合医院,三级甲等,1000 人以上,1919 年
福建省第二人民医院,NA,福建·龙岩市,公立医院,综合医院,三级甲等,1000 人以上,1919 年
福建省妇幼保健院,NA,福建·龙岩市,公立医院,综合医院,三级甲等,1000 人以上,1919 年
福建省福州神经精神病防治院,NA,福建·龙岩市,公立医院,综合医院,三级甲等,1000 人以上,1919 年
福建省立医院,NA,福建·龙岩市,公立医院,综合医院,三级甲等,1000 人以上,1919 年
