Hospital,Link,Location,Trade,Attribution,Grade,Scale,Establish
安溪县官桥医院,NA,福建·泉州市,公立医院,综合医院,二级乙等,-,2011 年
长乐市精神病医院,NA,福建·泉州市,公立医院,综合医院,二级乙等,-,2011 年
福安市医院,NA,福建·泉州市,公立医院,综合医院,二级乙等,-,2011 年
福安市中医院,NA,福建·泉州市,公立医院,综合医院,二级乙等,-,2011 年
福鼎市第二医院,NA,福建·泉州市,公立医院,综合医院,二级乙等,-,2011 年
福鼎市海军医院,NA,福建·泉州市,公立医院,综合医院,二级乙等,-,2011 年
福建省南平市第一医院顺昌分院,NA,福建·泉州市,公立医院,综合医院,二级乙等,-,2011 年
福建省天湖山能源实业有限公司医院,NA,福建·泉州市,公立医院,综合医院,二级乙等,-,2011 年
福清融强医院,NA,福建·泉州市,公立医院,综合医院,二级乙等,-,2011 年
福清市第二医院,NA,福建·泉州市,公立医院,综合医院,二级乙等,-,2011 年
福清市红十字医院,NA,福建·泉州市,公立医院,综合医院,二级乙等,-,2011 年
福州市第七医院,NA,福建·泉州市,公立医院,综合医院,二级乙等,-,2011 年
福州市二化集团有限公司职工医院,NA,福建·泉州市,公立医院,综合医院,二级乙等,-,2011 年
福州台江医院,NA,福建·泉州市,公立医院,综合医院,二级乙等,-,2011 年
光泽县医院,NA,福建·泉州市,公立医院,综合医院,二级乙等,-,2011 年
光泽县中医院,NA,福建·泉州市,公立医院,综合医院,二级乙等,-,2011 年
华安县医院,NA,福建·泉州市,公立医院,综合医院,二级乙等,-,2011 年
华安县中医院,NA,福建·泉州市,公立医院,综合医院,二级乙等,-,2011 年
将乐县中医院,NA,福建·泉州市,公立医院,综合医院,二级乙等,-,2011 年
建宁县医院,NA,福建·泉州市,公立医院,综合医院,二级乙等,-,2011 年
