Hospital,Link,Location,Trade,Attribution,Grade,Scale,Establish
莆田市秀屿区医院,NA,福建·莆田市,公立医院,综合医院,二级甲等,-,-
清流县总医院,NA,福建·莆田市,公立医院,综合医院,二级甲等,-,-
泉州市东南医院,NA,福建·莆田市,公立医院,综合医院,二级甲等,-,-
泉州市光前医院,NA,福建·莆田市,公立医院,综合医院,二级甲等,-,-
泉州市泉港医院,NA,福建·莆田市,公立医院,综合医院,二级甲等,-,-
泉州医学高等专科学校附属人民医院,NA,福建·莆田市,公立医院,综合医院,二级甲等,-,-
三明市沙县医院,NA,福建·莆田市,公立医院,综合医院,二级甲等,-,-
三明市沙县中医院,NA,福建·莆田市,公立医院,综合医院,二级甲等,-,-
三明市永安总医院南院区,NA,福建·莆田市,公立医院,综合医院,二级甲等,-,-
上杭县医院,NA,福建·莆田市,公立医院,综合医院,二级甲等,-,-
上杭县中医院,NA,福建·莆田市,公立医院,综合医院,二级甲等,-,-
邵武市人民医院,NA,福建·莆田市,公立医院,综合医院,二级甲等,-,-
松溪县中医院,NA,福建·莆田市,公立医院,综合医院,二级甲等,-,-
泰宁县中医院,NA,福建·莆田市,公立医院,综合医院,二级甲等,-,-
武警八七一Ｏ部队医院,NA,福建·莆田市,公立医院,综合医院,二级甲等,-,-
武平县医院,NA,福建·莆田市,公立医院,综合医院,二级甲等,-,-
武平县中医院,NA,福建·莆田市,公立医院,综合医院,二级甲等,-,-
武夷山市立医院,NA,福建·莆田市,公立医院,综合医院,二级甲等,-,-
厦门大学附属第一医院杏林分院,NA,福建·莆田市,公立医院,综合医院,二级甲等,-,-
厦门市同安区中医医院,NA,福建·莆田市,公立医院,综合医院,二级甲等,-,-
