Hospital,Link,Location,Trade,Attribution,Grade,Scale,Establish
福建省立医院南院,NA,福建·福州市,公立医院,综合医院,三级甲等,-,-
福建省肿瘤医院,NA,福建·福州市,公立医院,综合医院,三级甲等,-,-
福建医科大学附属第二医院,NA,福建·福州市,公立医院,综合医院,三级甲等,-,-
福建医科大学附属泉州第一医院,NA,福建·福州市,公立医院,综合医院,三级甲等,-,-
福建中医药大学附属康复医院,NA,福建·福州市,公立医院,综合医院,三级甲等,-,-
福州肺科医院,NA,福建·福州市,公立医院,综合医院,三级甲等,-,-
福州市长乐区空港医院,NA,福建·福州市,公立医院,综合医院,三级甲等,-,-
福州市第二医院,NA,福建·福州市,公立医院,综合医院,三级甲等,-,-
福州市第一医院,NA,福建·福州市,公立医院,综合医院,三级甲等,-,-
福州市妇幼保健院,NA,福建·福州市,公立医院,综合医院,三级甲等,-,-
晋江市中医院,NA,福建·福州市,公立医院,综合医院,三级甲等,-,-
南平市第一医院,NA,福建·福州市,公立医院,综合医院,三级甲等,-,-
南平市人民医院,NA,福建·福州市,公立医院,综合医院,三级甲等,-,-
宁德市医院,NA,福建·福州市,公立医院,综合医院,三级甲等,-,-
宁德市中医院,NA,福建·福州市,公立医院,综合医院,三级甲等,-,-
莆田市第一医院,NA,福建·福州市,公立医院,综合医院,三级甲等,-,-
莆田学院附属医院,NA,福建·福州市,公立医院,综合医院,三级甲等,-,-
三明市第一医院,NA,福建·福州市,公立医院,综合医院,三级甲等,-,-
三明市中西医结合医院,NA,福建·福州市,公立医院,综合医院,三级甲等,-,-
武警福建总队医院,NA,福建·福州市,公立医院,综合医院,三级甲等,-,-
