Hospital,Link,Location,Trade,Attribution,Grade,Scale,Establish
福建美亚健康管理有限公司福州台江门诊部,NA,福建·福州市,民营医院,其他,未定级,100-499 人,2011 年
厦门湖里慈爱优能康复医疗中心,NA,福建·福州市,民营医院,其他,未定级,100-499 人,2011 年
鼓楼希玛林顺潮眼科门诊部,NA,福建·福州市,民营医院,其他,未定级,100-499 人,2011 年
福建霞浦福宁医院,NA,福建·福州市,民营医院,其他,未定级,100-499 人,2011 年
