Hospital,Link,Location,Trade,Attribution,Grade,Scale,Establish
厦门新开元医院,NA,福建·厦门市,民营医院,综合医院,二级医院,-,1953 年
厦门英中医院,NA,福建·厦门市,民营医院,综合医院,二级医院,-,1953 年
厦门友好妇产医院,NA,福建·厦门市,民营医院,综合医院,二级医院,-,1953 年
仙游城东医院,NA,福建·厦门市,民营医院,综合医院,二级医院,-,1953 年
仙游平心耳鼻喉医院,NA,福建·厦门市,民营医院,综合医院,二级医院,-,1953 年
云霄康济医院,NA,福建·厦门市,民营医院,综合医院,二级医院,-,1953 年
漳浦和康医院,NA,福建·厦门市,民营医院,综合医院,二级医院,-,1953 年
漳州市第五医院,NA,福建·厦门市,民营医院,综合医院,二级医院,-,1953 年
漳州卫生职业学院附属口腔医院,NA,福建·厦门市,民营医院,综合医院,二级医院,-,1953 年
