Hospital,Link,Location,Trade,Attribution,Grade,Scale,Establish
福州亚华口腔医院,NA,福建·福州市,民营医院,专科医院,二级医院,-,-
建瓯市建州老年中心康复医院,NA,福建·福州市,民营医院,专科医院,二级医院,-,-
琅岐闽江口医院,NA,福建·福州市,民营医院,专科医院,二级医院,-,-
连城益民中医院,NA,福建·福州市,民营医院,专科医院,二级医院,-,-
连江闽川医院,NA,福建·福州市,民营医院,专科医院,二级医院,-,-
利嘉医院,NA,福建·福州市,民营医院,专科医院,二级医院,-,-
龙岩博爱医院,NA,福建·福州市,民营医院,专科医院,二级医院,-,-
龙岩慈爱医院,NA,福建·福州市,民营医院,专科医院,二级医院,-,-
龙岩闽西口腔医院,NA,福建·福州市,民营医院,专科医院,二级医院,-,-
龙岩牡丹妇产医院,NA,福建·福州市,民营医院,专科医院,二级医院,-,-
宁德东侨工业集中区医院,NA,福建·福州市,民营医院,专科医院,二级医院,-,-
宁德协和妇产医院,NA,福建·福州市,民营医院,专科医院,二级医院,-,-
屏南县医院,NA,福建·福州市,民营医院,专科医院,二级医院,-,-
屏南县中西医结合医院,NA,福建·福州市,民营医院,专科医院,二级医院,-,-
浦城县中山医院,NA,福建·福州市,民营医院,专科医院,二级医院,-,-
莆田华侨医院,NA,福建·福州市,民营医院,专科医院,二级医院,-,-
莆田市城厢区医院,NA,福建·福州市,民营医院,专科医院,二级医院,-,-
莆田市仙游博爱医院,NA,福建·福州市,民营医院,专科医院,二级医院,-,-
莆田雅美佳口腔专科医院,NA,福建·福州市,民营医院,专科医院,二级医院,-,-
泉港博康眼科医院,NA,福建·福州市,民营医院,专科医院,二级医院,-,-
