Hospital,Link,Location,Trade,Attribution,Grade,Scale,Establish
福鼎市医院,NA,福建·宁德市,公立医院,综合医院,三级乙等,1000 人以上,1937 年
三明市永安总医院,NA,福建·宁德市,公立医院,综合医院,三级乙等,1000 人以上,1937 年
厦门国贸泰和康复医院,NA,福建·宁德市,公立医院,综合医院,三级乙等,1000 人以上,1937 年
福建省皮肤病性病防治院,NA,福建·宁德市,公立医院,综合医院,三级乙等,1000 人以上,1937 年
福州市皮肤病防治院,NA,福建·宁德市,公立医院,综合医院,三级乙等,1000 人以上,1937 年
龙岩市第二医院,NA,福建·宁德市,公立医院,综合医院,三级乙等,1000 人以上,1937 年
龙岩市第三医院,NA,福建·宁德市,公立医院,综合医院,三级乙等,1000 人以上,1937 年
龙岩市人民医院,NA,福建·宁德市,公立医院,综合医院,三级乙等,1000 人以上,1937 年
龙岩市中医院,NA,福建·宁德市,公立医院,综合医院,三级乙等,1000 人以上,1937 年
南安市医院,NA,福建·宁德市,公立医院,综合医院,三级乙等,1000 人以上,1937 年
南京军区福州总医院第九五分院,NA,福建·宁德市,公立医院,综合医院,三级乙等,1000 人以上,1937 年
泉州德诚医院,NA,福建·宁德市,公立医院,综合医院,三级乙等,1000 人以上,1937 年
泉州市第三医院,NA,福建·宁德市,公立医院,综合医院,三级乙等,1000 人以上,1937 年
泉州市儿童医院,NA,福建·宁德市,公立医院,综合医院,三级乙等,1000 人以上,1937 年
三明市第二医院东院,NA,福建·宁德市,公立医院,综合医院,三级乙等,1000 人以上,1937 年
邵武市立医院,NA,福建·宁德市,公立医院,综合医院,三级乙等,1000 人以上,1937 年
厦门莲花医院金尚分院,NA,福建·宁德市,公立医院,综合医院,三级乙等,1000 人以上,1937 年
厦门市第三医院,NA,福建·宁德市,公立医院,综合医院,三级乙等,1000 人以上,1937 年
厦门市第五医院,NA,福建·宁德市,公立医院,综合医院,三级乙等,1000 人以上,1937 年
厦门医学高等专科学校附属口腔医院,NA,福建·宁德市,公立医院,综合医院,三级乙等,1000 人以上,1937 年
