Hospital,Link,Location,Trade,Attribution,Grade,Scale,Establish
修水县妇幼保健院,NA,江西·九江市,公立医院,专科医院,二级甲等,-,2004 年
寻乌县人民医院,NA,江西·九江市,公立医院,专科医院,二级甲等,-,2004 年
铅山县人民医院,NA,江西·九江市,公立医院,专科医院,二级甲等,-,2004 年
宜春市第二人民医院,NA,江西·九江市,公立医院,专科医院,二级甲等,-,2004 年
宜春新建医院,NA,江西·九江市,公立医院,专科医院,二级甲等,-,2004 年
宜春学院第二附属医院,NA,江西·九江市,公立医院,专科医院,二级甲等,-,2004 年
宜春浙赣友好医院,NA,江西·九江市,公立医院,专科医院,二级甲等,-,2004 年
宜丰县人民医院,NA,江西·九江市,公立医院,专科医院,二级甲等,-,2004 年
宜丰县中医院,NA,江西·九江市,公立医院,专科医院,二级甲等,-,2004 年
宜黄县妇幼保健院,NA,江西·九江市,公立医院,专科医院,二级甲等,-,2004 年
宜黄县人民医院,NA,江西·九江市,公立医院,专科医院,二级甲等,-,2004 年
弋阳县第二人民医院,NA,江西·九江市,公立医院,专科医院,二级甲等,-,2004 年
弋阳县人民医院,NA,江西·九江市,公立医院,专科医院,二级甲等,-,2004 年
永丰县人民医院,NA,江西·九江市,公立医院,专科医院,二级甲等,-,2004 年
永丰县中医院,NA,江西·九江市,公立医院,专科医院,二级甲等,-,2004 年
永新县人民医院,NA,江西·九江市,公立医院,专科医院,二级甲等,-,2004 年
永新县中医院,NA,江西·九江市,公立医院,专科医院,二级甲等,-,2004 年
永修县人民医院,NA,江西·九江市,公立医院,专科医院,二级甲等,-,2004 年
永修县中医院,NA,江西·九江市,公立医院,专科医院,二级甲等,-,2004 年
袁州区红十字会医院,NA,江西·九江市,公立医院,专科医院,二级甲等,-,2004 年
