Hospital,Link,Location,Trade,Attribution,Grade,Scale,Establish
景德镇市第五人民医院,NA,江西·景德镇市,公立医院,综合医院,二级医院,-,-
景西老年病医院,NA,江西·景德镇市,公立医院,综合医院,二级医院,-,-
九江市红十字医院,NA,江西·景德镇市,公立医院,综合医院,二级医院,-,-
乐安县人口和计划生育服务中心,NA,江西·景德镇市,公立医院,综合医院,二级医院,-,-
南昌安定医院,NA,江西·景德镇市,公立医院,综合医院,二级医院,-,-
南昌安康中医院,NA,江西·景德镇市,公立医院,综合医院,二级医院,-,-
南昌陆军学院医院,NA,江西·景德镇市,公立医院,综合医院,二级医院,-,-
南昌仁爱妇产医院,NA,江西·景德镇市,公立医院,综合医院,二级医院,-,-
南昌新时代妇产医院,NA,江西·景德镇市,公立医院,综合医院,二级医院,-,-
南康弘德医院,NA,江西·景德镇市,公立医院,综合医院,二级医院,-,-
南康市康华医院,NA,江西·景德镇市,公立医院,综合医院,二级医院,-,-
鄱阳湖第二医院,NA,江西·景德镇市,公立医院,综合医院,二级医院,-,-
上饶尚美医疗美容门诊部,NA,江西·景德镇市,公立医院,综合医院,二级医院,-,-
上饶市广丰区华山医院,NA,江西·景德镇市,公立医院,综合医院,二级医院,-,-
遂川云岭新城医院,NA,江西·景德镇市,公立医院,综合医院,二级医院,-,-
万载诚济医院订阅号,NA,江西·景德镇市,公立医院,综合医院,二级医院,-,-
香港仁信肿瘤医院,NA,江西·景德镇市,公立医院,综合医院,二级医院,-,-
修水安康精神病医院,NA,江西·景德镇市,公立医院,综合医院,二级医院,-,-
宜昌男健医院,NA,江西·景德镇市,公立医院,综合医院,二级医院,-,-
宜春康元中西医结合医院,NA,江西·景德镇市,公立医院,综合医院,二级医院,-,-
