Hospital,Link,Location,Trade,Attribution,Grade,Scale,Establish
万年县中医院,NA,江西·上饶市,公立医院,专科医院,二级甲等,-,-
万载县人民医院,NA,江西·上饶市,公立医院,专科医院,二级甲等,-,-
万载县中医院,NA,江西·上饶市,公立医院,专科医院,二级甲等,-,-
武宁县妇幼保健院,NA,江西·上饶市,公立医院,专科医院,二级甲等,-,-
武宁县人民医院,NA,江西·上饶市,公立医院,专科医院,二级甲等,-,-
武宁县中医院,NA,江西·上饶市,公立医院,专科医院,二级甲等,-,-
婺源县人民医院,NA,江西·上饶市,公立医院,专科医院,二级甲等,-,-
婺源县中医院,NA,江西·上饶市,公立医院,专科医院,二级甲等,-,-
峡江县人民医院,NA,江西·上饶市,公立医院,专科医院,二级甲等,-,-
峡江县中医院,NA,江西·上饶市,公立医院,专科医院,二级甲等,-,-
信丰县人民医院,NA,江西·上饶市,公立医院,专科医院,二级甲等,-,-
信丰县中医院,NA,江西·上饶市,公立医院,专科医院,二级甲等,-,-
新钢公司第一医院,NA,江西·上饶市,公立医院,专科医院,二级甲等,-,-
新干县妇幼保健所,NA,江西·上饶市,公立医院,专科医院,二级甲等,-,-
新干县人民医院,NA,江西·上饶市,公立医院,专科医院,二级甲等,-,-
新干县中医院,NA,江西·上饶市,公立医院,专科医院,二级甲等,-,-
兴国县第二医院,NA,江西·上饶市,公立医院,专科医院,二级甲等,-,-
兴国县人民医院,NA,江西·上饶市,公立医院,专科医院,二级甲等,-,-
兴国县中医院,NA,江西·上饶市,公立医院,专科医院,二级甲等,-,-
新余市第二人民医院,NA,江西·上饶市,公立医院,专科医院,二级甲等,-,-
