Hospital,Link,Location,Trade,Attribution,Grade,Scale,Establish
宜春仁德妇幼医院,NA,江西·宜春市,民营医院,专科医院,二级医院,-,2015 年
鹰潭睛明眼科医院,NA,江西·宜春市,民营医院,专科医院,二级医院,-,2015 年
鹰潭新华医院,NA,江西·宜春市,民营医院,专科医院,二级医院,-,2015 年
于都安颐和精神专科医院,NA,江西·宜春市,民营医院,专科医院,二级医院,-,2015 年
樟树市妇幼保健院,NA,江西·宜春市,民营医院,专科医院,二级医院,-,2015 年
