Hospital,Link,Location,Trade,Attribution,Grade,Scale,Establish
南昌大学第一附属医院高新医院,NA,江西·南昌市,公立医院,综合医院,三级乙等,1000 人以上,2019 年
都昌县中医院,NA,江西·南昌市,公立医院,综合医院,三级乙等,1000 人以上,2019 年
丰城市人民医院,NA,江西·南昌市,公立医院,综合医院,三级乙等,1000 人以上,2019 年
江西省荣誉军人康复医院,NA,江西·南昌市,公立医院,综合医院,三级乙等,1000 人以上,2019 年
江西中寰医院,NA,江西·南昌市,公立医院,综合医院,三级乙等,1000 人以上,2019 年
泰和县中医院,NA,江西·南昌市,公立医院,综合医院,三级乙等,1000 人以上,2019 年
修水县中医院,NA,江西·南昌市,公立医院,综合医院,三级乙等,1000 人以上,2019 年
宜春市妇幼保健院,NA,江西·南昌市,公立医院,综合医院,三级乙等,1000 人以上,2019 年
