Hospital,Link,Location,Trade,Attribution,Grade,Scale,Establish
赣州市第三人民医院,NA,江西·赣州市,公立医院,专科医院,三级甲等,500-999 人,1964 年
赣州市第五人民医院,NA,江西·赣州市,公立医院,专科医院,三级甲等,500-999 人,1964 年
赣州市妇幼保健院,NA,江西·赣州市,公立医院,专科医院,三级甲等,500-999 人,1964 年
赣州市立医院,NA,江西·赣州市,公立医院,专科医院,三级甲等,500-999 人,1964 年
赣州市中医院,NA,江西·赣州市,公立医院,专科医院,三级甲等,500-999 人,1964 年
江西省儿童医院,NA,江西·赣州市,公立医院,专科医院,三级甲等,500-999 人,1964 年
江西省妇幼保健院,NA,江西·赣州市,公立医院,专科医院,三级甲等,500-999 人,1964 年
江西省精神病院,NA,江西·赣州市,公立医院,专科医院,三级甲等,500-999 人,1964 年
江西省胸科医院,NA,江西·赣州市,公立医院,专科医院,三级甲等,500-999 人,1964 年
江西省肿瘤医院,NA,江西·赣州市,公立医院,专科医院,三级甲等,500-999 人,1964 年
景德镇市妇幼保健院,NA,江西·赣州市,公立医院,专科医院,三级甲等,500-999 人,1964 年
九江市第一人民医院,NA,江西·赣州市,公立医院,专科医院,三级甲等,500-999 人,1964 年
九江市妇幼保健院,NA,江西·赣州市,公立医院,专科医院,三级甲等,500-999 人,1964 年
九江市中医医院,NA,江西·赣州市,公立医院,专科医院,三级甲等,500-999 人,1964 年
南昌大学第二附属医院,NA,江西·赣州市,公立医院,专科医院,三级甲等,500-999 人,1964 年
南昌大学第四附属医院,NA,江西·赣州市,公立医院,专科医院,三级甲等,500-999 人,1964 年
南昌大学第一附属医院,NA,江西·赣州市,公立医院,专科医院,三级甲等,500-999 人,1964 年
南昌大学附属口腔医院,NA,江西·赣州市,公立医院,专科医院,三级甲等,500-999 人,1964 年
南昌大学附属眼科医院,NA,江西·赣州市,公立医院,专科医院,三级甲等,500-999 人,1964 年
南昌市第九医院,NA,江西·赣州市,公立医院,专科医院,三级甲等,500-999 人,1964 年
