Hospital,Link,Location,Trade,Attribution,Grade,Scale,Establish
于都县妇幼保健院,NA,江西·赣州市,公立医院,专科医院,二级甲等,-,-
于都县中医院,NA,江西·赣州市,公立医院,专科医院,二级甲等,-,-
余干县人民医院,NA,江西·赣州市,公立医院,专科医院,二级甲等,-,-
余干县中医院,NA,江西·赣州市,公立医院,专科医院,二级甲等,-,-
余江区人民医院,NA,江西·赣州市,公立医院,专科医院,二级甲等,-,-
余江县中医院,NA,江西·赣州市,公立医院,专科医院,二级甲等,-,-
玉山县人民医院,NA,江西·赣州市,公立医院,专科医院,二级甲等,-,-
玉山县中医院,NA,江西·赣州市,公立医院,专科医院,二级甲等,-,-
樟树清江医院,NA,江西·赣州市,公立医院,专科医院,二级甲等,-,-
樟树市人民医院,NA,江西·赣州市,公立医院,专科医院,二级甲等,-,-
樟树市中医院,NA,江西·赣州市,公立医院,专科医院,二级甲等,-,-
中国第四冶金建设公司职工总医院,NA,江西·赣州市,公立医院,专科医院,二级甲等,-,-
资溪县妇幼保健所,NA,江西·赣州市,公立医院,专科医院,二级甲等,-,-
资溪县人民医院,NA,江西·赣州市,公立医院,专科医院,二级甲等,-,-
