Hospital,Link,Location,Trade,Attribution,Grade,Scale,Establish
湖口县人民医院,NA,江西·九江市,公立医院,综合医院,二级甲等,-,-
江西凤凰第一医院,NA,江西·九江市,公立医院,综合医院,二级甲等,-,-
江西桑海企业集团职工医院,NA,江西·九江市,公立医院,综合医院,二级甲等,-,-
江西省蚕桑茶叶研究所职工医院,NA,江西·九江市,公立医院,综合医院,二级甲等,-,-
江西省长征医院,NA,江西·九江市,公立医院,综合医院,二级甲等,-,-
江西医学院上饶分院附属医院,NA,江西·九江市,公立医院,综合医院,二级甲等,-,-
江西中医学院第四附属医院,NA,江西·九江市,公立医院,综合医院,二级甲等,-,-
江西中医药高等专科学校附属医院,NA,江西·九江市,公立医院,综合医院,二级甲等,-,-
吉安市第一人民医院,NA,江西·九江市,公立医院,综合医院,二级甲等,-,-
吉安市中医院,NA,江西·九江市,公立医院,综合医院,二级甲等,-,-
吉安县妇幼保健院,NA,江西·九江市,公立医院,综合医院,二级甲等,-,-
吉安县人民医院,NA,江西·九江市,公立医院,综合医院,二级甲等,-,-
吉安县中医院,NA,江西·九江市,公立医院,综合医院,二级甲等,-,-
靖安县人民医院,NA,江西·九江市,公立医院,综合医院,二级甲等,-,-
靖安县中医院,NA,江西·九江市,公立医院,综合医院,二级甲等,-,-
景德镇市三三五医院,NA,江西·九江市,公立医院,综合医院,二级甲等,-,-
进贤县人民医院,NA,江西·九江市,公立医院,综合医院,二级甲等,-,-
金溪县人民医院,NA,江西·九江市,公立医院,综合医院,二级甲等,-,-
金溪县中医院,NA,江西·九江市,公立医院,综合医院,二级甲等,-,-
吉水县人民医院,NA,江西·九江市,公立医院,综合医院,二级甲等,-,-
