Hospital,Link,Location,Trade,Attribution,Grade,Scale,Establish
南昌市第三医院,NA,江西·南昌市,公立医院,综合医院,三级甲等,1000 人以上,1917 年
南昌市第一医院,NA,江西·南昌市,公立医院,综合医院,三级甲等,1000 人以上,1917 年
上饶市第五人民医院,NA,江西·南昌市,公立医院,综合医院,三级甲等,1000 人以上,1917 年
宜春市人民医院,NA,江西·南昌市,公立医院,综合医院,三级甲等,1000 人以上,1917 年
宜春市人民医院北院区,NA,江西·南昌市,公立医院,综合医院,三级甲等,1000 人以上,1917 年
鹰潭市人民医院,NA,江西·南昌市,公立医院,综合医院,三级甲等,1000 人以上,1917 年
抚州市第一人民医院,NA,江西·南昌市,公立医院,综合医院,三级甲等,1000 人以上,1917 年
赣南医学院第一附属医院,NA,江西·南昌市,公立医院,综合医院,三级甲等,1000 人以上,1917 年
赣州市人民医院,NA,江西·南昌市,公立医院,综合医院,三级甲等,1000 人以上,1917 年
赣州市肿瘤医院,NA,江西·南昌市,公立医院,综合医院,三级甲等,1000 人以上,1917 年
江西省儿童医院红谷滩院区,NA,江西·南昌市,公立医院,综合医院,三级甲等,1000 人以上,1917 年
江西省妇幼保健院红谷滩院区,NA,江西·南昌市,公立医院,综合医院,三级甲等,1000 人以上,1917 年
江西省皮肤病专科医院,NA,江西·南昌市,公立医院,综合医院,三级甲等,1000 人以上,1917 年
江西省人民医院,NA,江西·南昌市,公立医院,综合医院,三级甲等,1000 人以上,1917 年
江西省人民医院红谷滩院区,NA,江西·南昌市,公立医院,综合医院,三级甲等,1000 人以上,1917 年
江西中医药大学第二附属医院,NA,江西·南昌市,公立医院,综合医院,三级甲等,1000 人以上,1917 年
江西中医药大学附属医院,NA,江西·南昌市,公立医院,综合医院,三级甲等,1000 人以上,1917 年
吉安市第三人民医院,NA,江西·南昌市,公立医院,综合医院,三级甲等,1000 人以上,1917 年
吉安市妇幼保健院,NA,江西·南昌市,公立医院,综合医院,三级甲等,1000 人以上,1917 年
吉安市中心人民医院,NA,江西·南昌市,公立医院,综合医院,三级甲等,1000 人以上,1917 年
