Hospital,Link,Location,Trade,Attribution,Grade,Scale,Establish
乐平大连医院,NA,江西·景德镇市,民营医院,综合医院,二级医院,100-499 人,2007 年
上饶和康医院,NA,江西·景德镇市,民营医院,综合医院,二级医院,100-499 人,2007 年
德兴安定医院,NA,江西·景德镇市,民营医院,综合医院,二级医院,100-499 人,2007 年
东乡第五医院,NA,江西·景德镇市,民营医院,综合医院,二级医院,100-499 人,2007 年
东乡铜矿职工医院,NA,江西·景德镇市,民营医院,综合医院,二级医院,100-499 人,2007 年
抚州博中康复医院,NA,江西·景德镇市,民营医院,综合医院,二级医院,100-499 人,2007 年
抚州姆樱医院,NA,江西·景德镇市,民营医院,综合医院,二级医院,100-499 人,2007 年
抚州市临川区中医骨伤医院,NA,江西·景德镇市,民营医院,综合医院,二级医院,100-499 人,2007 年
赣州市赣县第二人民医院,NA,江西·景德镇市,民营医院,综合医院,二级医院,100-499 人,2007 年
赣州市阳阳中医院,NA,江西·景德镇市,民营医院,综合医院,二级医院,100-499 人,2007 年
贵溪第二医院,NA,江西·景德镇市,民营医院,综合医院,二级医院,100-499 人,2007 年
贵溪市鑫和医院,NA,江西·景德镇市,民营医院,综合医院,二级医院,100-499 人,2007 年
江西东乡红星医院,NA,江西·景德镇市,民营医院,综合医院,二级医院,100-499 人,2007 年
江西共青城人民医院,NA,江西·景德镇市,民营医院,综合医院,二级医院,100-499 人,2007 年
江西华仁手足外科医院,NA,江西·景德镇市,民营医院,综合医院,二级医院,100-499 人,2007 年
江西鄱阳湖医院,NA,江西·景德镇市,民营医院,综合医院,二级医院,100-499 人,2007 年
江西省贵溪市精神病医院,NA,江西·景德镇市,民营医院,综合医院,二级医院,100-499 人,2007 年
江西省清江医院,NA,江西·景德镇市,民营医院,综合医院,二级医院,100-499 人,2007 年
江西铜业集团有限公司东铜医院,NA,江西·景德镇市,民营医院,综合医院,二级医院,100-499 人,2007 年
景德镇仁德康复医院,NA,江西·景德镇市,民营医院,综合医院,二级医院,100-499 人,2007 年
