Hospital,Link,Location,Trade,Attribution,Grade,Scale,Establish
新余市人民医院,NA,江西·新余市,公立医院,综合医院,三级甲等,-,1932 年
新余市中医院,NA,江西·新余市,公立医院,综合医院,三级甲等,-,1932 年
宜春市中医院,NA,江西·新余市,公立医院,综合医院,三级甲等,-,1932 年
鹰潭市中医院,NA,江西·新余市,公立医院,综合医院,三级甲等,-,1932 年
中国人民解放军第一七一医院,NA,江西·新余市,公立医院,综合医院,三级甲等,-,1932 年
中国人民解放军联勤保障部队第九〇八医院,NA,江西·新余市,公立医院,综合医院,三级甲等,-,1932 年
中国人民解放军联勤保障部队第九〇八医院鹰潭分院,NA,江西·新余市,公立医院,综合医院,三级甲等,-,1932 年
