Hospital,Link,Location,Trade,Attribution,Grade,Scale,Establish
吉水县中医院,NA,江西·吉安市,公立医院,专科医院,二级甲等,-,1987 年
九江市柴桑区人民医院,NA,江西·吉安市,公立医院,专科医院,二级甲等,-,1987 年
九江市第六人民医院,NA,江西·吉安市,公立医院,专科医院,二级甲等,-,1987 年
九江石化医院,NA,江西·吉安市,公立医院,专科医院,二级甲等,-,1987 年
九江市濂溪区肿瘤内科医院,NA,江西·吉安市,公立医院,专科医院,二级甲等,-,1987 年
九江县中医院,NA,江西·吉安市,公立医院,专科医院,二级甲等,-,1987 年
乐安县人民医院,NA,江西·吉安市,公立医院,专科医院,二级甲等,-,1987 年
乐安县中医院,NA,江西·吉安市,公立医院,专科医院,二级甲等,-,1987 年
乐平市人民医院,NA,江西·吉安市,公立医院,专科医院,二级甲等,-,1987 年
乐平市中医院,NA,江西·吉安市,公立医院,专科医院,二级甲等,-,1987 年
莲花县人民医院,NA,江西·吉安市,公立医院,专科医院,二级甲等,-,1987 年
黎川县中医院,NA,江西·吉安市,公立医院,专科医院,二级甲等,-,1987 年
龙南县妇幼保健院,NA,江西·吉安市,公立医院,专科医院,二级甲等,-,1987 年
龙南县人民医院,NA,江西·吉安市,公立医院,专科医院,二级甲等,-,1987 年
龙南县中医院,NA,江西·吉安市,公立医院,专科医院,二级甲等,-,1987 年
庐山市人民医院,NA,江西·吉安市,公立医院,专科医院,二级甲等,-,1987 年
芦溪县人民医院,NA,江西·吉安市,公立医院,专科医院,二级甲等,-,1987 年
芦溪县中医院,NA,江西·吉安市,公立医院,专科医院,二级甲等,-,1987 年
南昌大学景德镇医院,NA,江西·吉安市,公立医院,专科医院,二级甲等,-,1987 年
南昌大学萍乡医院,NA,江西·吉安市,公立医院,专科医院,二级甲等,-,1987 年
