Hospital,Link,Location,Trade,Attribution,Grade,Scale,Establish
抚州市临川区第一中医院,NA,江西·抚州市,公立医院,专科医院,二级甲等,-,1980 年
抚州市临川区人民医院,NA,江西·抚州市,公立医院,专科医院,二级甲等,-,1980 年
赣南中西医结合医院,NA,江西·抚州市,公立医院,专科医院,二级甲等,-,1980 年
赣县人民医院,NA,江西·抚州市,公立医院,专科医院,二级甲等,-,1980 年
赣州东河医院,NA,江西·抚州市,公立医院,专科医院,二级甲等,-,1980 年
赣州市南康区第一人民医院,NA,江西·抚州市,公立医院,专科医院,二级甲等,-,1980 年
赣州市南康区中医院,NA,江西·抚州市,公立医院,专科医院,二级甲等,-,1980 年
赣州市中西医结合医院,NA,江西·抚州市,公立医院,专科医院,二级甲等,-,1980 年
高安瑞州医院,NA,江西·抚州市,公立医院,专科医院,二级甲等,-,1980 年
高安市立医院,NA,江西·抚州市,公立医院,专科医院,二级甲等,-,1980 年
高安市人民医院,NA,江西·抚州市,公立医院,专科医院,二级甲等,-,1980 年
高安市中医院,NA,江西·抚州市,公立医院,专科医院,二级甲等,-,1980 年
广昌县人民医院,NA,江西·抚州市,公立医院,专科医院,二级甲等,-,1980 年
广丰区人民医院,NA,江西·抚州市,公立医院,专科医院,二级甲等,-,1980 年
贵溪市人民医院,NA,江西·抚州市,公立医院,专科医院,二级甲等,-,1980 年
贵溪市中医院,NA,江西·抚州市,公立医院,专科医院,二级甲等,-,1980 年
横峰县人民医院,NA,江西·抚州市,公立医院,专科医院,二级甲等,-,1980 年
会昌县妇幼保健院,NA,江西·抚州市,公立医院,专科医院,二级甲等,-,1980 年
会昌县人民医院,NA,江西·抚州市,公立医院,专科医院,二级甲等,-,1980 年
会昌县中医院,NA,江西·抚州市,公立医院,专科医院,二级甲等,-,1980 年
