Hospital,Link,Location,Trade,Attribution,Grade,Scale,Establish
南昌大学鹰潭医院,NA,江西·鹰潭市,公立医院,综合医院,二级甲等,-,-
南昌钢铁公司职工医院,NA,江西·鹰潭市,公立医院,综合医院,二级甲等,-,-
南昌市高新医院,NA,江西·鹰潭市,公立医院,综合医院,二级甲等,-,-
南昌市新建区人民医院,NA,江西·鹰潭市,公立医院,综合医院,二级甲等,-,-
南昌县人民医院,NA,江西·鹰潭市,公立医院,综合医院,二级甲等,-,-
南昌县中医院,NA,江西·鹰潭市,公立医院,综合医院,二级甲等,-,-
南城县人民医院,NA,江西·鹰潭市,公立医院,综合医院,二级甲等,-,-
南城县中医院,NA,江西·鹰潭市,公立医院,综合医院,二级甲等,-,-
南丰县人民医院,NA,江西·鹰潭市,公立医院,综合医院,二级甲等,-,-
南丰县中医院,NA,江西·鹰潭市,公立医院,综合医院,二级甲等,-,-
宁都县中医院,NA,江西·鹰潭市,公立医院,综合医院,二级甲等,-,-
彭泽县妇幼保健院,NA,江西·鹰潭市,公立医院,综合医院,二级甲等,-,-
彭泽县人民医院,NA,江西·鹰潭市,公立医院,综合医院,二级甲等,-,-
萍乡市第三人民医院,NA,江西·鹰潭市,公立医院,综合医院,二级甲等,-,-
萍乡市湘东区人民医院,NA,江西·鹰潭市,公立医院,综合医院,二级甲等,-,-
萍乡市湘东区中医院,NA,江西·鹰潭市,公立医院,综合医院,二级甲等,-,-
鄱阳县人民医院,NA,江西·鹰潭市,公立医院,综合医院,二级甲等,-,-
全南县人民医院,NA,江西·鹰潭市,公立医院,综合医院,二级甲等,-,-
全南县中医院,NA,江西·鹰潭市,公立医院,综合医院,二级甲等,-,-
瑞昌市人民医院,NA,江西·鹰潭市,公立医院,综合医院,二级甲等,-,-
