Hospital,Link,Location,Trade,Attribution,Grade,Scale,Establish
昌江医院,NA,江西·景德镇市,民营医院,综合医院,二级甲等,100-499 人,2016 年
崇义县中医院,NA,江西·景德镇市,民营医院,综合医院,二级甲等,100-499 人,2016 年
赣南医学院第二附属医院,NA,江西·景德镇市,民营医院,综合医院,二级甲等,100-499 人,2016 年
江西省上犹县人民医院,NA,江西·景德镇市,民营医院,综合医院,二级甲等,100-499 人,2016 年
黎川县人民医院,NA,江西·景德镇市,民营医院,综合医院,二级甲等,100-499 人,2016 年
安福县人民医院,NA,江西·景德镇市,民营医院,综合医院,二级甲等,100-499 人,2016 年
安福县中医院,NA,江西·景德镇市,民营医院,综合医院,二级甲等,100-499 人,2016 年
安义县人民医院,NA,江西·景德镇市,民营医院,综合医院,二级甲等,100-499 人,2016 年
安义县中医院,NA,江西·景德镇市,民营医院,综合医院,二级甲等,100-499 人,2016 年
安远县人民医院,NA,江西·景德镇市,民营医院,综合医院,二级甲等,100-499 人,2016 年
崇仁县人民医院,NA,江西·景德镇市,民营医院,综合医院,二级甲等,100-499 人,2016 年
崇仁县中医院,NA,江西·景德镇市,民营医院,综合医院,二级甲等,100-499 人,2016 年
崇义县人民医院,NA,江西·景德镇市,民营医院,综合医院,二级甲等,100-499 人,2016 年
大余县人民医院,NA,江西·景德镇市,民营医院,综合医院,二级甲等,100-499 人,2016 年
德安县人民医院,NA,江西·景德镇市,民营医院,综合医院,二级甲等,100-499 人,2016 年
德安县中医院,NA,江西·景德镇市,民营医院,综合医院,二级甲等,100-499 人,2016 年
德兴市大茅山企业集团职工医院,NA,江西·景德镇市,民营医院,综合医院,二级甲等,100-499 人,2016 年
德兴市人民医院,NA,江西·景德镇市,民营医院,综合医院,二级甲等,100-499 人,2016 年
德兴市中医院,NA,江西·景德镇市,民营医院,综合医院,二级甲等,100-499 人,2016 年
定南县第一人民医院,NA,江西·景德镇市,民营医院,综合医院,二级甲等,100-499 人,2016 年
