Hospital,Link,Location,Trade,Attribution,Grade,Scale,Establish
崇仁同造血液透析中心,NA,江西·抚州市,民营医院,专科医院,二级乙等,1000 人以上,2019 年
东乡骨伤科医院,NA,江西·抚州市,民营医院,专科医院,二级乙等,1000 人以上,2019 年
抚州市临川区第二人民医院,NA,江西·抚州市,民营医院,专科医院,二级乙等,1000 人以上,2019 年
广昌县中医院,NA,江西·抚州市,民营医院,专科医院,二级乙等,1000 人以上,2019 年
国营七二一矿职工医院,NA,江西·抚州市,民营医院,专科医院,二级乙等,1000 人以上,2019 年
江铜集团银山医院,NA,江西·抚州市,民营医院,专科医院,二级乙等,1000 人以上,2019 年
吉安市第二人民医院,NA,江西·抚州市,民营医院,专科医院,二级乙等,1000 人以上,2019 年
景德镇市第四人民医院,NA,江西·抚州市,民营医院,专科医院,二级乙等,1000 人以上,2019 年
井冈山市人民医院,NA,江西·抚州市,民营医院,专科医院,二级乙等,1000 人以上,2019 年
乐平精神病医院,NA,江西·抚州市,民营医院,专科医院,二级乙等,1000 人以上,2019 年
六二一四医院,NA,江西·抚州市,民营医院,专科医院,二级乙等,1000 人以上,2019 年
南昌大学向塘医院,NA,江西·抚州市,民营医院,专科医院,二级乙等,1000 人以上,2019 年
星子县中医院,NA,江西·抚州市,民营医院,专科医院,二级乙等,1000 人以上,2019 年
修水县第二人民医院,NA,江西·抚州市,民营医院,专科医院,二级乙等,1000 人以上,2019 年
于都县第二人民医院,NA,江西·抚州市,民营医院,专科医院,二级乙等,1000 人以上,2019 年
玉山博爱医院,NA,江西·抚州市,民营医院,专科医院,二级乙等,1000 人以上,2019 年
资溪县中医院,NA,江西·抚州市,民营医院,专科医院,二级乙等,1000 人以上,2019 年
