Hospital,Link,Location,Trade,Attribution,Grade,Scale,Establish
瑞昌市中医院,NA,江西·九江市,公立医院,专科医院,二级甲等,-,1984 年
瑞金市妇幼保健院,NA,江西·九江市,公立医院,专科医院,二级甲等,-,1984 年
上高县中医院,NA,江西·九江市,公立医院,专科医院,二级甲等,-,1984 年
上栗县人民医院,NA,江西·九江市,公立医院,专科医院,二级甲等,-,1984 年
上栗县中医院,NA,江西·九江市,公立医院,专科医院,二级甲等,-,1984 年
上饶东方医院,NA,江西·九江市,公立医院,专科医院,二级甲等,-,1984 年
上饶市广丰区中医院,NA,江西·九江市,公立医院,专科医院,二级甲等,-,1984 年
上饶市中医院,NA,江西·九江市,公立医院,专科医院,二级甲等,-,1984 年
上饶县中医院,NA,江西·九江市,公立医院,专科医院,二级甲等,-,1984 年
上犹县人民医院,NA,江西·九江市,公立医院,专科医院,二级甲等,-,1984 年
石城县人民医院,NA,江西·九江市,公立医院,专科医院,二级甲等,-,1984 年
石城县中医院,NA,江西·九江市,公立医院,专科医院,二级甲等,-,1984 年
遂川县人民医院,NA,江西·九江市,公立医院,专科医院,二级甲等,-,1984 年
遂川县中医院,NA,江西·九江市,公立医院,专科医院,二级甲等,-,1984 年
泰和县人民医院,NA,江西·九江市,公立医院,专科医院,二级甲等,-,1984 年
天津长芦海晶集团有限公司医院,NA,江西·九江市,公立医院,专科医院,二级甲等,-,1984 年
铜鼓县人民医院,NA,江西·九江市,公立医院,专科医院,二级甲等,-,1984 年
万安县人民医院,NA,江西·九江市,公立医院,专科医院,二级甲等,-,1984 年
万安县中医院,NA,江西·九江市,公立医院,专科医院,二级甲等,-,1984 年
万年县人民医院,NA,江西·九江市,公立医院,专科医院,二级甲等,-,1984 年
