Hospital,Link,Location,Trade,Attribution,Grade,Scale,Establish
景德镇市第二人民医院,NA,江西·景德镇市,公立医院,综合医院,三级甲等,-,1971 年
景德镇市第三人民医院,NA,江西·景德镇市,公立医院,综合医院,三级甲等,-,1971 年
景德镇市第一人民医院,NA,江西·景德镇市,公立医院,综合医院,三级甲等,-,1971 年
景德镇市中医医院,NA,江西·景德镇市,公立医院,综合医院,三级甲等,-,1971 年
井冈山大学附属医院,NA,江西·景德镇市,公立医院,综合医院,三级甲等,-,1971 年
九江市第三人民医院,NA,江西·景德镇市,公立医院,综合医院,三级甲等,-,1971 年
九江市第五人民医院,NA,江西·景德镇市,公立医院,综合医院,三级甲等,-,1971 年
九江学院附属医院东院,NA,江西·景德镇市,公立医院,综合医院,三级甲等,-,1971 年
九江学院附属医院西院,NA,江西·景德镇市,公立医院,综合医院,三级甲等,-,1971 年
南昌大学第一附属医院象湖院区,NA,江西·景德镇市,公立医院,综合医院,三级甲等,-,1971 年
南昌市第二医院,NA,江西·景德镇市,公立医院,综合医院,三级甲等,-,1971 年
南昌市洪都中医院,NA,江西·景德镇市,公立医院,综合医院,三级甲等,-,1971 年
萍乡市第二人民医院,NA,江西·景德镇市,公立医院,综合医院,三级甲等,-,1971 年
萍乡市妇幼保健院,NA,江西·景德镇市,公立医院,综合医院,三级甲等,-,1971 年
萍乡市人民医院,NA,江西·景德镇市,公立医院,综合医院,三级甲等,-,1971 年
萍乡市中医院,NA,江西·景德镇市,公立医院,综合医院,三级甲等,-,1971 年
上饶市人民医院,NA,江西·景德镇市,公立医院,综合医院,三级甲等,-,1971 年
武警江西总队医院,NA,江西·景德镇市,公立医院,综合医院,三级甲等,-,1971 年
湘雅萍矿合作医院,NA,江西·景德镇市,公立医院,综合医院,三级甲等,-,1971 年
新余市妇幼保健院,NA,江西·景德镇市,公立医院,综合医院,三级甲等,-,1971 年
