Hospital,Link,Location,Trade,Attribution,Grade,Scale,Establish
定南县妇幼保健院,NA,江西·赣州市,民营医院,专科医院,二级甲等,-,-
定南县人民医院,NA,江西·赣州市,民营医院,专科医院,二级甲等,-,-
定南县中医院,NA,江西·赣州市,民营医院,专科医院,二级甲等,-,-
定南中山医院,NA,江西·赣州市,民营医院,专科医院,二级甲等,-,-
东乡县妇幼保健院,NA,江西·赣州市,民营医院,专科医院,二级甲等,-,-
东乡县中医院,NA,江西·赣州市,民营医院,专科医院,二级甲等,-,-
都昌县人民医院,NA,江西·赣州市,民营医院,专科医院,二级甲等,-,-
丰城矿务局总医院,NA,江西·赣州市,民营医院,专科医院,二级甲等,-,-
丰城洛市矿务局职工医院,NA,江西·赣州市,民营医院,专科医院,二级甲等,-,-
丰城市妇幼保健院,NA,江西·赣州市,民营医院,专科医院,二级甲等,-,-
奉新第二中医院,NA,江西·赣州市,民营医院,专科医院,二级甲等,-,-
奉新县人民医院,NA,江西·赣州市,民营医院,专科医院,二级甲等,-,-
奉新县中医院,NA,江西·赣州市,民营医院,专科医院,二级甲等,-,-
分宜县人民医院,NA,江西·赣州市,民营医院,专科医院,二级甲等,-,-
分宜县中医院,NA,江西·赣州市,民营医院,专科医院,二级甲等,-,-
抚州临川第三医院,NA,江西·赣州市,民营医院,专科医院,二级甲等,-,-
抚州市第二医院,NA,江西·赣州市,民营医院,专科医院,二级甲等,-,-
抚州市第五医院,NA,江西·赣州市,民营医院,专科医院,二级甲等,-,-
抚州市东乡区人民医院,NA,江西·赣州市,民营医院,专科医院,二级甲等,-,-
抚州市临川区第三人民医院,NA,江西·赣州市,民营医院,专科医院,二级甲等,-,-
