Hospital,Link,Location,Trade,Attribution,Grade,Scale,Establish
抚州爱尔眼科医院,NA,江西·抚州市,民营医院,专科医院,三级医院,20-99 人,2018 年
南昌普瑞眼科医院,NA,江西·抚州市,民营医院,专科医院,三级医院,20-99 人,2018 年
南昌市医学科学研究所附属医院,NA,江西·抚州市,民营医院,专科医院,三级医院,20-99 人,2018 年
宁都县人民医院,NA,江西·抚州市,民营医院,专科医院,三级医院,20-99 人,2018 年
吉安康明眼科医院,NA,江西·抚州市,民营医院,专科医院,三级医院,20-99 人,2018 年
吉安中西医结合医院,NA,江西·抚州市,民营医院,专科医院,三级医院,20-99 人,2018 年
南昌大学附属三三四医院,NA,江西·抚州市,民营医院,专科医院,三级医院,20-99 人,2018 年
瑞金市人民医院,NA,江西·抚州市,民营医院,专科医院,三级医院,20-99 人,2018 年
上饶市第三人民医院,NA,江西·抚州市,民营医院,专科医院,三级医院,20-99 人,2018 年
上饶市立医院,NA,江西·抚州市,民营医院,专科医院,三级医院,20-99 人,2018 年
新余袁河医院,NA,江西·抚州市,民营医院,专科医院,三级医院,20-99 人,2018 年
修水县第一人民医院,NA,江西·抚州市,民营医院,专科医院,三级医院,20-99 人,2018 年
宜春市第三人民医院,NA,江西·抚州市,民营医院,专科医院,三级医院,20-99 人,2018 年
于都县人民医院,NA,江西·抚州市,民营医院,专科医院,三级医院,20-99 人,2018 年
