Hospital,Link,Location,Trade,Attribution,Grade,Scale,Establish
莱芜市妇幼保健院,NA,山东·莱芜市,公立医院,专科医院,三级甲等,-,1953 年
莱州市中医医院,NA,山东·莱芜市,公立医院,专科医院,三级甲等,-,1953 年
聊城市第二人民医院,NA,山东·莱芜市,公立医院,专科医院,三级甲等,-,1953 年
聊城市第四人民医院,NA,山东·莱芜市,公立医院,专科医院,三级甲等,-,1953 年
聊城市中医院,NA,山东·莱芜市,公立医院,专科医院,三级甲等,-,1953 年
临沂市第四人民医院,NA,山东·莱芜市,公立医院,专科医院,三级甲等,-,1953 年
临沂市妇女儿童医院,NA,山东·莱芜市,公立医院,专科医院,三级甲等,-,1953 年
临沂市人民医院北院,NA,山东·莱芜市,公立医院,专科医院,三级甲等,-,1953 年
临沂市肿瘤医院,NA,山东·莱芜市,公立医院,专科医院,三级甲等,-,1953 年
临沂市中医医院,NA,山东·莱芜市,公立医院,专科医院,三级甲等,-,1953 年
蓬莱市中医医院,NA,山东·莱芜市,公立医院,专科医院,三级甲等,-,1953 年
平邑县中医医院,NA,山东·莱芜市,公立医院,专科医院,三级甲等,-,1953 年
青岛大学附属医院黄岛院区,NA,山东·莱芜市,公立医院,专科医院,三级甲等,-,1953 年
青岛大学附属医院崂山院区,NA,山东·莱芜市,公立医院,专科医院,三级甲等,-,1953 年
青岛阜外心血管病医院,NA,山东·莱芜市,公立医院,专科医院,三级甲等,-,1953 年
青岛市海慈医疗集团,NA,山东·莱芜市,公立医院,专科医院,三级甲等,-,1953 年
青岛市即墨区中医医院,NA,山东·莱芜市,公立医院,专科医院,三级甲等,-,1953 年
青岛市精神卫生中心,NA,山东·莱芜市,公立医院,专科医院,三级甲等,-,1953 年
青岛市平度中心医院,NA,山东·莱芜市,公立医院,专科医院,三级甲等,-,1953 年
青岛市人民医院,NA,山东·莱芜市,公立医院,专科医院,三级甲等,-,1953 年
