Hospital,Link,Location,Trade,Attribution,Grade,Scale,Establish
高唐县人民医院,NA,山东·聊城市,公立医院,综合医院,二级甲等,1000 人以上,1947 年
广饶县人民医院,NA,山东·聊城市,公立医院,综合医院,二级甲等,1000 人以上,1947 年
济南市济阳区人民医院,NA,山东·聊城市,公立医院,综合医院,二级甲等,1000 人以上,1947 年
临邑县人民医院,NA,山东·聊城市,公立医院,综合医院,二级甲等,1000 人以上,1947 年
宁津县人民医院,NA,山东·聊城市,公立医院,综合医院,二级甲等,1000 人以上,1947 年
宁阳县第一人民医院,NA,山东·聊城市,公立医院,综合医院,二级甲等,1000 人以上,1947 年
单县东大医院,NA,山东·聊城市,公立医院,综合医院,二级甲等,1000 人以上,1947 年
莘县人民医院,NA,山东·聊城市,公立医院,综合医院,二级甲等,1000 人以上,1947 年
泰安市第一人民医院,NA,山东·聊城市,公立医院,综合医院,二级甲等,1000 人以上,1947 年
潍坊市寒亭区人民医院,NA,山东·聊城市,公立医院,综合医院,二级甲等,1000 人以上,1947 年
无棣县人民医院,NA,山东·聊城市,公立医院,综合医院,二级甲等,1000 人以上,1947 年
夏津县人民医院,NA,山东·聊城市,公立医院,综合医院,二级甲等,1000 人以上,1947 年
新泰市第二人民医院,NA,山东·聊城市,公立医院,综合医院,二级甲等,1000 人以上,1947 年
栖霞市人民医院,NA,山东·聊城市,公立医院,综合医院,二级甲等,1000 人以上,1947 年
阳谷县人民医院,NA,山东·聊城市,公立医院,综合医院,二级甲等,1000 人以上,1947 年
烟台海港医院,NA,山东·聊城市,公立医院,综合医院,二级甲等,1000 人以上,1947 年
兖州九一医院,NA,山东·聊城市,公立医院,综合医院,二级甲等,1000 人以上,1947 年
沂南县中医医院,NA,山东·聊城市,公立医院,综合医院,二级甲等,1000 人以上,1947 年
禹城市人民医院,NA,山东·聊城市,公立医院,综合医院,二级甲等,1000 人以上,1947 年
招远市人民医院,NA,山东·聊城市,公立医院,综合医院,二级甲等,1000 人以上,1947 年
