Hospital,Link,Location,Trade,Attribution,Grade,Scale,Establish
淄博市中医医院,NA,山东·淄博市,公立医院,综合医院,三级甲等,500-999 人,1952 年
滨州市中心医院,NA,山东·淄博市,公立医院,综合医院,三级甲等,500-999 人,1952 年
德州市人民医院,NA,山东·淄博市,公立医院,综合医院,三级甲等,500-999 人,1952 年
德州市中医院,NA,山东·淄博市,公立医院,综合医院,三级甲等,500-999 人,1952 年
肥城市中医医院,NA,山东·淄博市,公立医院,综合医院,三级甲等,500-999 人,1952 年
菏泽市立医院,NA,山东·淄博市,公立医院,综合医院,三级甲等,500-999 人,1952 年
菏泽市中医医院,NA,山东·淄博市,公立医院,综合医院,三级甲等,500-999 人,1952 年
济南市106医院,NA,山东·淄博市,公立医院,综合医院,三级甲等,500-999 人,1952 年
济南市第四人民医院,NA,山东·淄博市,公立医院,综合医院,三级甲等,500-999 人,1952 年
济南市妇幼保健院,NA,山东·淄博市,公立医院,综合医院,三级甲等,500-999 人,1952 年
济南市口腔医院,NA,山东·淄博市,公立医院,综合医院,三级甲等,500-999 人,1952 年
济南市章丘区中医医院,NA,山东·淄博市,公立医院,综合医院,三级甲等,500-999 人,1952 年
济南市中西结合医院,NA,山东·淄博市,公立医院,综合医院,三级甲等,500-999 人,1952 年
济南市中心医院,NA,山东·淄博市,公立医院,综合医院,三级甲等,500-999 人,1952 年
济南市中医医院,NA,山东·淄博市,公立医院,综合医院,三级甲等,500-999 人,1952 年
济宁任城新区医养中心,NA,山东·淄博市,公立医院,综合医院,三级甲等,500-999 人,1952 年
济宁市精神病防治院,NA,山东·淄博市,公立医院,综合医院,三级甲等,500-999 人,1952 年
济宁市市立医院,NA,山东·淄博市,公立医院,综合医院,三级甲等,500-999 人,1952 年
济宁市中医院,NA,山东·淄博市,公立医院,综合医院,三级甲等,500-999 人,1952 年
莒县中医医院,NA,山东·淄博市,公立医院,综合医院,三级甲等,500-999 人,1952 年
