Hospital,Link,Location,Trade,Attribution,Grade,Scale,Establish
沂南天河康复医院,NA,山东·临沂市,民营医院,综合医院,二级医院,-,2016 年
沂南天河脑瘫康复医院,NA,山东·临沂市,民营医院,综合医院,二级医院,-,2016 年
禹城市妇幼保健院,NA,山东·临沂市,民营医院,综合医院,二级医院,-,2016 年
郓城优抚医院,NA,山东·临沂市,民营医院,综合医院,二级医院,-,2016 年
鱼台县第二人民医院,NA,山东·临沂市,民营医院,综合医院,二级医院,-,2016 年
枣庄骨伤医院,NA,山东·临沂市,民营医院,综合医院,二级医院,-,2016 年
枣庄市市中区人民医院,NA,山东·临沂市,民营医院,综合医院,二级医院,-,2016 年
招远金都康复医院,NA,山东·临沂市,民营医院,综合医院,二级医院,-,2016 年
诸城市口腔医院,NA,山东·临沂市,民营医院,综合医院,二级医院,-,2016 年
淄博建安康复医院,NA,山东·临沂市,民营医院,综合医院,二级医院,-,2016 年
淄博四季青医院,NA,山东·临沂市,民营医院,综合医院,二级医院,-,2016 年
邹平祥盛针灸推拿专科医院,NA,山东·临沂市,民营医院,综合医院,二级医院,-,2016 年
