Hospital,Link,Location,Trade,Attribution,Grade,Scale,Establish
滨州欣悦康复医院,NA,山东·滨州市,民营医院,专科医院,二级医院,-,2019 年
滨州中海医院,NA,山东·滨州市,民营医院,专科医院,二级医院,-,2019 年
博兴县第二人民医院,NA,山东·滨州市,民营医院,专科医院,二级医院,-,2019 年
苍山代村医院,NA,山东·滨州市,民营医院,专科医院,二级医院,-,2019 年
曹县华都医院,NA,山东·滨州市,民营医院,专科医院,二级医院,-,2019 年
曹县磐石医院,NA,山东·滨州市,民营医院,专科医院,二级医院,-,2019 年
成武润泽精神病医院,NA,山东·滨州市,民营医院,专科医院,二级医院,-,2019 年
德州可恩口腔医院,NA,山东·滨州市,民营医院,专科医院,二级医院,-,2019 年
德州市陵城区妇幼保健院,NA,山东·滨州市,民营医院,专科医院,二级医院,-,2019 年
德州学院附属医院,NA,山东·滨州市,民营医院,专科医院,二级医院,-,2019 年
东港济生中医医院,NA,山东·滨州市,民营医院,专科医院,二级医院,-,2019 年
东港区妇幼保健医院,NA,山东·滨州市,民营医院,专科医院,二级医院,-,2019 年
东明县第三人民医院,NA,山东·滨州市,民营医院,专科医院,二级医院,-,2019 年
东营佰昆康复医院,NA,山东·滨州市,民营医院,专科医院,二级医院,-,2019 年
东营八局医院,NA,山东·滨州市,民营医院,专科医院,二级医院,-,2019 年
东营博爱妇产科医院,NA,山东·滨州市,民营医院,专科医院,二级医院,-,2019 年
东营合德医院,NA,山东·滨州市,民营医院,专科医院,二级医院,-,2019 年
东营华山医院,NA,山东·滨州市,民营医院,专科医院,二级医院,-,2019 年
东营乐安糖尿病肾病医院广饶医院,NA,山东·滨州市,民营医院,专科医院,二级医院,-,2019 年
东营市口腔医院,NA,山东·滨州市,民营医院,专科医院,二级医院,-,2019 年
