Hospital,Link,Location,Trade,Attribution,Grade,Scale,Establish
德州市立医院,NA,山东·德州市,公立医院,综合医院,二级甲等,-,1947 年
定陶区人民医院,NA,山东·德州市,公立医院,综合医院,二级甲等,-,1947 年
东昌府区中医院,NA,山东·德州市,公立医院,综合医院,二级甲等,-,1947 年
东阿县牛角店镇中心卫生院,NA,山东·德州市,公立医院,综合医院,二级甲等,-,1947 年
东明县人民医院,NA,山东·德州市,公立医院,综合医院,二级甲等,-,1947 年
东明县中医院,NA,山东·德州市,公立医院,综合医院,二级甲等,-,1947 年
东平县人民医院,NA,山东·德州市,公立医院,综合医院,二级甲等,-,1947 年
东平县中医院,NA,山东·德州市,公立医院,综合医院,二级甲等,-,1947 年
东营华山男科医院,NA,山东·德州市,公立医院,综合医院,二级甲等,-,1947 年
东营市东营区人民医院,NA,山东·德州市,公立医院,综合医院,二级甲等,-,1947 年
东营市东营区中医院,NA,山东·德州市,公立医院,综合医院,二级甲等,-,1947 年
东营市河口区人民医院,NA,山东·德州市,公立医院,综合医院,二级甲等,-,1947 年
东营市垦利区人民医院,NA,山东·德州市,公立医院,综合医院,二级甲等,-,1947 年
肥城市人民医院,NA,山东·德州市,公立医院,综合医院,二级甲等,-,1947 年
高密市中医院,NA,山东·德州市,公立医院,综合医院,二级甲等,-,1947 年
高青县人民医院,NA,山东·德州市,公立医院,综合医院,二级甲等,-,1947 年
高青县中医医院中心路卫生所,NA,山东·德州市,公立医院,综合医院,二级甲等,-,1947 年
高唐县中医院,NA,山东·德州市,公立医院,综合医院,二级甲等,-,1947 年
广饶县妇幼保健院,NA,山东·德州市,公立医院,综合医院,二级甲等,-,1947 年
广饶县中医院,NA,山东·德州市,公立医院,综合医院,二级甲等,-,1947 年
