Hospital,Link,Location,Trade,Attribution,Grade,Scale,Establish
潍坊医学院口腔医院分院,NA,山东·潍坊市,公立医院,专科医院,二级医院,-,2014 年
潍坊中西医结合医院,NA,山东·潍坊市,公立医院,专科医院,二级医院,-,2014 年
威海光华医院,NA,山东·潍坊市,公立医院,专科医院,二级医院,-,2014 年
威海康泰医院,NA,山东·潍坊市,公立医院,专科医院,二级医院,-,2014 年
威海盛德国际医院,NA,山东·潍坊市,公立医院,专科医院,二级医院,-,2014 年
微山康立医院,NA,山东·潍坊市,公立医院,专科医院,二级医院,-,2014 年
微山县微山湖医院,NA,山东·潍坊市,公立医院,专科医院,二级医院,-,2014 年
阳谷肛肠医院,NA,山东·潍坊市,公立医院,专科医院,二级医院,-,2014 年
烟台成友中医颈腰椎风湿病医院,NA,山东·潍坊市,公立医院,专科医院,二级医院,-,2014 年
烟台妇女儿童医院,NA,山东·潍坊市,公立医院,专科医院,二级医院,-,2014 年
烟台广济脑科康复医院,NA,山东·潍坊市,公立医院,专科医院,二级医院,-,2014 年
烟台欢乐口腔医院,NA,山东·潍坊市,公立医院,专科医院,二级医院,-,2014 年
烟台经济技术开发区福莱山社区卫生服务中心,NA,山东·潍坊市,公立医院,专科医院,二级医院,-,2014 年
烟台瑞基医院,NA,山东·潍坊市,公立医院,专科医院,二级医院,-,2014 年
烟台圣莱恩康复医院,NA,山东·潍坊市,公立医院,专科医院,二级医院,-,2014 年
烟台市普济中医医院,NA,山东·潍坊市,公立医院,专科医院,二级医院,-,2014 年
烟台市英平风湿病医院,NA,山东·潍坊市,公立医院,专科医院,二级医院,-,2014 年
烟台万华医院,NA,山东·潍坊市,公立医院,专科医院,二级医院,-,2014 年
烟台新凤凰妇科医院,NA,山东·潍坊市,公立医院,专科医院,二级医院,-,2014 年
兖州市工人医院,NA,山东·潍坊市,公立医院,专科医院,二级医院,-,2014 年
