Hospital,Link,Location,Trade,Attribution,Grade,Scale,Establish
青岛市市立医院,NA,山东·青岛市,公立医院,综合医院,三级甲等,-,1916 年
青岛市市立医院东院,NA,山东·青岛市,公立医院,综合医院,三级甲等,-,1916 年
青岛市中心医院,NA,山东·青岛市,公立医院,综合医院,三级甲等,-,1916 年
青岛西海岸新区中医医院,NA,山东·青岛市,公立医院,综合医院,三级甲等,-,1916 年
青岛眼科医院,NA,山东·青岛市,公立医院,综合医院,三级甲等,-,1916 年
曲阜市中医院,NA,山东·青岛市,公立医院,综合医院,三级甲等,-,1916 年
日照市中医医院,NA,山东·青岛市,公立医院,综合医院,三级甲等,-,1916 年
荣成市中医院,NA,山东·青岛市,公立医院,综合医院,三级甲等,-,1916 年
山东大学齐鲁儿童医院,NA,山东·青岛市,公立医院,综合医院,三级甲等,-,1916 年
山东能源枣矿集团中心医院,NA,山东·青岛市,公立医院,综合医院,三级甲等,-,1916 年
山东青岛中西医结合医院,NA,山东·青岛市,公立医院,综合医院,三级甲等,-,1916 年
山东省妇幼保健院,NA,山东·青岛市,公立医院,综合医院,三级甲等,-,1916 年
山东省精神卫生中心,NA,山东·青岛市,公立医院,综合医院,三级甲等,-,1916 年
山东省立第三医院,NA,山东·青岛市,公立医院,综合医院,三级甲等,-,1916 年
山东省立医院东院区,NA,山东·青岛市,公立医院,综合医院,三级甲等,-,1916 年
山东省立医院西院,NA,山东·青岛市,公立医院,综合医院,三级甲等,-,1916 年
山东省青岛疗养院,NA,山东·青岛市,公立医院,综合医院,三级甲等,-,1916 年
山东省文登整骨烟台医院,NA,山东·青岛市,公立医院,综合医院,三级甲等,-,1916 年
山东省胸科医院东院区,NA,山东·青岛市,公立医院,综合医院,三级甲等,-,1916 年
山东省胸科医院西院区,NA,山东·青岛市,公立医院,综合医院,三级甲等,-,1916 年
