Hospital,Link,Location,Trade,Attribution,Grade,Scale,Establish
山东省立医院,NA,山东·烟台市,公立医院,综合医院,三级甲等,1000 人以上,1897 年
山东省千佛山医院,NA,山东·烟台市,公立医院,综合医院,三级甲等,1000 人以上,1897 年
山东省胸科医院,NA,山东·烟台市,公立医院,综合医院,三级甲等,1000 人以上,1897 年
山东省眼科医院,NA,山东·烟台市,公立医院,综合医院,三级甲等,1000 人以上,1897 年
山东阳光融和医院,NA,山东·烟台市,公立医院,综合医院,三级甲等,1000 人以上,1897 年
山东中医药大学附属眼科医院,NA,山东·烟台市,公立医院,综合医院,三级甲等,1000 人以上,1897 年
胜利油田中心医院,NA,山东·烟台市,公立医院,综合医院,三级甲等,1000 人以上,1897 年
泰安市中心医院,NA,山东·烟台市,公立医院,综合医院,三级甲等,1000 人以上,1897 年
泰安市中医医院,NA,山东·烟台市,公立医院,综合医院,三级甲等,1000 人以上,1897 年
潍坊市人民医院,NA,山东·烟台市,公立医院,综合医院,三级甲等,1000 人以上,1897 年
潍坊医学院附属医院,NA,山东·烟台市,公立医院,综合医院,三级甲等,1000 人以上,1897 年
威海市立医院,NA,山东·烟台市,公立医院,综合医院,三级甲等,1000 人以上,1897 年
文登整骨医院,NA,山东·烟台市,公立医院,综合医院,三级甲等,1000 人以上,1897 年
新泰市中医医院,NA,山东·烟台市,公立医院,综合医院,三级甲等,1000 人以上,1897 年
兖矿新里程总医院,NA,山东·烟台市,公立医院,综合医院,三级甲等,1000 人以上,1897 年
烟台市口腔医院,NA,山东·烟台市,公立医院,综合医院,三级甲等,1000 人以上,1897 年
烟台毓璜顶医院,NA,山东·烟台市,公立医院,综合医院,三级甲等,1000 人以上,1897 年
枣庄市中医医院,NA,山东·烟台市,公立医院,综合医院,三级甲等,1000 人以上,1897 年
淄博市妇幼保健院,NA,山东·烟台市,公立医院,综合医院,三级甲等,1000 人以上,1897 年
淄博市中心医院,NA,山东·烟台市,公立医院,综合医院,三级甲等,1000 人以上,1897 年
