Hospital,Link,Location,Trade,Attribution,Grade,Scale,Establish
成武县人民医院,NA,山东·菏泽市,公立医院,综合医院,三级医院,1000 人以上,1949 年
济南普瑞眼科医院,NA,山东·菏泽市,公立医院,综合医院,三级医院,1000 人以上,1949 年
济南市第二人民医院,NA,山东·菏泽市,公立医院,综合医院,三级医院,1000 人以上,1949 年
玲珑英诚医院,NA,山东·菏泽市,公立医院,综合医院,三级医院,1000 人以上,1949 年
鲁西南医院,NA,山东·菏泽市,公立医院,综合医院,三级医院,1000 人以上,1949 年
山东第一医科大学第三附属医院,NA,山东·菏泽市,公立医院,综合医院,三级医院,1000 人以上,1949 年
山东省康复医院,NA,山东·菏泽市,公立医院,综合医院,三级医院,1000 人以上,1949 年
淄博世博高新医院,NA,山东·菏泽市,公立医院,综合医院,三级医院,1000 人以上,1949 年
淄博市第四人民医院,NA,山东·菏泽市,公立医院,综合医院,三级医院,1000 人以上,1949 年
淄博市临淄区人民医院,NA,山东·菏泽市,公立医院,综合医院,三级医院,1000 人以上,1949 年
滨州市人民医院,NA,山东·菏泽市,公立医院,综合医院,三级医院,1000 人以上,1949 年
德州市妇幼保健院,NA,山东·菏泽市,公立医院,综合医院,三级医院,1000 人以上,1949 年
菏泽鲁心心脑血管病医院,NA,山东·菏泽市,公立医院,综合医院,三级医院,1000 人以上,1949 年
济南脑科医院,NA,山东·菏泽市,公立医院,综合医院,三级医院,1000 人以上,1949 年
济南市传染病医院,NA,山东·菏泽市,公立医院,综合医院,三级医院,1000 人以上,1949 年
济宁京华眼科医院,NA,山东·菏泽市,公立医院,综合医院,三级医院,1000 人以上,1949 年
济宁同仁眼科医院,NA,山东·菏泽市,公立医院,综合医院,三级医院,1000 人以上,1949 年
莱州市人民医院,NA,山东·菏泽市,公立医院,综合医院,三级医院,1000 人以上,1949 年
聊城市光明眼科医院,NA,山东·菏泽市,公立医院,综合医院,三级医院,1000 人以上,1949 年
聊城市人民医院眼耳鼻喉医院,NA,山东·菏泽市,公立医院,综合医院,三级医院,1000 人以上,1949 年
