Hospital,Link,Location,Trade,Attribution,Grade,Scale,Establish
菏泽市曹县第二人民医院,NA,山东·菏泽市,公立医院,综合医院,二级乙等,-,1949 年
菏泽市牡丹区中医院,NA,山东·菏泽市,公立医院,综合医院,二级乙等,-,1949 年
菏泽市荣军医院,NA,山东·菏泽市,公立医院,综合医院,二级乙等,-,1949 年
桓台县骨伤医院,NA,山东·菏泽市,公立医院,综合医院,二级乙等,-,1949 年
惠民县中医医院,NA,山东·菏泽市,公立医院,综合医院,二级乙等,-,1949 年
胶州市第二人民医院,NA,山东·菏泽市,公立医院,综合医院,二级乙等,-,1949 年
济南柴油机厂职工医院,NA,山东·菏泽市,公立医院,综合医院,二级乙等,-,1949 年
济南市历城区中医院,NA,山东·菏泽市,公立医院,综合医院,二级乙等,-,1949 年
济南市天桥人民医院,NA,山东·菏泽市,公立医院,综合医院,二级乙等,-,1949 年
济宁市口腔医院,NA,山东·菏泽市,公立医院,综合医院,二级乙等,-,1949 年
鄄城县中医院,NA,山东·菏泽市,公立医院,综合医院,二级乙等,-,1949 年
莱西市第二人民医院,NA,山东·菏泽市,公立医院,综合医院,二级乙等,-,1949 年
莱西市第四人民医院,NA,山东·菏泽市,公立医院,综合医院,二级乙等,-,1949 年
莱西市妇幼保健院,NA,山东·菏泽市,公立医院,综合医院,二级乙等,-,1949 年
聊城市光明医院,NA,山东·菏泽市,公立医院,综合医院,二级乙等,-,1949 年
聊城市肿瘤医院,NA,山东·菏泽市,公立医院,综合医院,二级乙等,-,1949 年
聊城糖尿病医院,NA,山东·菏泽市,公立医院,综合医院,二级乙等,-,1949 年
陵县经济开发区医院,NA,山东·菏泽市,公立医院,综合医院,二级乙等,-,1949 年
临沂市交通医院,NA,山东·菏泽市,公立医院,综合医院,二级乙等,-,1949 年
鲁中矿业有限公司医院,NA,山东·菏泽市,公立医院,综合医院,二级乙等,-,1949 年
