Hospital,Link,Location,Trade,Attribution,Grade,Scale,Establish
曹县县立医院,NA,山东·菏泽市,公立医院,综合医院,二级乙等,500-999 人,1998 年
青岛新世纪妇儿医院,NA,山东·菏泽市,公立医院,综合医院,二级乙等,500-999 人,1998 年
曹县同善正骨专科医院,NA,山东·菏泽市,公立医院,综合医院,二级乙等,500-999 人,1998 年
昌乐县第二人民医院,NA,山东·菏泽市,公立医院,综合医院,二级乙等,500-999 人,1998 年
茌平县第二人民医院,NA,山东·菏泽市,公立医院,综合医院,二级乙等,500-999 人,1998 年
茌平县第三人民医院,NA,山东·菏泽市,公立医院,综合医院,二级乙等,500-999 人,1998 年
德州卫校附属医院,NA,山东·菏泽市,公立医院,综合医院,二级乙等,500-999 人,1998 年
定陶区中医院,NA,山东·菏泽市,公立医院,综合医院,二级乙等,500-999 人,1998 年
东阿县中医院,NA,山东·菏泽市,公立医院,综合医院,二级乙等,500-999 人,1998 年
东营市妇幼保健院,NA,山东·菏泽市,公立医院,综合医院,二级乙等,500-999 人,1998 年
高密市整骨总医院,NA,山东·菏泽市,公立医院,综合医院,二级乙等,500-999 人,1998 年
高青县中医院,NA,山东·菏泽市,公立医院,综合医院,二级乙等,500-999 人,1998 年
高唐县人民医院西院区,NA,山东·菏泽市,公立医院,综合医院,二级乙等,500-999 人,1998 年
海阳市第二人民医院,NA,山东·菏泽市,公立医院,综合医院,二级乙等,500-999 人,1998 年
海阳市第三人民医院,NA,山东·菏泽市,公立医院,综合医院,二级乙等,500-999 人,1998 年
菏泽白癜风医院,NA,山东·菏泽市,公立医院,综合医院,二级乙等,500-999 人,1998 年
菏泽大众风湿病专科医院,NA,山东·菏泽市,公立医院,综合医院,二级乙等,500-999 人,1998 年
菏泽花城皮肤病门诊部,NA,山东·菏泽市,公立医院,综合医院,二级乙等,500-999 人,1998 年
菏泽康乐普外专科医院,NA,山东·菏泽市,公立医院,综合医院,二级乙等,500-999 人,1998 年
菏泽昆仑脑血管病医院,NA,山东·菏泽市,公立医院,综合医院,二级乙等,500-999 人,1998 年
