Hospital,Link,Location,Trade,Attribution,Grade,Scale,Establish
德州百佳妇婴医院,NA,山东·德州市,民营医院,专科医院,二级医院,100-499 人,2014 年
惠民县人民医院,NA,山东·德州市,民营医院,专科医院,二级医院,100-499 人,2014 年
济南艾玛妇产医院,NA,山东·德州市,民营医院,专科医院,二级医院,100-499 人,2014 年
青岛海康医院,NA,山东·德州市,民营医院,专科医院,二级医院,100-499 人,2014 年
青岛和睦家医院,NA,山东·德州市,民营医院,专科医院,二级医院,100-499 人,2014 年
青岛开泰耳鼻喉头颈外科医院,NA,山东·德州市,民营医院,专科医院,二级医院,100-499 人,2014 年
青岛新都口腔医院,NA,山东·德州市,民营医院,专科医院,二级医院,100-499 人,2014 年
日照口腔医院,NA,山东·德州市,民营医院,专科医院,二级医院,100-499 人,2014 年
日照心脏病医院,NA,山东·德州市,民营医院,专科医院,二级医院,100-499 人,2014 年
莘县第二人民医院,NA,山东·德州市,民营医院,专科医院,二级医院,100-499 人,2014 年
潍坊艾玛妇产医院,NA,山东·德州市,民营医院,专科医院,二级医院,100-499 人,2014 年
潍坊卫恩医院,NA,山东·德州市,民营医院,专科医院,二级医院,100-499 人,2014 年
烟台莱山口腔医院,NA,山东·德州市,民营医院,专科医院,二级医院,100-499 人,2014 年
潍坊正大光明老年病医院,NA,山东·德州市,民营医院,专科医院,二级医院,100-499 人,2014 年
安丘海吉亚医院,NA,山东·德州市,民营医院,专科医院,二级医院,100-499 人,2014 年
滨州北海经济开发区北海人民医院,NA,山东·德州市,民营医院,专科医院,二级医院,100-499 人,2014 年
滨州颈肩腰腿痛专科医院,NA,山东·德州市,民营医院,专科医院,二级医院,100-499 人,2014 年
滨州康宁医院,NA,山东·德州市,民营医院,专科医院,二级医院,100-499 人,2014 年
滨州鲁滨妇产医院,NA,山东·德州市,民营医院,专科医院,二级医院,100-499 人,2014 年
滨州仁泉医院,NA,山东·德州市,民营医院,专科医院,二级医院,100-499 人,2014 年
