Hospital,Link,Location,Trade,Attribution,Grade,Scale,Establish
肥城矿业中心医院,NA,山东·泰安市,民营医院,综合医院,三级乙等,1000 人以上,1960 年
兰陵县人民医院,NA,山东·泰安市,民营医院,综合医院,三级乙等,1000 人以上,1960 年
聊城市东昌府区妇幼保健院,NA,山东·泰安市,民营医院,综合医院,三级乙等,1000 人以上,1960 年
青岛西海岸新区中心医院,NA,山东·泰安市,民营医院,综合医院,三级乙等,1000 人以上,1960 年
日照市中心医院,NA,山东·泰安市,民营医院,综合医院,三级乙等,1000 人以上,1960 年
乳山市人民医院,NA,山东·泰安市,民营医院,综合医院,三级乙等,1000 人以上,1960 年
沂南县人民医院,NA,山东·泰安市,民营医院,综合医院,三级乙等,1000 人以上,1960 年
邹平市人民医院,NA,山东·泰安市,民营医院,综合医院,三级乙等,1000 人以上,1960 年
安丘市人民医院,NA,山东·泰安市,民营医院,综合医院,三级乙等,1000 人以上,1960 年
滨州市第二人民医院,NA,山东·泰安市,民营医院,综合医院,三级乙等,1000 人以上,1960 年
滨州市中医医院,NA,山东·泰安市,民营医院,综合医院,三级乙等,1000 人以上,1960 年
昌乐县人民医院,NA,山东·泰安市,民营医院,综合医院,三级乙等,1000 人以上,1960 年
东阿县人民医院,NA,山东·泰安市,民营医院,综合医院,三级乙等,1000 人以上,1960 年
东营市第二人民医院,NA,山东·泰安市,民营医院,综合医院,三级乙等,1000 人以上,1960 年
东营市中医院,NA,山东·泰安市,民营医院,综合医院,三级乙等,1000 人以上,1960 年
肥城矿业集团中心医院,NA,山东·泰安市,民营医院,综合医院,三级乙等,1000 人以上,1960 年
菏泽华厦眼科医院,NA,山东·泰安市,民营医院,综合医院,三级乙等,1000 人以上,1960 年
菏泽市曹县人民医院,NA,山东·泰安市,民营医院,综合医院,三级乙等,1000 人以上,1960 年
菏泽市牡丹人民医院,NA,山东·泰安市,民营医院,综合医院,三级乙等,1000 人以上,1960 年
桓台县人民医院,NA,山东·泰安市,民营医院,综合医院,三级乙等,1000 人以上,1960 年
