Hospital,Link,Location,Trade,Attribution,Grade,Scale,Establish
乐陵市人民医院,NA,山东·德州市,公立医院,综合医院,二级甲等,-,1945 年
乐陵市中医院,NA,山东·德州市,公立医院,综合医院,二级甲等,-,1945 年
梁山纺织医院,NA,山东·德州市,公立医院,综合医院,二级甲等,-,1945 年
梁山县第二人民医院,NA,山东·德州市,公立医院,综合医院,二级甲等,-,1945 年
梁山县人民医院,NA,山东·德州市,公立医院,综合医院,二级甲等,-,1945 年
梁山县中医院,NA,山东·德州市,公立医院,综合医院,二级甲等,-,1945 年
聊城市第三人民医院,NA,山东·德州市,公立医院,综合医院,二级甲等,-,1945 年
聊城市东昌府区中医院分院,NA,山东·德州市,公立医院,综合医院,二级甲等,-,1945 年
聊城市东昌府人民医院,NA,山东·德州市,公立医院,综合医院,二级甲等,-,1945 年
聊城市冠县人民医院,NA,山东·德州市,公立医院,综合医院,二级甲等,-,1945 年
聊城市水城妇产医院,NA,山东·德州市,公立医院,综合医院,二级甲等,-,1945 年
利津县第二人民医院,NA,山东·德州市,公立医院,综合医院,二级甲等,-,1945 年
利津县中心医院,NA,山东·德州市,公立医院,综合医院,二级甲等,-,1945 年
临清市人民医院,NA,山东·德州市,公立医院,综合医院,二级甲等,-,1945 年
临朐县第三人民医院,NA,山东·德州市,公立医院,综合医院,二级甲等,-,1945 年
临朐县人民医院,NA,山东·德州市,公立医院,综合医院,二级甲等,-,1945 年
临朐县中医院,NA,山东·德州市,公立医院,综合医院,二级甲等,-,1945 年
临沭县人民医院,NA,山东·德州市,公立医院,综合医院,二级甲等,-,1945 年
临沭县中医院,NA,山东·德州市,公立医院,综合医院,二级甲等,-,1945 年
临沂罗庄中心医院,NA,山东·德州市,公立医院,综合医院,二级甲等,-,1945 年
