Hospital,Link,Location,Trade,Attribution,Grade,Scale,Establish
北大医疗鲁中医院,NA,山东·淄博市,民营医院,综合医院,三级甲等,1000 人以上,2002 年
滨州医学院附属医院,NA,山东·淄博市,民营医院,综合医院,三级甲等,1000 人以上,2002 年
滨州医学院烟台附属医院,NA,山东·淄博市,民营医院,综合医院,三级甲等,1000 人以上,2002 年
东营市人民医院,NA,山东·淄博市,民营医院,综合医院,三级甲等,1000 人以上,2002 年
济南明水眼科医院,NA,山东·淄博市,民营医院,综合医院,三级甲等,1000 人以上,2002 年
济南市人民医院,NA,山东·淄博市,民营医院,综合医院,三级甲等,1000 人以上,2002 年
济宁市第一人民医院,NA,山东·淄博市,民营医院,综合医院,三级甲等,1000 人以上,2002 年
济宁医学院附属医院,NA,山东·淄博市,民营医院,综合医院,三级甲等,1000 人以上,2002 年
聊城市人民医院,NA,山东·淄博市,民营医院,综合医院,三级甲等,1000 人以上,2002 年
临沂市人民医院,NA,山东·淄博市,民营医院,综合医院,三级甲等,1000 人以上,2002 年
鲁南眼科医院,NA,山东·淄博市,民营医院,综合医院,三级甲等,1000 人以上,2002 年
青岛大学附属医院,NA,山东·淄博市,民营医院,综合医院,三级甲等,1000 人以上,2002 年
青岛市妇女儿童医院,NA,山东·淄博市,民营医院,综合医院,三级甲等,1000 人以上,2002 年
青岛市口腔医院,NA,山东·淄博市,民营医院,综合医院,三级甲等,1000 人以上,2002 年
日照市人民医院,NA,山东·淄博市,民营医院,综合医院,三级甲等,1000 人以上,2002 年
山东大学第二医院,NA,山东·淄博市,民营医院,综合医院,三级甲等,1000 人以上,2002 年
山东大学附属生殖医院,NA,山东·淄博市,民营医院,综合医院,三级甲等,1000 人以上,2002 年
山东大学口腔医院,NA,山东·淄博市,民营医院,综合医院,三级甲等,1000 人以上,2002 年
山东大学齐鲁医院,NA,山东·淄博市,民营医院,综合医院,三级甲等,1000 人以上,2002 年
山东第一医科大学第二附属医院,NA,山东·淄博市,民营医院,综合医院,三级甲等,1000 人以上,2002 年
