Hospital,Link,Location,Trade,Attribution,Grade,Scale,Establish
青岛新安中医医院,NA,山东·青岛市,民营医院,专科医院,二级医院,-,2006 年
青岛新惠康老年病医院,NA,山东·青岛市,民营医院,专科医院,二级医院,-,2006 年
青岛新鲁东眼科医院,NA,山东·青岛市,民营医院,专科医院,二级医院,-,2006 年
青岛颐生健中西医结合骨伤医院,NA,山东·青岛市,民营医院,专科医院,二级医院,-,2006 年
青岛易生堂中医医院,NA,山东·青岛市,民营医院,专科医院,二级医院,-,2006 年
青岛颐顺和心理卫生医院,NA,山东·青岛市,民营医院,专科医院,二级医院,-,2006 年
青岛永新中医医院,NA,山东·青岛市,民营医院,专科医院,二级医院,-,2006 年
青岛质子肿瘤医院,NA,山东·青岛市,民营医院,专科医院,二级医院,-,2006 年
日照医疗美容医院,NA,山东·青岛市,民营医院,专科医院,二级医院,-,2006 年
荣成市济生医院,NA,山东·青岛市,民营医院,专科医院,二级医院,-,2006 年
山东好德康复医院,NA,山东·青岛市,民营医院,专科医院,二级医院,-,2006 年
山东黄河医院,NA,山东·青岛市,民营医院,专科医院,二级医院,-,2006 年
山东济宁凤凰怡康医院,NA,山东·青岛市,民营医院,专科医院,二级医院,-,2006 年
山东省莱阳卫生学校医院,NA,山东·青岛市,民营医院,专科医院,二级医院,-,2006 年
山东省立医院集团市中医院,NA,山东·青岛市,民营医院,专科医院,二级医院,-,2006 年
山东省潍坊卫生学校口腔医院,NA,山东·青岛市,民营医院,专科医院,二级医院,-,2006 年
山东省职业病医院,NA,山东·青岛市,民营医院,专科医院,二级医院,-,2006 年
山东拖拉机厂医院,NA,山东·青岛市,民营医院,专科医院,二级医院,-,2006 年
山东威海荣成市益成医院,NA,山东·青岛市,民营医院,专科医院,二级医院,-,2006 年
山东烟台市昆仑山医院,NA,山东·青岛市,民营医院,专科医院,二级医院,-,2006 年
