Hospital,Link,Location,Trade,Attribution,Grade,Scale,Establish
蓬莱同步骨科医院,NA,山东·烟台市,民营医院,专科医院,二级医院,-,2002 年
青岛当代妇产医院,NA,山东·烟台市,民营医院,专科医院,二级医院,-,2002 年
青岛东方医院,NA,山东·烟台市,民营医院,专科医院,二级医院,-,2002 年
青岛福山康复医院,NA,山东·烟台市,民营医院,专科医院,二级医院,-,2002 年
青岛福瀛鼓楼中医医院,NA,山东·烟台市,民营医院,专科医院,二级医院,-,2002 年
青岛国瑞口腔医院,NA,山东·烟台市,民营医院,专科医院,二级医院,-,2002 年
青岛恒博心脑血管病医院,NA,山东·烟台市,民营医院,专科医院,二级医院,-,2002 年
青岛华国中医医院,NA,山东·烟台市,民营医院,专科医院,二级医院,-,2002 年
青岛即福医院,NA,山东·烟台市,民营医院,专科医院,二级医院,-,2002 年
青岛京北肛肠医院,NA,山东·烟台市,民营医院,专科医院,二级医院,-,2002 年
青岛脑康心理医院,NA,山东·烟台市,民营医院,专科医院,二级医院,-,2002 年
青岛普爱曜阳中西医结合医院,NA,山东·烟台市,民营医院,专科医院,二级医院,-,2002 年
青岛仁德妇产医院,NA,山东·烟台市,民营医院,专科医院,二级医院,-,2002 年
青岛圣德脑血管病医院,NA,山东·烟台市,民营医院,专科医院,二级医院,-,2002 年
青岛圣林源老年病医院,NA,山东·烟台市,民营医院,专科医院,二级医院,-,2002 年
青岛市北安康综合医院,NA,山东·烟台市,民营医院,专科医院,二级医院,-,2002 年
青岛市城阳区第三人民医院,NA,山东·烟台市,民营医院,专科医院,二级医院,-,2002 年
青岛市即墨区第二人民医院,NA,山东·烟台市,民营医院,专科医院,二级医院,-,2002 年
青岛市商业职工医院,NA,山东·烟台市,民营医院,专科医院,二级医院,-,2002 年
青岛维可迈中医康复医院,NA,山东·烟台市,民营医院,专科医院,二级医院,-,2002 年
