Hospital,Link,Location,Trade,Attribution,Grade,Scale,Establish
济南市莱钢医院,NA,山东·莱芜市,公立医院,综合医院,三级乙等,-,1956 年
济南市章丘区人民医院,NA,山东·莱芜市,公立医院,综合医院,三级乙等,-,1956 年
济宁医学院附属金乡医院,NA,山东·莱芜市,公立医院,综合医院,三级乙等,-,1956 年
莒南县人民医院,NA,山东·莱芜市,公立医院,综合医院,三级乙等,-,1956 年
巨野县人民医院,NA,山东·莱芜市,公立医院,综合医院,三级乙等,-,1956 年
龙口市人民医院,NA,山东·莱芜市,公立医院,综合医院,三级乙等,-,1956 年
蓬莱市人民医院,NA,山东·莱芜市,公立医院,综合医院,三级乙等,-,1956 年
平度市人民医院,NA,山东·莱芜市,公立医院,综合医院,三级乙等,-,1956 年
青岛大学医学院附属心血管病医院,NA,山东·莱芜市,公立医院,综合医院,三级乙等,-,1956 年
青岛市第六人民医院,NA,山东·莱芜市,公立医院,综合医院,三级乙等,-,1956 年
青岛市胶州中心医院,NA,山东·莱芜市,公立医院,综合医院,三级乙等,-,1956 年
日照市莒县人民医院,NA,山东·莱芜市,公立医院,综合医院,三级乙等,-,1956 年
寿光市人民医院,NA,山东·莱芜市,公立医院,综合医院,三级乙等,-,1956 年
滕州市中医医院,NA,山东·莱芜市,公立医院,综合医院,三级乙等,-,1956 年
新泰市人民医院,NA,山东·莱芜市,公立医院,综合医院,三级乙等,-,1956 年
新汶矿业集团中心医院,NA,山东·莱芜市,公立医院,综合医院,三级乙等,-,1956 年
烟台市莱阳中心医院,NA,山东·莱芜市,公立医院,综合医院,三级乙等,-,1956 年
枣庄矿业集团东郊医院,NA,山东·莱芜市,公立医院,综合医院,三级乙等,-,1956 年
枣庄市王开传染病医院,NA,山东·莱芜市,公立医院,综合医院,三级乙等,-,1956 年
中国人民解放军第一四八中心医院,NA,山东·莱芜市,公立医院,综合医院,三级乙等,-,1956 年
