Hospital,Link,Location,Trade,Attribution,Grade,Scale,Establish
牡丹区中心医院黄口分院,NA,山东·菏泽市,公立医院,综合医院,二级乙等,-,2009 年
牧琳爱中美友好医院,NA,山东·菏泽市,公立医院,综合医院,二级乙等,-,2009 年
平度市第二人民医院,NA,山东·菏泽市,公立医院,综合医院,二级乙等,-,2009 年
平邑县精神病医院,NA,山东·菏泽市,公立医院,综合医院,二级乙等,-,2009 年
齐鲁石化医院集团蜂山医院,NA,山东·菏泽市,公立医院,综合医院,二级乙等,-,2009 年
青岛华悦妇产医院,NA,山东·菏泽市,公立医院,综合医院,二级乙等,-,2009 年
青岛市红岛人民医院,NA,山东·菏泽市,公立医院,综合医院,二级乙等,-,2009 年
青岛铁路分局淄博铁路医院,NA,山东·菏泽市,公立医院,综合医院,二级乙等,-,2009 年
青岛优抚医院,NA,山东·菏泽市,公立医院,综合医院,二级乙等,-,2009 年
胜利石油管理局肛肠病防治院,NA,山东·菏泽市,公立医院,综合医院,二级乙等,-,2009 年
胜利油田胜采医院,NA,山东·菏泽市,公立医院,综合医院,二级乙等,-,2009 年
泰安市泰山光明医院,NA,山东·菏泽市,公立医院,综合医院,二级乙等,-,2009 年
泰安颐博康复医院,NA,山东·菏泽市,公立医院,综合医院,二级乙等,-,2009 年
郯城县第二人民医院,NA,山东·菏泽市,公立医院,综合医院,二级乙等,-,2009 年
潍坊牙科医院,NA,山东·菏泽市,公立医院,综合医院,二级乙等,-,2009 年
威海市肿瘤医院,NA,山东·菏泽市,公立医院,综合医院,二级乙等,-,2009 年
微山县中医院,NA,山东·菏泽市,公立医院,综合医院,二级乙等,-,2009 年
汶上县第二人民医院,NA,山东·菏泽市,公立医院,综合医院,二级乙等,-,2009 年
武城县第二人民医院,NA,山东·菏泽市,公立医院,综合医院,二级乙等,-,2009 年
阳谷县第二人民医院,NA,山东·菏泽市,公立医院,综合医院,二级乙等,-,2009 年
