Hospital,Link,Location,Trade,Attribution,Grade,Scale,Establish
东营市正骨医院,NA,山东·东营市,民营医院,专科医院,二级医院,-,2007 年
东营市正骨医院牛庄分院,NA,山东·东营市,民营医院,专科医院,二级医院,-,2007 年
东营市中医医院,NA,山东·东营市,民营医院,专科医院,二级医院,-,2007 年
东营文俊骨病医院,NA,山东·东营市,民营医院,专科医院,二级医院,-,2007 年
费县光明眼科医院,NA,山东·东营市,民营医院,专科医院,二级医院,-,2007 年
费县精神病医院,NA,山东·东营市,民营医院,专科医院,二级医院,-,2007 年
富鲁老年病医院,NA,山东·东营市,民营医院,专科医院,二级医院,-,2007 年
高密市市立医院,NA,山东·东营市,民营医院,专科医院,二级医院,-,2007 年
高密新济国际医院,NA,山东·东营市,民营医院,专科医院,二级医院,-,2007 年
海阳康宁心理康复医院,NA,山东·东营市,民营医院,专科医院,二级医院,-,2007 年
菏泽市牡丹区中心医院,NA,山东·东营市,民营医院,专科医院,二级医院,-,2007 年
菏泽市单县第一人民医院,NA,山东·东营市,民营医院,专科医院,二级医院,-,2007 年
菏泽新天地股骨头坏死医院,NA,山东·东营市,民营医院,专科医院,二级医院,-,2007 年
菏泽医学专科学校附属医院,NA,山东·东营市,民营医院,专科医院,二级医院,-,2007 年
菏泽中黄口毓麟妇儿医院,NA,山东·东营市,民营医院,专科医院,二级医院,-,2007 年
惠民县县直机关医院,NA,山东·东营市,民营医院,专科医院,二级医院,-,2007 年
嘉祥瑞鑫口腔医院,NA,山东·东营市,民营医院,专科医院,二级医院,-,2007 年
即墨同德医院,NA,山东·东营市,民营医院,专科医院,二级医院,-,2007 年
济南大康民世医院,NA,山东·东营市,民营医院,专科医院,二级医院,-,2007 年
济南合众医院,NA,山东·东营市,民营医院,专科医院,二级医院,-,2007 年
