Hospital,Link,Location,Trade,Attribution,Grade,Scale,Establish
冠县中医医院,NA,山东·聊城市,公立医院,专科医院,二级甲等,-,1989 年
海军烟台医院,NA,山东·聊城市,公立医院,专科医院,二级甲等,-,1989 年
海阳市妇幼保健院,NA,山东·聊城市,公立医院,专科医院,二级甲等,-,1989 年
海阳市人民医院,NA,山东·聊城市,公立医院,专科医院,二级甲等,-,1989 年
海阳市中医医院,NA,山东·聊城市,公立医院,专科医院,二级甲等,-,1989 年
菏泽市曹县中医院,NA,山东·聊城市,公立医院,专科医院,二级甲等,-,1989 年
菏泽市第二人民医院,NA,山东·聊城市,公立医院,专科医院,二级甲等,-,1989 年
菏泽市第三人民医院,NA,山东·聊城市,公立医院,专科医院,二级甲等,-,1989 年
菏泽市牡丹人民医院分院,NA,山东·聊城市,公立医院,专科医院,二级甲等,-,1989 年
菏泽市单县中医院,NA,山东·聊城市,公立医院,专科医院,二级甲等,-,1989 年
华方中医专科医院,NA,山东·聊城市,公立医院,专科医院,二级甲等,-,1989 年
桓台县中医院,NA,山东·聊城市,公立医院,专科医院,二级甲等,-,1989 年
惠民县中医院,NA,山东·聊城市,公立医院,专科医院,二级甲等,-,1989 年
胶南市第三人民医院,NA,山东·聊城市,公立医院,专科医院,二级甲等,-,1989 年
胶南市经济技术开发区医院,NA,山东·聊城市,公立医院,专科医院,二级甲等,-,1989 年
胶州市人民医院,NA,山东·聊城市,公立医院,专科医院,二级甲等,-,1989 年
嘉祥县人民医院,NA,山东·聊城市,公立医院,专科医院,二级甲等,-,1989 年
嘉祥县中医院,NA,山东·聊城市,公立医院,专科医院,二级甲等,-,1989 年
解放军第四零一医院崂山分院,NA,山东·聊城市,公立医院,专科医院,二级甲等,-,1989 年
济南安康医院,NA,山东·聊城市,公立医院,专科医院,二级甲等,-,1989 年
