Hospital,Link,Location,Trade,Attribution,Grade,Scale,Establish
临沂市第三人民医院,NA,山东·临沂市,公立医院,综合医院,二级甲等,-,-
临沂市费县人民医院,NA,山东·临沂市,公立医院,综合医院,二级甲等,-,-
临沂市费县中医院,NA,山东·临沂市,公立医院,综合医院,二级甲等,-,-
临沂市河东区妇幼保健院,NA,山东·临沂市,公立医院,综合医院,二级甲等,-,-
临沂市兰山区第一人民医院,NA,山东·临沂市,公立医院,综合医院,二级甲等,-,-
临沂市荣军医院,NA,山东·临沂市,公立医院,综合医院,二级甲等,-,-
临邑县中医院,NA,山东·临沂市,公立医院,综合医院,二级甲等,-,-
临沂西关医院,NA,山东·临沂市,公立医院,综合医院,二级甲等,-,-
临淄区口腔医院,NA,山东·临沂市,公立医院,综合医院,二级甲等,-,-
龙口矿务局中心医院,NA,山东·临沂市,公立医院,综合医院,二级甲等,-,-
龙口市中医院,NA,山东·临沂市,公立医院,综合医院,二级甲等,-,-
罗庄沂蒙中西医结合医院,NA,山东·临沂市,公立医院,综合医院,二级甲等,-,-
蒙阴县人民医院,NA,山东·临沂市,公立医院,综合医院,二级甲等,-,-
蒙阴县中医院,NA,山东·临沂市,公立医院,综合医院,二级甲等,-,-
宁津县中医院,NA,山东·临沂市,公立医院,综合医院,二级甲等,-,-
宁阳县第二人民医院,NA,山东·临沂市,公立医院,综合医院,二级甲等,-,-
宁阳县中医院,NA,山东·临沂市,公立医院,综合医院,二级甲等,-,-
平度市第三人民医院,NA,山东·临沂市,公立医院,综合医院,二级甲等,-,-
平度市中医医院,NA,山东·临沂市,公立医院,综合医院,二级甲等,-,-
平阴县人民医院,NA,山东·临沂市,公立医院,综合医院,二级甲等,-,-
