Hospital,Link,Location,Trade,Attribution,Grade,Scale,Establish
烟台凤凰台医院,NA,山东·烟台市,公立医院,综合医院,二级乙等,-,1966 年
郓城诚信医院,NA,山东·烟台市,公立医院,综合医院,二级乙等,-,1966 年
郓城县第二医院,NA,山东·烟台市,公立医院,综合医院,二级乙等,-,1966 年
枣庄市口腔医院,NA,山东·烟台市,公立医院,综合医院,二级乙等,-,1966 年
张店区第二人民医院,NA,山东·烟台市,公立医院,综合医院,二级乙等,-,1966 年
中国人民解放军第四零七医院,NA,山东·烟台市,公立医院,综合医院,二级乙等,-,1966 年
中国重型汽车集团有限公司医院,NA,山东·烟台市,公立医院,综合医院,二级乙等,-,1966 年
淄博广电医院,NA,山东·烟台市,公立医院,综合医院,二级乙等,-,1966 年
淄博颜山医院,NA,山东·烟台市,公立医院,综合医院,二级乙等,-,1966 年
淄博赢和中医医院,NA,山东·烟台市,公立医院,综合医院,二级乙等,-,1966 年
