Hospital,Link,Location,Trade,Attribution,Grade,Scale,Establish
济宁市任城区人民医院,NA,山东·济宁市,公立医院,综合医院,二级甲等,-,1936 年
济宁市市中区妇幼保健院,NA,山东·济宁市,公立医院,综合医院,二级甲等,-,1936 年
济宁市兖州区铁路医院,NA,山东·济宁市,公立医院,综合医院,二级甲等,-,1936 年
济宁市兖州区中医医院,NA,山东·济宁市,公立医院,综合医院,二级甲等,-,1936 年
济宁市中西医结合医院,NA,山东·济宁市,公立医院,综合医院,二级甲等,-,1936 年
济宁医学院附属医院兖州院区,NA,山东·济宁市,公立医院,综合医院,二级甲等,-,1936 年
鄄城县人民医院,NA,山东·济宁市,公立医院,综合医院,二级甲等,-,1936 年
莒南县红十字精神康复医院,NA,山东·济宁市,公立医院,综合医院,二级甲等,-,1936 年
莒南县中医院,NA,山东·济宁市,公立医院,综合医院,二级甲等,-,1936 年
巨野县中医院,NA,山东·济宁市,公立医院,综合医院,二级甲等,-,1936 年
莱芜市莱城区人民医院,NA,山东·济宁市,公立医院,综合医院,二级甲等,-,1936 年
莱西市立医院,NA,山东·济宁市,公立医院,综合医院,二级甲等,-,1936 年
莱西市人民医院,NA,山东·济宁市,公立医院,综合医院,二级甲等,-,1936 年
莱西市中医院,NA,山东·济宁市,公立医院,综合医院,二级甲等,-,1936 年
莱阳博爱骨科医院,NA,山东·济宁市,公立医院,综合医院,二级甲等,-,1936 年
莱阳市第二人民医院,NA,山东·济宁市,公立医院,综合医院,二级甲等,-,1936 年
莱阳市中医院,NA,山东·济宁市,公立医院,综合医院,二级甲等,-,1936 年
兰陵县妇幼保健院,NA,山东·济宁市,公立医院,综合医院,二级甲等,-,1936 年
兰陵县中医医院,NA,山东·济宁市,公立医院,综合医院,二级甲等,-,1936 年
兰山区妇幼保健院,NA,山东·济宁市,公立医院,综合医院,二级甲等,-,1936 年
