Hospital,Link,Location,Trade,Attribution,Grade,Scale,Establish
临沂金锣医院,NA,山东·临沂市,民营医院,综合医院,三级医院,-,-
鲁西骨科医院,NA,山东·临沂市,民营医院,综合医院,三级医院,-,-
平邑县人民医院,NA,山东·临沂市,民营医院,综合医院,三级医院,-,-
青岛恒康医院,NA,山东·临沂市,民营医院,综合医院,三级医院,-,-
青岛市城阳人民医院,NA,山东·临沂市,民营医院,综合医院,三级医院,-,-
青岛市第八人民医院,NA,山东·临沂市,民营医院,综合医院,三级医院,-,-
青岛市内分泌糖尿病医院,NA,山东·临沂市,民营医院,综合医院,三级医院,-,-
青岛市肿瘤医院,NA,山东·临沂市,民营医院,综合医院,三级医院,-,-
青岛思达心脏医院,NA,山东·临沂市,民营医院,综合医院,三级医院,-,-
青岛正阳心理医院,NA,山东·临沂市,民营医院,综合医院,三级医院,-,-
日照市妇幼保健院,NA,山东·临沂市,民营医院,综合医院,三级医院,-,-
荣成市人民医院,NA,山东·临沂市,民营医院,综合医院,三级医院,-,-
山东大学齐鲁医院南山分院,NA,山东·临沂市,民营医院,综合医院,三级医院,-,-
山东红十字眼科医院,NA,山东·临沂市,民营医院,综合医院,三级医院,-,-
山东侨联医院,NA,山东·临沂市,民营医院,综合医院,三级医院,-,-
山东省医学科学院第三附属医院,NA,山东·临沂市,民营医院,综合医院,三级医院,-,-
滕州启明眼科医院,NA,山东·临沂市,民营医院,综合医院,三级医院,-,-
潍坊医学院整形外科医院,NA,山东·临沂市,民营医院,综合医院,三级医院,-,-
烟台市牟平中医院,NA,山东·临沂市,民营医院,综合医院,三级医院,-,-
烟台业达医院,NA,山东·临沂市,民营医院,综合医院,三级医院,-,-
