Hospital,Link,Location,Trade,Attribution,Grade,Scale,Establish
青岛市第三人民医院,NA,山东·青岛市,公立医院,综合医院,三级丙等,-,1931 年
青岛西海岸新区人民医院,NA,山东·青岛市,公立医院,综合医院,三级丙等,-,1931 年
山东大学齐鲁医院青岛院区,NA,山东·青岛市,公立医院,综合医院,三级丙等,-,1931 年
山东泰安市立医院,NA,山东·青岛市,公立医院,综合医院,三级丙等,-,1931 年
潍坊眼科医院,NA,山东·青岛市,公立医院,综合医院,三级丙等,-,1931 年
