Hospital,Link,Location,Trade,Attribution,Grade,Scale,Establish
济南国际旅行卫生保健中心,NA,山东·济南市,公立医院,其他,未定级,20-99 人,1996 年
青岛华厦眼科医院,NA,山东·济南市,公立医院,其他,未定级,20-99 人,1996 年
山东第一医科大学附属内分泌与代谢病医院,NA,山东·济南市,公立医院,其他,未定级,20-99 人,1996 年
山东凯旋美奥历下口腔门诊部,NA,山东·济南市,公立医院,其他,未定级,20-99 人,1996 年
山东牙雅医疗科技有限公司口腔诊所,NA,山东·济南市,公立医院,其他,未定级,20-99 人,1996 年
沙土镇诊所,NA,山东·济南市,公立医院,其他,未定级,20-99 人,1996 年
济南市皮肤病防治院,NA,山东·济南市,公立医院,其他,未定级,20-99 人,1996 年
临淄现代医院,NA,山东·济南市,公立医院,其他,未定级,20-99 人,1996 年
临淄阳光口腔医院,NA,山东·济南市,公立医院,其他,未定级,20-99 人,1996 年
临淄仁学医院,NA,山东·济南市,公立医院,其他,未定级,20-99 人,1996 年
山东省女子监狱医院,NA,山东·济南市,公立医院,其他,未定级,20-99 人,1996 年
山东中医药大学中鲁医院,NA,山东·济南市,公立医院,其他,未定级,20-99 人,1996 年
山东政法学院医院,NA,山东·济南市,公立医院,其他,未定级,20-99 人,1996 年
临淄南金医院,NA,山东·济南市,公立医院,其他,未定级,20-99 人,1996 年
巨野博爱医院,NA,山东·济南市,公立医院,其他,未定级,20-99 人,1996 年
巨野友好医院,NA,山东·济南市,公立医院,其他,未定级,20-99 人,1996 年
兖州市人口计划生育局,NA,山东·济南市,公立医院,其他,未定级,20-99 人,1996 年
巨野德善医院,NA,山东·济南市,公立医院,其他,未定级,20-99 人,1996 年
