Hospital,Link,Location,Trade,Attribution,Grade,Scale,Establish
莱州爱尔眼科医院,NA,山东·烟台市,民营医院,专科医院,二级医院,-,2017 年
兰陵县芦柞中西医结合医院,NA,山东·烟台市,民营医院,专科医院,二级医院,-,2017 年
聊城博爱妇女儿童医院,NA,山东·烟台市,民营医院,专科医院,二级医院,-,2017 年
聊城大学医院,NA,山东·烟台市,民营医院,专科医院,二级医院,-,2017 年
聊城肛肠专科医院,NA,山东·烟台市,民营医院,专科医院,二级医院,-,2017 年
聊城鸿福医院,NA,山东·烟台市,民营医院,专科医院,二级医院,-,2017 年
聊城市白癜风医院,NA,山东·烟台市,民营医院,专科医院,二级医院,-,2017 年
聊城市高新区中澳合作医院,NA,山东·烟台市,民营医院,专科医院,二级医院,-,2017 年
临沂高新医院,NA,山东·烟台市,民营医院,专科医院,二级医院,-,2017 年
临沂口腔医院,NA,山东·烟台市,民营医院,专科医院,二级医院,-,2017 年
临沂临港开发区人民医院,NA,山东·烟台市,民营医院,专科医院,二级医院,-,2017 年
临沂强仕泌尿外科医院,NA,山东·烟台市,民营医院,专科医院,二级医院,-,2017 年
临沂市保生堂医院,NA,山东·烟台市,民营医院,专科医院,二级医院,-,2017 年
临沂市高新区人民医院,NA,山东·烟台市,民营医院,专科医院,二级医院,-,2017 年
临沂市河东区人民医院,NA,山东·烟台市,民营医院,专科医院,二级医院,-,2017 年
临沂市罗庄区人民医院,NA,山东·烟台市,民营医院,专科医院,二级医院,-,2017 年
临沂友好肛肠医院,NA,山东·烟台市,民营医院,专科医院,二级医院,-,2017 年
龙口市第二人民医院,NA,山东·烟台市,民营医院,专科医院,二级医院,-,2017 年
罗庄区红十字文德骨科医院,NA,山东·烟台市,民营医院,专科医院,二级医院,-,2017 年
蒙阴县仁康医院,NA,山东·烟台市,民营医院,专科医院,二级医院,-,2017 年
