Hospital,Link,Location,Trade,Attribution,Grade,Scale,Establish
山东省医学科学院附属医院,NA,山东·济南市,公立医院,综合医院,三级甲等,-,1953 年
山东手足外科医院,NA,山东·济南市,公立医院,综合医院,三级甲等,-,1953 年
山东中医药大学第二附属医院,NA,山东·济南市,公立医院,综合医院,三级甲等,-,1953 年
山东中医药大学附属医院,NA,山东·济南市,公立医院,综合医院,三级甲等,-,1953 年
上海东方医院胶州院区,NA,山东·济南市,公立医院,综合医院,三级甲等,-,1953 年
单县中心医院,NA,山东·济南市,公立医院,综合医院,三级甲等,-,1953 年
泰安市妇幼保健院,NA,山东·济南市,公立医院,综合医院,三级甲等,-,1953 年
滕州市中心人民医院,NA,山东·济南市,公立医院,综合医院,三级甲等,-,1953 年
同济大学附属东方医院胶州分院,NA,山东·济南市,公立医院,综合医院,三级甲等,-,1953 年
潍坊市妇幼保健院,NA,山东·济南市,公立医院,综合医院,三级甲等,-,1953 年
潍坊市益都中心医院,NA,山东·济南市,公立医院,综合医院,三级甲等,-,1953 年
潍坊市中医院,NA,山东·济南市,公立医院,综合医院,三级甲等,-,1953 年
潍坊潍城经济开发区医院,NA,山东·济南市,公立医院,综合医院,三级甲等,-,1953 年
威海市妇幼保健院,NA,山东·济南市,公立医院,综合医院,三级甲等,-,1953 年
威海市立第三医院,NA,山东·济南市,公立医院,综合医院,三级甲等,-,1953 年
威海市中心医院,NA,山东·济南市,公立医院,综合医院,三级甲等,-,1953 年
威海市中医院,NA,山东·济南市,公立医院,综合医院,三级甲等,-,1953 年
兖矿集团公司总医院济东院区,NA,山东·济南市,公立医院,综合医院,三级甲等,-,1953 年
烟台市心理康复医院,NA,山东·济南市,公立医院,综合医院,三级甲等,-,1953 年
烟台市烟台山医院,NA,山东·济南市,公立医院,综合医院,三级甲等,-,1953 年
