Hospital,Link,Location,Trade,Attribution,Grade,Scale,Establish
威海威里医院,NA,山东·,民营医院,综合医院,二级丙等,100-499 人,2005 年
济南国医堂医院,NA,山东·,民营医院,综合医院,二级丙等,100-499 人,2005 年
济南市历下区第三人民医院,NA,山东·,民营医院,综合医院,二级丙等,100-499 人,2005 年
鲁北高新技术开发区人民医院,NA,山东·,民营医院,综合医院,二级丙等,100-499 人,2005 年
日照华方中医院,NA,山东·,民营医院,综合医院,二级丙等,100-499 人,2005 年
