Hospital,Link,Location,Trade,Attribution,Grade,Scale,Establish
济南第二机床职工医院,NA,山东·济南市,公立医院,综合医院,二级甲等,-,-
济南郭店铁矿职工医院,NA,山东·济南市,公立医院,综合医院,二级甲等,-,-
济南市长清区人民医院,NA,山东·济南市,公立医院,综合医院,二级甲等,-,-
济南市长清区中医医院,NA,山东·济南市,公立医院,综合医院,二级甲等,-,-
济南市第七人民医院,NA,山东·济南市,公立医院,综合医院,二级甲等,-,-
济南市第三人民医院,NA,山东·济南市,公立医院,综合医院,二级甲等,-,-
济南市第五人民医院,NA,山东·济南市,公立医院,综合医院,二级甲等,-,-
济南市第一人民医院,NA,山东·济南市,公立医院,综合医院,二级甲等,-,-
济南市槐荫人民医院,NA,山东·济南市,公立医院,综合医院,二级甲等,-,-
济南市济钢医院,NA,山东·济南市,公立医院,综合医院,二级甲等,-,-
济南市济阳区中医医院,NA,山东·济南市,公立医院,综合医院,二级甲等,-,-
济南市历城区人民医院,NA,山东·济南市,公立医院,综合医院,二级甲等,-,-
济南市历下区人民医院,NA,山东·济南市,公立医院,综合医院,二级甲等,-,-
济南市历下区中医院,NA,山东·济南市,公立医院,综合医院,二级甲等,-,-
济南市西城人民医院,NA,山东·济南市,公立医院,综合医院,二级甲等,-,-
济南市中区人民医院,NA,山东·济南市,公立医院,综合医院,二级甲等,-,-
济南医院,NA,山东·济南市,公立医院,综合医院,二级甲等,-,-
济宁骨伤医院,NA,山东·济南市,公立医院,综合医院,二级甲等,-,-
济宁市第二人民医院,NA,山东·济南市,公立医院,综合医院,二级甲等,-,-
济宁市第四人民医院,NA,山东·济南市,公立医院,综合医院,二级甲等,-,-
