Hospital,Link,Location,Trade,Attribution,Grade,Scale,Establish
济南华视眼科医院,NA,山东·济南市,民营医院,专科医院,二级医院,-,2018 年
济南济东口腔医院,NA,山东·济南市,民营医院,专科医院,二级医院,-,2018 年
济南美康医院,NA,山东·济南市,民营医院,专科医院,二级医院,-,2018 年
济南普济医院,NA,山东·济南市,民营医院,专科医院,二级医院,-,2018 年
济南齐鲁花园医院,NA,山东·济南市,民营医院,专科医院,二级医院,-,2018 年
济南神康医院,NA,山东·济南市,民营医院,专科医院,二级医院,-,2018 年
济南市第二皮肤病防治院,NA,山东·济南市,民营医院,专科医院,二级医院,-,2018 年
济南同济医院,NA,山东·济南市,民营医院,专科医院,二级医院,-,2018 年
济南西城医院,NA,山东·济南市,民营医院,专科医院,二级医院,-,2018 年
济南银屑病医院,NA,山东·济南市,民营医院,专科医院,二级医院,-,2018 年
济南中医风湿病医院,NA,山东·济南市,民营医院,专科医院,二级医院,-,2018 年
济南中医康复医院,NA,山东·济南市,民营医院,专科医院,二级医院,-,2018 年
济宁老年血管病医院,NA,山东·济南市,民营医院,专科医院,二级医院,-,2018 年
济宁市兖州区口腔医院,NA,山东·济南市,民营医院,专科医院,二级医院,-,2018 年
金乡县计划生育妇幼保健服务中心,NA,山东·济南市,民营医院,专科医院,二级医院,-,2018 年
金乡县中医院,NA,山东·济南市,民营医院,专科医院,二级医院,-,2018 年
鄄城县第二人民医院,NA,山东·济南市,民营医院,专科医院,二级医院,-,2018 年
巨野煤田中心医院,NA,山东·济南市,民营医院,专科医院,二级医院,-,2018 年
巨野县麟州医院,NA,山东·济南市,民营医院,专科医院,二级医院,-,2018 年
莱钢集团莱芜矿业有限公司医院,NA,山东·济南市,民营医院,专科医院,二级医院,-,2018 年
