Hospital,Link,Location,Trade,Attribution,Grade,Scale,Establish
平阴县中医院,NA,山东·济南市,公立医院,专科医院,二级甲等,-,-
平原县第一人民医院,NA,山东·济南市,公立医院,专科医院,二级甲等,-,-
平原县龙门医院,NA,山东·济南市,公立医院,专科医院,二级甲等,-,-
平原县中医院,NA,山东·济南市,公立医院,专科医院,二级甲等,-,-
齐河县人民医院,NA,山东·济南市,公立医院,专科医院,二级甲等,-,-
青岛城阳古镇正骨医院,NA,山东·济南市,公立医院,专科医院,二级甲等,-,-
青岛大学医学院松山医院,NA,山东·济南市,公立医院,专科医院,二级甲等,-,-
青岛德仁医院,NA,山东·济南市,公立医院,专科医院,二级甲等,-,-
青岛浮新医院,NA,山东·济南市,公立医院,专科医院,二级甲等,-,-
青岛肛泰肛肠医院,NA,山东·济南市,公立医院,专科医院,二级甲等,-,-
青岛钢铁总公司职工医院,NA,山东·济南市,公立医院,专科医院,二级甲等,-,-
青岛静康医院,NA,山东·济南市,公立医院,专科医院,二级甲等,-,-
青岛脊椎病医院,NA,山东·济南市,公立医院,专科医院,二级甲等,-,-
青岛市按摩康复医院,NA,山东·济南市,公立医院,专科医院,二级甲等,-,-
青岛市城阳区第二人民医院,NA,山东·济南市,公立医院,专科医院,二级甲等,-,-
青岛市第九人民医院,NA,山东·济南市,公立医院,专科医院,二级甲等,-,-
青岛市第四人民医院,NA,山东·济南市,公立医院,专科医院,二级甲等,-,-
青岛市浮山医院,NA,山东·济南市,公立医院,专科医院,二级甲等,-,-
青岛市交通医院,NA,山东·济南市,公立医院,专科医院,二级甲等,-,-
青岛市即墨区人民医院,NA,山东·济南市,公立医院,专科医院,二级甲等,-,-
