Hospital,Link,Location,Trade,Attribution,Grade,Scale,Establish
淄博昌国医院,NA,山东·淄博市,民营医院,综合医院,二级甲等,100-499 人,2006 年
安丘市妇幼保健院,NA,山东·淄博市,民营医院,综合医院,二级甲等,100-499 人,2006 年
安丘市中医院,NA,山东·淄博市,民营医院,综合医院,二级甲等,100-499 人,2006 年
滨城区市立医院,NA,山东·淄博市,民营医院,综合医院,二级甲等,100-499 人,2006 年
滨州经济技术开发区人民医院,NA,山东·淄博市,民营医院,综合医院,二级甲等,100-499 人,2006 年
滨州市精神病医院,NA,山东·淄博市,民营医院,综合医院,二级甲等,100-499 人,2006 年
博兴县人民医院,NA,山东·淄博市,民营医院,综合医院,二级甲等,100-499 人,2006 年
博兴县中医院,NA,山东·淄博市,民营医院,综合医院,二级甲等,100-499 人,2006 年
曹县职工医院,NA,山东·淄博市,民营医院,综合医院,二级甲等,100-499 人,2006 年
长岛县人民医院,NA,山东·淄博市,民营医院,综合医院,二级甲等,100-499 人,2006 年
昌乐县中医院,NA,山东·淄博市,民营医院,综合医院,二级甲等,100-499 人,2006 年
昌邑市人民医院,NA,山东·淄博市,民营医院,综合医院,二级甲等,100-499 人,2006 年
昌邑市中医院,NA,山东·淄博市,民营医院,综合医院,二级甲等,100-499 人,2006 年
成武县妇幼保健院,NA,山东·淄博市,民营医院,综合医院,二级甲等,100-499 人,2006 年
成武县中医医院,NA,山东·淄博市,民营医院,综合医院,二级甲等,100-499 人,2006 年
茌平县人民医院,NA,山东·淄博市,民营医院,综合医院,二级甲等,100-499 人,2006 年
茌平县中医院,NA,山东·淄博市,民营医院,综合医院,二级甲等,100-499 人,2006 年
德城区妇幼保健院,NA,山东·淄博市,民营医院,综合医院,二级甲等,100-499 人,2006 年
德州市陵城区人民医院,NA,山东·淄博市,民营医院,综合医院,二级甲等,100-499 人,2006 年
德州市陵城区中医院,NA,山东·淄博市,民营医院,综合医院,二级甲等,100-499 人,2006 年
