Hospital,Link,Location,Trade,Attribution,Grade,Scale,Establish
烟台市中医医院,NA,山东·烟台市,公立医院,专科医院,三级甲等,-,1958 年
沂水中心医院,NA,山东·烟台市,公立医院,专科医院,三级甲等,-,1958 年
枣庄市妇幼保健院,NA,山东·烟台市,公立医院,专科医院,三级甲等,-,1958 年
枣庄市立第二医院,NA,山东·烟台市,公立医院,专科医院,三级甲等,-,1958 年
枣庄市立医院,NA,山东·烟台市,公立医院,专科医院,三级甲等,-,1958 年
中国人民解放军第八十八医院,NA,山东·烟台市,公立医院,专科医院,三级甲等,-,1958 年
中国人民解放军第四五六医院,NA,山东·烟台市,公立医院,专科医院,三级甲等,-,1958 年
中国人民解放军第一Ｏ七中心医院,NA,山东·烟台市,公立医院,专科医院,三级甲等,-,1958 年
中国人民解放军海军第971医院,NA,山东·烟台市,公立医院,专科医院,三级甲等,-,1958 年
中国人民解放军海军第九七一医院,NA,山东·烟台市,公立医院,专科医院,三级甲等,-,1958 年
中国人民解放军联勤保障部队第九六〇医院,NA,山东·烟台市,公立医院,专科医院,三级甲等,-,1958 年
中国人民解放军陆军第80集团军医院,NA,山东·烟台市,公立医院,专科医院,三级甲等,-,1958 年
中国人民武警部队山东省总队医院,NA,山东·烟台市,公立医院,专科医院,三级甲等,-,1958 年
诸城中医医院,NA,山东·烟台市,公立医院,专科医院,三级甲等,-,1958 年
淄博市第一医院,NA,山东·烟台市,公立医院,专科医院,三级甲等,-,1958 年
淄博市中西医结合医院,NA,山东·烟台市,公立医院,专科医院,三级甲等,-,1958 年
邹平县中医院,NA,山东·烟台市,公立医院,专科医院,三级甲等,-,1958 年
