Hospital,Link,Location,Trade,Attribution,Grade,Scale,Establish
山东枣庄市康复医院,NA,山东·枣庄市,公立医院,综合医院,二级医院,-,-
单县和平康复医院,NA,山东·枣庄市,公立医院,综合医院,二级医院,-,-
莘县第三人民医院,NA,山东·枣庄市,公立医院,综合医院,二级医院,-,-
寿光晨鸣医院,NA,山东·枣庄市,公立医院,综合医院,二级医院,-,-
寿光光明眼科医院,NA,山东·枣庄市,公立医院,综合医院,二级医院,-,-
寿光和信医院,NA,山东·枣庄市,公立医院,综合医院,二级医院,-,-
寿光市西城中心医院,NA,山东·枣庄市,公立医院,综合医院,二级医院,-,-
泰安仁济创伤外科医院,NA,山东·枣庄市,公立医院,综合医院,二级医院,-,-
泰安市长城医院,NA,山东·枣庄市,公立医院,综合医院,二级医院,-,-
泰安市第四人民医院,NA,山东·枣庄市,公立医院,综合医院,二级医院,-,-
泰安市泰山区人民医院,NA,山东·枣庄市,公立医院,综合医院,二级医院,-,-
泰安市中医医院西院区,NA,山东·枣庄市,公立医院,综合医院,二级医院,-,-
泰安心康医院,NA,山东·枣庄市,公立医院,综合医院,二级医院,-,-
泰山医学院明堂医院,NA,山东·枣庄市,公立医院,综合医院,二级医院,-,-
潍坊长安泌尿外科医院,NA,山东·枣庄市,公立医院,综合医院,二级医院,-,-
潍坊都市妇产医院,NA,山东·枣庄市,公立医院,综合医院,二级医院,-,-
潍坊和睦家妇婴医院,NA,山东·枣庄市,公立医院,综合医院,二级医院,-,-
潍坊奎文长安医院,NA,山东·枣庄市,公立医院,综合医院,二级医院,-,-
潍坊市第六人民医院,NA,山东·枣庄市,公立医院,综合医院,二级医院,-,-
潍坊同心医院,NA,山东·枣庄市,公立医院,综合医院,二级医院,-,-
