Hospital,Link,Location,Trade,Attribution,Grade,Scale,Establish
青岛市市北区人民医院,NA,山东·青岛市,公立医院,综合医院,二级甲等,-,-
青岛市市南区人民医院,NA,山东·青岛市,公立医院,综合医院,二级甲等,-,-
青岛市台东区医院,NA,山东·青岛市,公立医院,综合医院,二级甲等,-,-
青岛西海岸新区第二人民医院,NA,山东·青岛市,公立医院,综合医院,二级甲等,-,-
庆云县人民医院,NA,山东·青岛市,公立医院,综合医院,二级甲等,-,-
青州市人民医院,NA,山东·青岛市,公立医院,综合医院,二级甲等,-,-
青州市荣军康复医院,NA,山东·青岛市,公立医院,综合医院,二级甲等,-,-
青州市中医院,NA,山东·青岛市,公立医院,综合医院,二级甲等,-,-
曲阜红星医院,NA,山东·青岛市,公立医院,综合医院,二级甲等,-,-
曲阜市人民医院,NA,山东·青岛市,公立医院,综合医院,二级甲等,-,-
日照港口医院,NA,山东·青岛市,公立医院,综合医院,二级甲等,-,-
日照市精神卫生中心,NA,山东·青岛市,公立医院,综合医院,二级甲等,-,-
日照市岚山区人民医院,NA,山东·青岛市,公立医院,综合医院,二级甲等,-,-
荣成市石岛人民医院,NA,山东·青岛市,公立医院,综合医院,二级甲等,-,-
荣成市整骨医院,NA,山东·青岛市,公立医院,综合医院,二级甲等,-,-
乳山市中医院,NA,山东·青岛市,公立医院,综合医院,二级甲等,-,-
山东电力中心医院,NA,山东·青岛市,公立医院,综合医院,二级甲等,-,-
山东湖田劳动改造管教支队医院,NA,山东·青岛市,公立医院,综合医院,二级甲等,-,-
山东铝业公司医院,NA,山东·青岛市,公立医院,综合医院,二级甲等,-,-
山东省地矿职工医院,NA,山东·青岛市,公立医院,综合医院,二级甲等,-,-
