Hospital,Link,Location,Trade,Attribution,Grade,Scale,Establish
商丘市口腔医院,NA,河南·商丘市,民营医院,专科医院,二级医院,-,-
商丘市神经专科医院,NA,河南·商丘市,民营医院,专科医院,二级医院,-,-
商丘市示范区人民医院,NA,河南·商丘市,民营医院,专科医院,二级医院,-,-
商水县妇幼保健院,NA,河南·商丘市,民营医院,专科医院,二级医院,-,-
商水豫东平民医院,NA,河南·商丘市,民营医院,专科医院,二级医院,-,-
商水中洲医院,NA,河南·商丘市,民营医院,专科医院,二级医院,-,-
召陵湘江医院,NA,河南·商丘市,民营医院,专科医院,二级医院,-,-
睢县公费医疗医院,NA,河南·商丘市,民营医院,专科医院,二级医院,-,-
睢阳区老年病医院,NA,河南·商丘市,民营医院,专科医院,二级医院,-,-
漯河市第三人民医院,NA,河南·商丘市,民营医院,专科医院,二级医院,-,-
漯河市召陵区人民医院,NA,河南·商丘市,民营医院,专科医院,二级医院,-,-
台前县第二人民医院,NA,河南·商丘市,民营医院,专科医院,二级医院,-,-
桐柏县第三人民医院,NA,河南·商丘市,民营医院,专科医院,二级医院,-,-
桐柏县人民医院,NA,河南·商丘市,民营医院,专科医院,二级医院,-,-
万州佳明康复医院,NA,河南·商丘市,民营医院,专科医院,二级医院,-,-
武陟县社会保险医院,NA,河南·商丘市,民营医院,专科医院,二级医院,-,-
襄城县人民医院,NA,河南·商丘市,民营医院,专科医院,二级医院,-,-
夏邑县第三人民医院,NA,河南·商丘市,民营医院,专科医院,二级医院,-,-
西华仁善中医院,NA,河南·商丘市,民营医院,专科医院,二级医院,-,-
新安县第二人民医院,NA,河南·商丘市,民营医院,专科医院,二级医院,-,-
