Hospital,Link,Location,Trade,Attribution,Grade,Scale,Establish
获嘉县红十字医院,NA,河南·新乡市,民营医院,综合医院,二级医院,-,2005 年
焦作高新区锦祥医院,NA,河南·新乡市,民营医院,综合医院,二级医院,-,2005 年
焦作山阳医院,NA,河南·新乡市,民营医院,综合医院,二级医院,-,2005 年
焦作市精神病院,NA,河南·新乡市,民营医院,综合医院,二级医院,-,2005 年
焦作市马村区人民医院,NA,河南·新乡市,民营医院,综合医院,二级医院,-,2005 年
焦作同仁医院,NA,河南·新乡市,民营医院,综合医院,二级医院,-,2005 年
焦作职工医学院附属医院,NA,河南·新乡市,民营医院,综合医院,二级医院,-,2005 年
济源市第三人民医院,NA,河南·新乡市,民营医院,综合医院,二级医院,-,2005 年
开封市第五人民医院,NA,河南·新乡市,民营医院,综合医院,二级医院,-,2005 年
开封市祥符区第二人民医院,NA,河南·新乡市,民营医院,综合医院,二级医院,-,2005 年
开封市祥符区中医院,NA,河南·新乡市,民营医院,综合医院,二级医院,-,2005 年
开封祥符安定精神病医院,NA,河南·新乡市,民营医院,综合医院,二级医院,-,2005 年
兰考县康宁医院,NA,河南·新乡市,民营医院,综合医院,二级医院,-,2005 年
梁园区长征人民医院,NA,河南·新乡市,民营医院,综合医院,二级医院,-,2005 年
临颖县社会保险医院,NA,河南·新乡市,民营医院,综合医院,二级医院,-,2005 年
林州市第二人民医院,NA,河南·新乡市,民营医院,综合医院,二级医院,-,2005 年
栾川县人民医院,NA,河南·新乡市,民营医院,综合医院,二级医院,-,2005 年
栾川县中医院,NA,河南·新乡市,民营医院,综合医院,二级医院,-,2005 年
洛宁博爱医院,NA,河南·新乡市,民营医院,综合医院,二级医院,-,2005 年
洛阳北方企业集团医院,NA,河南·新乡市,民营医院,综合医院,二级医院,-,2005 年
