Hospital,Link,Location,Trade,Attribution,Grade,Scale,Establish
安阳市第二人民医院,NA,河南·安阳市,公立医院,综合医院,二级甲等,-,1956 年
安阳市第五人民医院,NA,河南·安阳市,公立医院,综合医院,二级甲等,-,1956 年
安阳市妇幼保健院,NA,河南·安阳市,公立医院,综合医院,二级甲等,-,1956 年
安阳市滑县中医院,NA,河南·安阳市,公立医院,综合医院,二级甲等,-,1956 年
安阳市脉管炎医院,NA,河南·安阳市,公立医院,综合医院,二级甲等,-,1956 年
安阳县中医医院,NA,河南·安阳市,公立医院,综合医院,二级甲等,-,1956 年
安阳中医药学校附属医院,NA,河南·安阳市,公立医院,综合医院,二级甲等,-,1956 年
宝丰县第四人民医院,NA,河南·安阳市,公立医院,综合医院,二级甲等,-,1956 年
宝丰县人民医院,NA,河南·安阳市,公立医院,综合医院,二级甲等,-,1956 年
宝丰县中医院,NA,河南·安阳市,公立医院,综合医院,二级甲等,-,1956 年
泌阳县人民医院,NA,河南·安阳市,公立医院,综合医院,二级甲等,-,1956 年
泌阳县中医院,NA,河南·安阳市,公立医院,综合医院,二级甲等,-,1956 年
博爱县妇幼保健院,NA,河南·安阳市,公立医院,综合医院,二级甲等,-,1956 年
博爱县人民医院,NA,河南·安阳市,公立医院,综合医院,二级甲等,-,1956 年
长葛市人民医院,NA,河南·安阳市,公立医院,综合医院,二级甲等,-,1956 年
长葛市中医院,NA,河南·安阳市,公立医院,综合医院,二级甲等,-,1956 年
长垣县第三人民医院,NA,河南·安阳市,公立医院,综合医院,二级甲等,-,1956 年
长垣县人民医院,NA,河南·安阳市,公立医院,综合医院,二级甲等,-,1956 年
长垣县中医院,NA,河南·安阳市,公立医院,综合医院,二级甲等,-,1956 年
郸城县人民医院,NA,河南·安阳市,公立医院,综合医院,二级甲等,-,1956 年
