Hospital,Link,Location,Trade,Attribution,Grade,Scale,Establish
焦作市第二人民医院,NA,河南·焦作市,公立医院,综合医院,三级甲等,-,1965 年
焦作市人民医院,NA,河南·焦作市,公立医院,综合医院,三级甲等,-,1965 年
焦作市中医院,NA,河南·焦作市,公立医院,综合医院,三级甲等,-,1965 年
开封市中心医院,NA,河南·焦作市,公立医院,综合医院,三级甲等,-,1965 年
开封市中医院,NA,河南·焦作市,公立医院,综合医院,三级甲等,-,1965 年
开封市中医院南院,NA,河南·焦作市,公立医院,综合医院,三级甲等,-,1965 年
洛阳市第二中医院,NA,河南·焦作市,公立医院,综合医院,三级甲等,-,1965 年
洛阳市第一中医院,NA,河南·焦作市,公立医院,综合医院,三级甲等,-,1965 年
南阳市第二人民医院,NA,河南·焦作市,公立医院,综合医院,三级甲等,-,1965 年
南阳市第一人民医院,NA,河南·焦作市,公立医院,综合医院,三级甲等,-,1965 年
南阳市中心医院,NA,河南·焦作市,公立医院,综合医院,三级甲等,-,1965 年
南阳市中医院,NA,河南·焦作市,公立医院,综合医院,三级甲等,-,1965 年
南阳医学高等专科学校第一附属医院,NA,河南·焦作市,公立医院,综合医院,三级甲等,-,1965 年
平顶山市第一人民医院,NA,河南·焦作市,公立医院,综合医院,三级甲等,-,1965 年
平顶山市郏县人民医院,NA,河南·焦作市,公立医院,综合医院,三级甲等,-,1965 年
平顶山市中医医院,NA,河南·焦作市,公立医院,综合医院,三级甲等,-,1965 年
濮阳市人民医院,NA,河南·焦作市,公立医院,综合医院,三级甲等,-,1965 年
濮阳市油田总医院,NA,河南·焦作市,公立医院,综合医院,三级甲等,-,1965 年
濮阳市中医院,NA,河南·焦作市,公立医院,综合医院,三级甲等,-,1965 年
三门峡市中医院,NA,河南·焦作市,公立医院,综合医院,三级甲等,-,1965 年
