Hospital,Link,Location,Trade,Attribution,Grade,Scale,Establish
兰考县中心医院,NA,河南·开封市,公立医院,综合医院,二级甲等,-,2011 年
兰考县中医院,NA,河南·开封市,公立医院,综合医院,二级甲等,-,2011 年
乐凯集团第二胶片厂职工医院,NA,河南·开封市,公立医院,综合医院,二级甲等,-,2011 年
灵宝市第一人民医院,NA,河南·开封市,公立医院,综合医院,二级甲等,-,2011 年
灵宝市中医院,NA,河南·开封市,公立医院,综合医院,二级甲等,-,2011 年
临颍县红十字骨病医院,NA,河南·开封市,公立医院,综合医院,二级甲等,-,2011 年
临颍县中医院,NA,河南·开封市,公立医院,综合医院,二级甲等,-,2011 年
林州市人民医院,NA,河南·开封市,公立医院,综合医院,二级甲等,-,2011 年
林州市肿瘤医院,NA,河南·开封市,公立医院,综合医院,二级甲等,-,2011 年
洛宁县人民医院,NA,河南·开封市,公立医院,综合医院,二级甲等,-,2011 年
洛宁县中医院,NA,河南·开封市,公立医院,综合医院,二级甲等,-,2011 年
罗山县人民医院,NA,河南·开封市,公立医院,综合医院,二级甲等,-,2011 年
罗山县中医院,NA,河南·开封市,公立医院,综合医院,二级甲等,-,2011 年
洛阳市精神卫生中心,NA,河南·开封市,公立医院,综合医院,二级甲等,-,2011 年
洛阳市嵩县中医院,NA,河南·开封市,公立医院,综合医院,二级甲等,-,2011 年
洛阳市肿瘤医院,NA,河南·开封市,公立医院,综合医院,二级甲等,-,2011 年
鲁山县人民医院,NA,河南·开封市,公立医院,综合医院,二级甲等,-,2011 年
卢氏县中医院,NA,河南·开封市,公立医院,综合医院,二级甲等,-,2011 年
鹿邑县人民医院,NA,河南·开封市,公立医院,综合医院,二级甲等,-,2011 年
孟津县中医院,NA,河南·开封市,公立医院,综合医院,二级甲等,-,2011 年
