Hospital,Link,Location,Trade,Attribution,Grade,Scale,Establish
南乐县人民医院,NA,河南·濮阳市,公立医院,综合医院,二级乙等,-,1950 年
南乐中兴医院,NA,河南·濮阳市,公立医院,综合医院,二级乙等,-,1950 年
南阳市宛城区第一人民医院,NA,河南·濮阳市,公立医院,综合医院,二级乙等,-,1950 年
宁陵县中心医院,NA,河南·濮阳市,公立医院,综合医院,二级乙等,-,1950 年
平顶山市叶县中医院,NA,河南·濮阳市,公立医院,综合医院,二级乙等,-,1950 年
平顶山中心医院宝丰分院,NA,河南·濮阳市,公立医院,综合医院,二级乙等,-,1950 年
平煤集团高庄矿职工医院,NA,河南·濮阳市,公立医院,综合医院,二级乙等,-,1950 年
确山县第一人民医院,NA,河南·濮阳市,公立医院,综合医院,二级乙等,-,1950 年
三门峡市陕州区人民医院,NA,河南·濮阳市,公立医院,综合医院,二级乙等,-,1950 年
商城县人民医院,NA,河南·濮阳市,公立医院,综合医院,二级乙等,-,1950 年
商城县中医院,NA,河南·濮阳市,公立医院,综合医院,二级乙等,-,1950 年
漯河市郾城区人民医院,NA,河南·濮阳市,公立医院,综合医院,二级乙等,-,1950 年
漯河市源汇区中心医院,NA,河南·濮阳市,公立医院,综合医院,二级乙等,-,1950 年
铁道部第十五工程局中心医院,NA,河南·濮阳市,公立医院,综合医院,二级乙等,-,1950 年
铁道部隧道工程局中心医院,NA,河南·濮阳市,公立医院,综合医院,二级乙等,-,1950 年
卫辉市华新医院,NA,河南·濮阳市,公立医院,综合医院,二级乙等,-,1950 年
武警8680部队医院,NA,河南·濮阳市,公立医院,综合医院,二级乙等,-,1950 年
舞阳县中心医院,NA,河南·濮阳市,公立医院,综合医院,二级乙等,-,1950 年
武陟县公费医疗医院,NA,河南·濮阳市,公立医院,综合医院,二级乙等,-,1950 年
襄城县第二人民医院,NA,河南·濮阳市,公立医院,综合医院,二级乙等,-,1950 年
