Hospital,Link,Location,Trade,Attribution,Grade,Scale,Establish
商丘市第一人民医院,NA,河南·商丘市,公立医院,综合医院,三级甲等,-,1912 年
漯河市中医院,NA,河南·商丘市,公立医院,综合医院,三级甲等,-,1912 年
武警河南总队医院,NA,河南·商丘市,公立医院,综合医院,三级甲等,-,1912 年
新乡市第一人民医院,NA,河南·商丘市,公立医院,综合医院,三级甲等,-,1912 年
新乡市中心东区医院,NA,河南·商丘市,公立医院,综合医院,三级甲等,-,1912 年
新乡市中心医院,NA,河南·商丘市,公立医院,综合医院,三级甲等,-,1912 年
信阳市中心医院,NA,河南·商丘市,公立医院,综合医院,三级甲等,-,1912 年
许昌市中心医院,NA,河南·商丘市,公立医院,综合医院,三级甲等,-,1912 年
许昌市中医院,NA,河南·商丘市,公立医院,综合医院,三级甲等,-,1912 年
郑州大学附属洛阳中心医院,NA,河南·商丘市,公立医院,综合医院,三级甲等,-,1912 年
郑州市第七人民医院,NA,河南·商丘市,公立医院,综合医院,三级甲等,-,1912 年
郑州市第一人民医院,NA,河南·商丘市,公立医院,综合医院,三级甲等,-,1912 年
郑州市儿童医院,NA,河南·商丘市,公立医院,综合医院,三级甲等,-,1912 年
郑州市中医院,NA,河南·商丘市,公立医院,综合医院,三级甲等,-,1912 年
中国人民解放军第九十一中心医院,NA,河南·商丘市,公立医院,综合医院,三级甲等,-,1912 年
中国人民解放军第一五二医院,NA,河南·商丘市,公立医院,综合医院,三级甲等,-,1912 年
中国人民解放军第一五五医院,NA,河南·商丘市,公立医院,综合医院,三级甲等,-,1912 年
中国人民解放军联勤保障部队第九八八医院,NA,河南·商丘市,公立医院,综合医院,三级甲等,-,1912 年
中国人民解放军陆军第83集团军医院,NA,河南·商丘市,公立医院,综合医院,三级甲等,-,1912 年
中国人民解放军一五三中心医院东区,NA,河南·商丘市,公立医院,综合医院,三级甲等,-,1912 年
