Hospital,Link,Location,Trade,Attribution,Grade,Scale,Establish
郑州市骨科医院,NA,河南·郑州市,公立医院,专科医院,三级甲等,1000 人以上,1952 年
郑州市中心医院,NA,河南·郑州市,公立医院,专科医院,三级甲等,1000 人以上,1952 年
郑州中医骨伤病医院,NA,河南·郑州市,公立医院,专科医院,三级甲等,1000 人以上,1952 年
中国平煤神马集团总医院,NA,河南·郑州市,公立医院,专科医院,三级甲等,1000 人以上,1952 年
驻马店市中心医院,NA,河南·郑州市,公立医院,专科医院,三级甲等,1000 人以上,1952 年
安阳市人民医院,NA,河南·郑州市,公立医院,专科医院,三级甲等,1000 人以上,1952 年
安阳市肿瘤医院,NA,河南·郑州市,公立医院,专科医院,三级甲等,1000 人以上,1952 年
鹤壁市人民医院,NA,河南·郑州市,公立医院,专科医院,三级甲等,1000 人以上,1952 年
鹤煤集团六矿医院,NA,河南·郑州市,公立医院,专科医院,三级甲等,1000 人以上,1952 年
河南大学第一附属医院,NA,河南·郑州市,公立医院,专科医院,三级甲等,1000 人以上,1952 年
河南大学淮河医院,NA,河南·郑州市,公立医院,专科医院,三级甲等,1000 人以上,1952 年
河南科技大学第一附属医院新区医院,NA,河南·郑州市,公立医院,专科医院,三级甲等,1000 人以上,1952 年
河南能源焦煤中央医院,NA,河南·郑州市,公立医院,专科医院,三级甲等,1000 人以上,1952 年
河南省第二儿童医院,NA,河南·郑州市,公立医院,专科医院,三级甲等,1000 人以上,1952 年
河南省洛阳正骨医院,NA,河南·郑州市,公立医院,专科医院,三级甲等,1000 人以上,1952 年
河南省中医药研究院附属医院,NA,河南·郑州市,公立医院,专科医院,三级甲等,1000 人以上,1952 年
河南省中医院,NA,河南·郑州市,公立医院,专科医院,三级甲等,1000 人以上,1952 年
河南省周口市中医院附属电力医院,NA,河南·郑州市,公立医院,专科医院,三级甲等,1000 人以上,1952 年
河南中医药大学第三附属医院,NA,河南·郑州市,公立医院,专科医院,三级甲等,1000 人以上,1952 年
河南中医药大学第一附属医院,NA,河南·郑州市,公立医院,专科医院,三级甲等,1000 人以上,1952 年
