Hospital,Link,Location,Trade,Attribution,Grade,Scale,Establish
登封市人民医院,NA,河南·郑州市,公立医院,综合医院,三级医院,1000 人以上,1951 年
河南宏力医院,NA,河南·郑州市,公立医院,综合医院,三级医院,1000 人以上,1951 年
河南省直第三人民医院,NA,河南·郑州市,公立医院,综合医院,三级医院,1000 人以上,1951 年
洛阳东方医院,NA,河南·郑州市,公立医院,综合医院,三级医院,1000 人以上,1951 年
洛阳市妇幼保健院,NA,河南·郑州市,公立医院,综合医院,三级医院,1000 人以上,1951 年
南阳市第四人民医院,NA,河南·郑州市,公立医院,综合医院,三级医院,1000 人以上,1951 年
商丘市中医院,NA,河南·郑州市,公立医院,综合医院,三级医院,1000 人以上,1951 年
新乡市第二人民医院,NA,河南·郑州市,公立医院,综合医院,三级医院,1000 人以上,1951 年
新乡医学院第三附属医院,NA,河南·郑州市,公立医院,综合医院,三级医院,1000 人以上,1951 年
郑州市第二人民医院,NA,河南·郑州市,公立医院,综合医院,三级医院,1000 人以上,1951 年
郑州市第九人民医院,NA,河南·郑州市,公立医院,综合医院,三级医院,1000 人以上,1951 年
郑州颐和医院,NA,河南·郑州市,公立医院,综合医院,三级医院,1000 人以上,1951 年
安钢职工总医院,NA,河南·郑州市,公立医院,综合医院,三级医院,1000 人以上,1951 年
安阳市第六人民医院,NA,河南·郑州市,公立医院,综合医院,三级医院,1000 人以上,1951 年
安阳市第三人民医院,NA,河南·郑州市,公立医院,综合医院,三级医院,1000 人以上,1951 年
河南省第二人民医院,NA,河南·郑州市,公立医院,综合医院,三级医院,1000 人以上,1951 年
河南省立眼科医院,NA,河南·郑州市,公立医院,综合医院,三级医院,1000 人以上,1951 年
河南省职工医院,NA,河南·郑州市,公立医院,综合医院,三级医院,1000 人以上,1951 年
河南天佑国际肿瘤医院,NA,河南·郑州市,公立医院,综合医院,三级医院,1000 人以上,1951 年
焦作市妇幼保健院,NA,河南·郑州市,公立医院,综合医院,三级医院,1000 人以上,1951 年
