Hospital,Link,Location,Trade,Attribution,Grade,Scale,Establish
焦作市温县第二人民医院,NA,河南·焦作市,公立医院,综合医院,二级甲等,-,1984 年
焦作市温县人民医院,NA,河南·焦作市,公立医院,综合医院,二级甲等,-,1984 年
郏县第二人民医院,NA,河南·焦作市,公立医院,综合医院,二级甲等,-,1984 年
济源市妇幼保健院,NA,河南·焦作市,公立医院,综合医院,二级甲等,-,1984 年
济源市中医院,NA,河南·焦作市,公立医院,综合医院,二级甲等,-,1984 年
济源卫校附属医院,NA,河南·焦作市,公立医院,综合医院,二级甲等,-,1984 年
开封市第二人民医院,NA,河南·焦作市,公立医院,综合医院,二级甲等,-,1984 年
开封市第二中医院,NA,河南·焦作市,公立医院,综合医院,二级甲等,-,1984 年
开封市第六人民医院,NA,河南·焦作市,公立医院,综合医院,二级甲等,-,1984 年
开封市第三人民医院,NA,河南·焦作市,公立医院,综合医院,二级甲等,-,1984 年
开封市妇产医院,NA,河南·焦作市,公立医院,综合医院,二级甲等,-,1984 年
开封市妇幼保健院,NA,河南·焦作市,公立医院,综合医院,二级甲等,-,1984 年
开封市回族医院,NA,河南·焦作市,公立医院,综合医院,二级甲等,-,1984 年
开封市口腔医院,NA,河南·焦作市,公立医院,综合医院,二级甲等,-,1984 年
开封市陇海铁路医院,NA,河南·焦作市,公立医院,综合医院,二级甲等,-,1984 年
开封市杞县人民医院,NA,河南·焦作市,公立医院,综合医院,二级甲等,-,1984 年
开封市杞县中医院,NA,河南·焦作市,公立医院,综合医院,二级甲等,-,1984 年
开封市肿瘤医院,NA,河南·焦作市,公立医院,综合医院,二级甲等,-,1984 年
兰考第一医院,NA,河南·焦作市,公立医院,综合医院,二级甲等,-,1984 年
兰考县妇儿医院,NA,河南·焦作市,公立医院,综合医院,二级甲等,-,1984 年
