Hospital,Link,Location,Trade,Attribution,Grade,Scale,Establish
汝州市第二人民医院,NA,河南·平顶山市,公立医院,综合医院,二级甲等,-,1986 年
汝州市第三人民医院,NA,河南·平顶山市,公立医院,综合医院,二级甲等,-,1986 年
汝州市第四人民医院,NA,河南·平顶山市,公立医院,综合医院,二级甲等,-,1986 年
汝州市第一人民医院,NA,河南·平顶山市,公立医院,综合医院,二级甲等,-,1986 年
汝州市中医院,NA,河南·平顶山市,公立医院,综合医院,二级甲等,-,1986 年
汝州宋氏金博大医院,NA,河南·平顶山市,公立医院,综合医院,二级甲等,-,1986 年
三门峡市第三人民医院,NA,河南·平顶山市,公立医院,综合医院,二级甲等,-,1986 年
上蔡县人民医院,NA,河南·平顶山市,公立医院,综合医院,二级甲等,-,1986 年
商丘市第三人民医院,NA,河南·平顶山市,公立医院,综合医院,二级甲等,-,1986 年
商丘市第四人民医院,NA,河南·平顶山市,公立医院,综合医院,二级甲等,-,1986 年
商丘市中心医院,NA,河南·平顶山市,公立医院,综合医院,二级甲等,-,1986 年
商水县人民医院,NA,河南·平顶山市,公立医院,综合医院,二级甲等,-,1986 年
沈丘县第二人民医院,NA,河南·平顶山市,公立医院,综合医院,二级甲等,-,1986 年
沈丘县公费医疗医院,NA,河南·平顶山市,公立医院,综合医院,二级甲等,-,1986 年
沈丘县人民医院,NA,河南·平顶山市,公立医院,综合医院,二级甲等,-,1986 年
沈丘县职工医院,NA,河南·平顶山市,公立医院,综合医院,二级甲等,-,1986 年
社旗县人民医院,NA,河南·平顶山市,公立医院,综合医院,二级甲等,-,1986 年
遂平县人民医院,NA,河南·平顶山市,公立医院,综合医院,二级甲等,-,1986 年
遂平县中医院,NA,河南·平顶山市,公立医院,综合医院,二级甲等,-,1986 年
睢县人民医院,NA,河南·平顶山市,公立医院,综合医院,二级甲等,-,1986 年
