Hospital,Link,Location,Trade,Attribution,Grade,Scale,Establish
平顶山市第五人民医院,NA,河南·平顶山市,公立医院,综合医院,二级医院,-,1972 年
平顶山市新华区人民医院,NA,河南·平顶山市,公立医院,综合医院,二级医院,-,1972 年
平顶山市叶县第二人民医院,NA,河南·平顶山市,公立医院,综合医院,二级医院,-,1972 年
平顶山市湛河区人民医院,NA,河南·平顶山市,公立医院,综合医院,二级医院,-,1972 年
平顶山现代妇产医院,NA,河南·平顶山市,公立医院,综合医院,二级医院,-,1972 年
濮阳市第二人民医院,NA,河南·平顶山市,公立医院,综合医院,二级医院,-,1972 年
濮阳市第三人民医院,NA,河南·平顶山市,公立医院,综合医院,二级医院,-,1972 年
濮阳市范县第二人民医院,NA,河南·平顶山市,公立医院,综合医院,二级医院,-,1972 年
濮阳市范县中医院,NA,河南·平顶山市,公立医院,综合医院,二级医院,-,1972 年
濮阳县中医院,NA,河南·平顶山市,公立医院,综合医院,二级医院,-,1972 年
清丰县第二人民医院,NA,河南·平顶山市,公立医院,综合医院,二级医院,-,1972 年
清丰县第三人民医院,NA,河南·平顶山市,公立医院,综合医院,二级医院,-,1972 年
沁阳市怀保口腔医院,NA,河南·平顶山市,公立医院,综合医院,二级医院,-,1972 年
沁阳市人民医院,NA,河南·平顶山市,公立医院,综合医院,二级医院,-,1972 年
沁阳市中医院东院区,NA,河南·平顶山市,公立医院,综合医院,二级医院,-,1972 年
杞县爱心医院,NA,河南·平顶山市,公立医院,综合医院,二级医院,-,1972 年
杞县和谐中西医结合医院,NA,河南·平顶山市,公立医院,综合医院,二级医院,-,1972 年
淇县人民医院,NA,河南·平顶山市,公立医院,综合医院,二级医院,-,1972 年
杞县现代医院,NA,河南·平顶山市,公立医院,综合医院,二级医院,-,1972 年
商丘市传染病医院,NA,河南·平顶山市,公立医院,综合医院,二级医院,-,1972 年
