Hospital,Link,Location,Trade,Attribution,Grade,Scale,Establish
洛阳牡丹妇产医院,NA,河南·洛阳市,民营医院,专科医院,二级医院,-,2007 年
洛阳市第九人民医院,NA,河南·洛阳市,民营医院,专科医院,二级医院,-,2007 年
洛阳市西工区人民医院,NA,河南·洛阳市,民营医院,专科医院,二级医院,-,2007 年
洛阳同仁耳鼻喉医院,NA,河南·洛阳市,民营医院,专科医院,二级医院,-,2007 年
洛阳协和医院,NA,河南·洛阳市,民营医院,专科医院,二级医院,-,2007 年
洛阳中隧康乐养老院,NA,河南·洛阳市,民营医院,专科医院,二级医院,-,2007 年
鹿邑县真源医院,NA,河南·洛阳市,民营医院,专科医院,二级医院,-,2007 年
南乐县中医院,NA,河南·洛阳市,民营医院,专科医院,二级医院,-,2007 年
南阳地质医院,NA,河南·洛阳市,民营医院,专科医院,二级医院,-,2007 年
南阳广和中西医结合医院,NA,河南·洛阳市,民营医院,专科医院,二级医院,-,2007 年
南阳市第六人民医院,NA,河南·洛阳市,民营医院,专科医院,二级医院,-,2007 年
南阳市第一人民医院蒲山医院,NA,河南·洛阳市,民营医院,专科医院,二级医院,-,2007 年
南阳市眼科医院,NA,河南·洛阳市,民营医院,专科医院,二级医院,-,2007 年
南阳卧龙医院,NA,河南·洛阳市,民营医院,专科医院,二级医院,-,2007 年
南阳胸科医院,NA,河南·洛阳市,民营医院,专科医院,二级医院,-,2007 年
南阳医学高等专科学校第三附属医院,NA,河南·洛阳市,民营医院,专科医院,二级医院,-,2007 年
南阳豫西协和医院,NA,河南·洛阳市,民营医院,专科医院,二级医院,-,2007 年
南召县红阳厂职工医院,NA,河南·洛阳市,民营医院,专科医院,二级医院,-,2007 年
平顶山博爱妇产医院,NA,河南·洛阳市,民营医院,专科医院,二级医院,-,2007 年
平顶山市北方江河工业有限责任公司职工医院,NA,河南·洛阳市,民营医院,专科医院,二级医院,-,2007 年
