Hospital,Link,Location,Trade,Attribution,Grade,Scale,Establish
植是道牙种植医院,NA,河南·焦作市,民营医院,综合医院,二级医院,-,2010 年
中国空空导弹研究院洛阳二〇二医院,NA,河南·焦作市,民营医院,综合医院,二级医院,-,2010 年
周口长城医院,NA,河南·焦作市,民营医院,综合医院,二级医院,-,2010 年
周口惠济康复医院,NA,河南·焦作市,民营医院,综合医院,二级医院,-,2010 年
周口丽清医院,NA,河南·焦作市,民营医院,综合医院,二级医院,-,2010 年
周口人合医院,NA,河南·焦作市,民营医院,综合医院,二级医院,-,2010 年
周口远华微创外科医院,NA,河南·焦作市,民营医院,综合医院,二级医院,-,2010 年
周口朝阳肿瘤医院,NA,河南·焦作市,民营医院,综合医院,二级医院,-,2010 年
驻马店耳鼻喉医院,NA,河南·焦作市,民营医院,综合医院,二级医院,-,2010 年
获嘉县红十字医院,NA,河南·焦作市,民营医院,综合医院,二级医院,-,2010 年
