Hospital,Link,Location,Trade,Attribution,Grade,Scale,Establish
孟州市人民医院,NA,河南·焦作市,公立医院,综合医院,二级甲等,-,1948 年
孟州市职工医院,NA,河南·焦作市,公立医院,综合医院,二级甲等,-,1948 年
孟州市中医院,NA,河南·焦作市,公立医院,综合医院,二级甲等,-,1948 年
渑池县人民医院,NA,河南·焦作市,公立医院,综合医院,二级甲等,-,1948 年
民权县人民医院,NA,河南·焦作市,公立医院,综合医院,二级甲等,-,1948 年
民权县中医院,NA,河南·焦作市,公立医院,综合医院,二级甲等,-,1948 年
南乐县精神病医院,NA,河南·焦作市,公立医院,综合医院,二级甲等,-,1948 年
南阳市第九人民医院,NA,河南·焦作市,公立医院,综合医院,二级甲等,-,1948 年
南阳市第三人民医院,NA,河南·焦作市,公立医院,综合医院,二级甲等,-,1948 年
南阳市骨科医院,NA,河南·焦作市,公立医院,综合医院,二级甲等,-,1948 年
南阳市肿瘤医院,NA,河南·焦作市,公立医院,综合医院,二级甲等,-,1948 年
南阳卧龙区妇幼保健院,NA,河南·焦作市,公立医院,综合医院,二级甲等,-,1948 年
南召县第二人民医院,NA,河南·焦作市,公立医院,综合医院,二级甲等,-,1948 年
南召县人民医院,NA,河南·焦作市,公立医院,综合医院,二级甲等,-,1948 年
南召县中医院,NA,河南·焦作市,公立医院,综合医院,二级甲等,-,1948 年
内黄县人民医院,NA,河南·焦作市,公立医院,综合医院,二级甲等,-,1948 年
内黄县中医院,NA,河南·焦作市,公立医院,综合医院,二级甲等,-,1948 年
内乡县人民医院,NA,河南·焦作市,公立医院,综合医院,二级甲等,-,1948 年
内乡县中医院,NA,河南·焦作市,公立医院,综合医院,二级甲等,-,1948 年
宁陵县人民医院,NA,河南·焦作市,公立医院,综合医院,二级甲等,-,1948 年
