Hospital,Link,Location,Trade,Attribution,Grade,Scale,Establish
邓州肿瘤医院,NA,河南·南阳市,民营医院,专科医院,二级医院,100-499 人,2017 年
鹤壁爱民医院,NA,河南·南阳市,民营医院,专科医院,二级医院,100-499 人,2017 年
河南（郑州）中汇心血管病医院,NA,河南·南阳市,民营医院,专科医院,二级医院,100-499 人,2017 年
兰考县妇幼保健院,NA,河南·南阳市,民营医院,专科医院,二级医院,100-499 人,2017 年
洛阳市孟津区第二人民医院,NA,河南·南阳市,民营医院,专科医院,二级医院,100-499 人,2017 年
汝州市骨科医院,NA,河南·南阳市,民营医院,专科医院,二级医院,100-499 人,2017 年
遂平仁安医院,NA,河南·南阳市,民营医院,专科医院,二级医院,100-499 人,2017 年
信阳信钢医院,NA,河南·南阳市,民营医院,专科医院,二级医院,100-499 人,2017 年
郑州华厦视光眼科医院,NA,河南·南阳市,民营医院,专科医院,二级医院,100-499 人,2017 年
周口淮海医院,NA,河南·南阳市,民营医院,专科医院,二级医院,100-499 人,2017 年
周口永善医院,NA,河南·南阳市,民营医院,专科医院,二级医院,100-499 人,2017 年
安阳市灯塔医院,NA,河南·南阳市,民营医院,专科医院,二级医院,100-499 人,2017 年
安阳县第二人民医院,NA,河南·南阳市,民营医院,专科医院,二级医院,100-499 人,2017 年
郸城县第二人民医院,NA,河南·南阳市,民营医院,专科医院,二级医院,100-499 人,2017 年
郸城县妇幼保健院,NA,河南·南阳市,民营医院,专科医院,二级医院,100-499 人,2017 年
邓州市第二人民医院,NA,河南·南阳市,民营医院,专科医院,二级医院,100-499 人,2017 年
方城公安医院,NA,河南·南阳市,民营医院,专科医院,二级医院,100-499 人,2017 年
方城县公疗医院,NA,河南·南阳市,民营医院,专科医院,二级医院,100-499 人,2017 年
方城县人民医院,NA,河南·南阳市,民营医院,专科医院,二级医院,100-499 人,2017 年
封丘艾格眼科医院,NA,河南·南阳市,民营医院,专科医院,二级医院,100-499 人,2017 年
