Hospital,Link,Location,Trade,Attribution,Grade,Scale,Establish
信阳市肛肠医院,NA,河南·信阳市,民营医院,专科医院,二级乙等,-,1957 年
信阳市乳腺病医院,NA,河南·信阳市,民营医院,专科医院,二级乙等,-,1957 年
信阳市新县中医院,NA,河南·信阳市,民营医院,专科医院,二级乙等,-,1957 年
信阳市肿瘤医院,NA,河南·信阳市,民营医院,专科医院,二级乙等,-,1957 年
新郑市第二人民医院,NA,河南·信阳市,民营医院,专科医院,二级乙等,-,1957 年
许昌市按摩医院,NA,河南·信阳市,民营医院,专科医院,二级乙等,-,1957 年
许昌市妇幼保健院,NA,河南·信阳市,民营医院,专科医院,二级乙等,-,1957 年
许昌市立医院,NA,河南·信阳市,民营医院,专科医院,二级乙等,-,1957 年
许昌市烧伤医院,NA,河南·信阳市,民营医院,专科医院,二级乙等,-,1957 年
鄢陵县中心医院,NA,河南·信阳市,民营医院,专科医院,二级乙等,-,1957 年
原阳县红十字医院,NA,河南·信阳市,民营医院,专科医院,二级乙等,-,1957 年
郑州管城华仁中医院,NA,河南·信阳市,民营医院,专科医院,二级乙等,-,1957 年
郑州市第八人民医院,NA,河南·信阳市,民营医院,专科医院,二级乙等,-,1957 年
郑州市二砂医院,NA,河南·信阳市,民营医院,专科医院,二级乙等,-,1957 年
郑州市康复医院,NA,河南·信阳市,民营医院,专科医院,二级乙等,-,1957 年
郑州市口腔医院,NA,河南·信阳市,民营医院,专科医院,二级乙等,-,1957 年
中国建筑第二工程局第二工程公司职工医院,NA,河南·信阳市,民营医院,专科医院,二级乙等,-,1957 年
中国建筑第七工程局职工医院,NA,河南·信阳市,民营医院,专科医院,二级乙等,-,1957 年
中有总公司第六建设公司洛阳职工医院,NA,河南·信阳市,民营医院,专科医院,二级乙等,-,1957 年
中原油田第五社区管理中心医院,NA,河南·信阳市,民营医院,专科医院,二级乙等,-,1957 年
