Hospital,Link,Location,Trade,Attribution,Grade,Scale,Establish
滑县正骨医院,NA,河南·安阳市,民营医院,专科医院,一级医院,100-499 人,1998 年
新乡市牧野区花园社区卫生服务中心,NA,河南·安阳市,民营医院,专科医院,一级医院,100-499 人,1998 年
新乡市新隆祥医院,NA,河南·安阳市,民营医院,专科医院,一级医院,100-499 人,1998 年
夏邑县栗城医院,NA,河南·安阳市,民营医院,专科医院,一级医院,100-499 人,1998 年
宝丰艳辉医院,NA,河南·安阳市,民营医院,专科医院,一级医院,100-499 人,1998 年
新密老年病医院,NA,河南·安阳市,民营医院,专科医院,一级医院,100-499 人,1998 年
宝丰康明医院,NA,河南·安阳市,民营医院,专科医院,一级医院,100-499 人,1998 年
