Hospital,Link,Location,Trade,Attribution,Grade,Scale,Establish
开封市祥符区第一人民医院,NA,河南·开封市,公立医院,综合医院,二级乙等,-,1952 年
罗山县第二人民医院,NA,河南·开封市,公立医院,综合医院,二级乙等,-,1952 年
罗山县第三人民医院,NA,河南·开封市,公立医院,综合医院,二级乙等,-,1952 年
洛阳白马集团职工医院,NA,河南·开封市,公立医院,综合医院,二级乙等,-,1952 年
洛阳乳腺病医院,NA,河南·开封市,公立医院,综合医院,二级乙等,-,1952 年
洛阳市第八人民医院,NA,河南·开封市,公立医院,综合医院,二级乙等,-,1952 年
洛阳市第七人民医院,NA,河南·开封市,公立医院,综合医院,二级乙等,-,1952 年
洛阳市第十人民医院,NA,河南·开封市,公立医院,综合医院,二级乙等,-,1952 年
洛阳石化医院,NA,河南·开封市,公立医院,综合医院,二级乙等,-,1952 年
洛阳市交通医院,NA,河南·开封市,公立医院,综合医院,二级乙等,-,1952 年
洛阳市吉利区人民医院,NA,河南·开封市,公立医院,综合医院,二级乙等,-,1952 年
洛阳市龙门煤矿职工医院,NA,河南·开封市,公立医院,综合医院,二级乙等,-,1952 年
洛阳市耐火材料集团公司职工医院,NA,河南·开封市,公立医院,综合医院,二级乙等,-,1952 年
洛阳市嵩县人民医院,NA,河南·开封市,公立医院,综合医院,二级乙等,-,1952 年
洛阳新区人民医院,NA,河南·开封市,公立医院,综合医院,二级乙等,-,1952 年
鲁山县中医院,NA,河南·开封市,公立医院,综合医院,二级乙等,-,1952 年
卢氏县人民医院,NA,河南·开封市,公立医院,综合医院,二级乙等,-,1952 年
孟津县人民医院,NA,河南·开封市,公立医院,综合医院,二级乙等,-,1952 年
民权县公疗医院,NA,河南·开封市,公立医院,综合医院,二级乙等,-,1952 年
南乐宏业医院,NA,河南·开封市,公立医院,综合医院,二级乙等,-,1952 年
