Hospital,Link,Location,Trade,Attribution,Grade,Scale,Establish
济源市人民医院,NA,河南·未知,公立医院,综合医院,三级医院,-,1948 年
开封光大医院,NA,河南·未知,公立医院,综合医院,三级医院,-,1948 年
开封市人民医院,NA,河南·未知,公立医院,综合医院,三级医院,-,1948 年
洛阳博爱眼科医院,NA,河南·未知,公立医院,综合医院,三级医院,-,1948 年
洛阳市第三人民医院,NA,河南·未知,公立医院,综合医院,三级医院,-,1948 年
洛阳市第五人民医院,NA,河南·未知,公立医院,综合医院,三级医院,-,1948 年
洛阳市妇女儿童医疗保健中心,NA,河南·未知,公立医院,综合医院,三级医院,-,1948 年
南阳市精神病医院,NA,河南·未知,公立医院,综合医院,三级医院,-,1948 年
南阳医专第二附属医院,NA,河南·未知,公立医院,综合医院,三级医院,-,1948 年
濮阳市妇幼保健院,NA,河南·未知,公立医院,综合医院,三级医院,-,1948 年
漯河医学高等专科学校第二附属医院,NA,河南·未知,公立医院,综合医院,三级医院,-,1948 年
郑州艾格眼科医院,NA,河南·未知,公立医院,综合医院,三级医院,-,1948 年
郑州大学第四附属医院,NA,河南·未知,公立医院,综合医院,三级医院,-,1948 年
郑州市第六人民医院,NA,河南·未知,公立医院,综合医院,三级医院,-,1948 年
郑州市第三人民医院,NA,河南·未知,公立医院,综合医院,三级医院,-,1948 年
郑州市妇幼保健院,NA,河南·未知,公立医院,综合医院,三级医院,-,1948 年
郑州视光眼科医院,NA,河南·未知,公立医院,综合医院,三级医院,-,1948 年
驻马店市第一人民医院,NA,河南·未知,公立医院,综合医院,三级医院,-,1948 年
