Hospital,Link,Location,Trade,Attribution,Grade,Scale,Establish
新蔡尖峰眼科医院,NA,河南·驻马店市,民营医院,专科医院,二级医院,-,2017 年
新蔡县人民医院,NA,河南·驻马店市,民营医院,专科医院,二级医院,-,2017 年
新蔡县新区医院,NA,河南·驻马店市,民营医院,专科医院,二级医院,-,2017 年
新蔡县中医院,NA,河南·驻马店市,民营医院,专科医院,二级医院,-,2017 年
荥阳仁和眼科医院,NA,河南·驻马店市,民营医院,专科医院,二级医院,-,2017 年
新乡公立医院,NA,河南·驻马店市,民营医院,专科医院,二级医院,-,2017 年
新乡黄塔骨伤病医院,NA,河南·驻马店市,民营医院,专科医院,二级医院,-,2017 年
新乡仁爱妇科医院,NA,河南·驻马店市,民营医院,专科医院,二级医院,-,2017 年
新乡祥和康复医院,NA,河南·驻马店市,民营医院,专科医院,二级医院,-,2017 年
新乡医学院第一附属医院滑县医院,NA,河南·驻马店市,民营医院,专科医院,二级医院,-,2017 年
信阳瑞金医院,NA,河南·驻马店市,民营医院,专科医院,二级医院,-,2017 年
信阳市老年医院,NA,河南·驻马店市,民营医院,专科医院,二级医院,-,2017 年
信阳市眼科医院,NA,河南·驻马店市,民营医院,专科医院,二级医院,-,2017 年
信阳职业技术学院附属医院,NA,河南·驻马店市,民营医院,专科医院,二级医院,-,2017 年
新郑乐帆口腔医院,NA,河南·驻马店市,民营医院,专科医院,二级医院,-,2017 年
新郑市华康医院,NA,河南·驻马店市,民营医院,专科医院,二级医院,-,2017 年
许昌华济医院,NA,河南·驻马店市,民营医院,专科医院,二级医院,-,2017 年
许昌联合医院,NA,河南·驻马店市,民营医院,专科医院,二级医院,-,2017 年
许昌市第二人民医院,NA,河南·驻马店市,民营医院,专科医院,二级医院,-,2017 年
许昌市建安区人民医院,NA,河南·驻马店市,民营医院,专科医院,二级医院,-,2017 年
