Hospital,Link,Location,Trade,Attribution,Grade,Scale,Establish
安阳市滑县中心医院,NA,河南·安阳市,公立医院,综合医院,二级甲等,500-999 人,1983 年
登封市妇幼保健院,NA,河南·安阳市,公立医院,综合医院,二级甲等,500-999 人,1983 年
邓州市人民医院,NA,河南·安阳市,公立医院,综合医院,二级甲等,500-999 人,1983 年
河南省滑县骨科医院,NA,河南·安阳市,公立医院,综合医院,二级甲等,500-999 人,1983 年
河南神火集团职工总医院,NA,河南·安阳市,公立医院,综合医院,二级甲等,500-999 人,1983 年
河南信合医院,NA,河南·安阳市,公立医院,综合医院,二级甲等,500-999 人,1983 年
河南誉美肾病医院,NA,河南·安阳市,公立医院,综合医院,二级甲等,500-999 人,1983 年
淮阳县人民医院,NA,河南·安阳市,公立医院,综合医院,二级甲等,500-999 人,1983 年
济源市第二人民医院,NA,河南·安阳市,公立医院,综合医院,二级甲等,500-999 人,1983 年
洛阳仁大医院,NA,河南·安阳市,公立医院,综合医院,二级甲等,500-999 人,1983 年
洛阳市第六人民医院,NA,河南·安阳市,公立医院,综合医院,二级甲等,500-999 人,1983 年
孟州民生医院,NA,河南·安阳市,公立医院,综合医院,二级甲等,500-999 人,1983 年
商丘市第五人民医院,NA,河南·安阳市,公立医院,综合医院,二级甲等,500-999 人,1983 年
新安县人民医院,NA,河南·安阳市,公立医院,综合医院,二级甲等,500-999 人,1983 年
新郑市公立人民医院,NA,河南·安阳市,公立医院,综合医院,二级甲等,500-999 人,1983 年
新郑市人民医院,NA,河南·安阳市,公立医院,综合医院,二级甲等,500-999 人,1983 年
永煤集团总医院,NA,河南·安阳市,公立医院,综合医院,二级甲等,500-999 人,1983 年
郑煤集团总医院,NA,河南·安阳市,公立医院,综合医院,二级甲等,500-999 人,1983 年
郑州拜博口腔医院,NA,河南·安阳市,公立医院,综合医院,二级甲等,500-999 人,1983 年
安阳市第八人民医院,NA,河南·安阳市,公立医院,综合医院,二级甲等,500-999 人,1983 年
