Hospital,Link,Location,Trade,Attribution,Grade,Scale,Establish
固始县人民医院,NA,河南·信阳市,公立医院,综合医院,二级乙等,1000 人以上,1951 年
许昌红月糖尿病医院,NA,河南·信阳市,公立医院,综合医院,二级乙等,1000 人以上,1951 年
郑州陇海医院,NA,河南·信阳市,公立医院,综合医院,二级乙等,1000 人以上,1951 年
郑州誉美医院,NA,河南·信阳市,公立医院,综合医院,二级乙等,1000 人以上,1951 年
安阳县人民医院,NA,河南·信阳市,公立医院,综合医院,二级乙等,1000 人以上,1951 年
泌阳县第三人民医院,NA,河南·信阳市,公立医院,综合医院,二级乙等,1000 人以上,1951 年
封丘安国医院,NA,河南·信阳市,公立医院,综合医院,二级乙等,1000 人以上,1951 年
固始县黄山医院,NA,河南·信阳市,公立医院,综合医院,二级乙等,1000 人以上,1951 年
鹤壁市浚县第二人民医院,NA,河南·信阳市,公立医院,综合医院,二级乙等,1000 人以上,1951 年
河柴医院,NA,河南·信阳市,公立医院,综合医院,二级乙等,1000 人以上,1951 年
河南省华新棉纺织厂职工医院,NA,河南·信阳市,公立医院,综合医院,二级乙等,1000 人以上,1951 年
河南省洛阳荣康医院,NA,河南·信阳市,公立医院,综合医院,二级乙等,1000 人以上,1951 年
河南省洛阳市洛耐医院,NA,河南·信阳市,公立医院,综合医院,二级乙等,1000 人以上,1951 年
河南油田第一采油厂双河医院,NA,河南·信阳市,公立医院,综合医院,二级乙等,1000 人以上,1951 年
淮滨县第二人民医院,NA,河南·信阳市,公立医院,综合医院,二级乙等,1000 人以上,1951 年
黄泛区农场职工医院,NA,河南·信阳市,公立医院,综合医院,二级乙等,1000 人以上,1951 年
华源新乡市第三人民医院,NA,河南·信阳市,公立医院,综合医院,二级乙等,1000 人以上,1951 年
焦作市第四人民医院,NA,河南·信阳市,公立医院,综合医院,二级乙等,1000 人以上,1951 年
济源煤矿职工医院,NA,河南·信阳市,公立医院,综合医院,二级乙等,1000 人以上,1951 年
济源市济钢医院,NA,河南·信阳市,公立医院,综合医院,二级乙等,1000 人以上,1951 年
