Hospital,Link,Location,Trade,Attribution,Grade,Scale,Establish
安阳地区医院,NA,河南·安阳市,公立医院,综合医院,三级甲等,1000 人以上,1949 年
安阳市中医院,NA,河南·安阳市,公立医院,综合医院,三级甲等,1000 人以上,1949 年
阜外华中心血管病医院,NA,河南·安阳市,公立医院,综合医院,三级甲等,1000 人以上,1949 年
河南大学附属南石医院,NA,河南·安阳市,公立医院,综合医院,三级甲等,1000 人以上,1949 年
河南科技大学第一附属医院,NA,河南·安阳市,公立医院,综合医院,三级甲等,1000 人以上,1949 年
河南省洛阳正骨医院（河南省骨科医院）,NA,河南·安阳市,公立医院,综合医院,三级甲等,1000 人以上,1949 年
河南省人民医院,NA,河南·安阳市,公立医院,综合医院,三级甲等,1000 人以上,1949 年
河南省胸科医院,NA,河南·安阳市,公立医院,综合医院,三级甲等,1000 人以上,1949 年
河南省肿瘤医院,NA,河南·安阳市,公立医院,综合医院,三级甲等,1000 人以上,1949 年
黄河三门峡医院,NA,河南·安阳市,公立医院,综合医院,三级甲等,1000 人以上,1949 年
三门峡市中心医院,NA,河南·安阳市,公立医院,综合医院,三级甲等,1000 人以上,1949 年
漯河市中心医院,NA,河南·安阳市,公立医院,综合医院,三级甲等,1000 人以上,1949 年
新乡医学院第二附属医院,NA,河南·安阳市,公立医院,综合医院,三级甲等,1000 人以上,1949 年
新乡医学院第一附属医院,NA,河南·安阳市,公立医院,综合医院,三级甲等,1000 人以上,1949 年
许昌市人民医院,NA,河南·安阳市,公立医院,综合医院,三级甲等,1000 人以上,1949 年
郑州大学第二附属医院,NA,河南·安阳市,公立医院,综合医院,三级甲等,1000 人以上,1949 年
郑州大学第三附属医院,NA,河南·安阳市,公立医院,综合医院,三级甲等,1000 人以上,1949 年
郑州大学第五附属医院,NA,河南·安阳市,公立医院,综合医院,三级甲等,1000 人以上,1949 年
郑州大学第一附属医院,NA,河南·安阳市,公立医院,综合医院,三级甲等,1000 人以上,1949 年
郑州人民医院,NA,河南·安阳市,公立医院,综合医院,三级甲等,1000 人以上,1949 年
