Hospital,Link,Location,Trade,Attribution,Grade,Scale,Establish
安阳一五一医院,NA,河南·安阳市,民营医院,综合医院,三级乙等,-,2004 年
邓州市康复医院,NA,河南·安阳市,民营医院,综合医院,三级乙等,-,2004 年
河南科技大学第二附属医院,NA,河南·安阳市,民营医院,综合医院,三级乙等,-,2004 年
河南南阳油田总医院,NA,河南·安阳市,民营医院,综合医院,三级乙等,-,2004 年
浚县社会福利医院,NA,河南·安阳市,民营医院,综合医院,三级乙等,-,2004 年
开封市儿童医院,NA,河南·安阳市,民营医院,综合医院,三级乙等,-,2004 年
洛阳市第一人民医院,NA,河南·安阳市,民营医院,综合医院,三级乙等,-,2004 年
平顶山市第二人民医院,NA,河南·安阳市,民营医院,综合医院,三级乙等,-,2004 年
中国人民解放军第一五四中心医院,NA,河南·安阳市,民营医院,综合医院,三级乙等,-,2004 年
中国人民解放军联勤保障部队第九九〇医院,NA,河南·安阳市,民营医院,综合医院,三级乙等,-,2004 年
