Hospital,Link,Location,Trade,Attribution,Grade,Scale,Establish
河南黄河中心医院,NA,河南·郑州市,公立医院,综合医院,二级甲等,-,-
河南煤炭卫生学校附属医院,NA,河南·郑州市,公立医院,综合医院,二级甲等,-,-
河南省滑县人民医院,NA,河南·郑州市,公立医院,综合医院,二级甲等,-,-
河南省军区医院,NA,河南·郑州市,公立医院,综合医院,二级甲等,-,-
河南省老年医院,NA,河南·郑州市,公立医院,综合医院,二级甲等,-,-
河南省煤炭总医院,NA,河南·郑州市,公立医院,综合医院,二级甲等,-,-
河南省内黄县笫二人民医院,NA,河南·郑州市,公立医院,综合医院,二级甲等,-,-
河南省鄢陵县中心医院,NA,河南·郑州市,公立医院,综合医院,二级甲等,-,-
河南省永城市中心医院,NA,河南·郑州市,公立医院,综合医院,二级甲等,-,-
河南中医药大学第一附属医院豫东医院,NA,河南·郑州市,公立医院,综合医院,二级甲等,-,-
淮滨县人民医院,NA,河南·郑州市,公立医院,综合医院,二级甲等,-,-
淮滨县中医院,NA,河南·郑州市,公立医院,综合医院,二级甲等,-,-
淮阳县中医院,NA,河南·郑州市,公立医院,综合医院,二级甲等,-,-
黄河中心医院,NA,河南·郑州市,公立医院,综合医院,二级甲等,-,-
获嘉县人民医院,NA,河南·郑州市,公立医院,综合医院,二级甲等,-,-
获嘉县中医院,NA,河南·郑州市,公立医院,综合医院,二级甲等,-,-
焦作煤业集团五官医院,NA,河南·郑州市,公立医院,综合医院,二级甲等,-,-
焦作市第六人民医院,NA,河南·郑州市,公立医院,综合医院,二级甲等,-,-
焦作市第五人民医院,NA,河南·郑州市,公立医院,综合医院,二级甲等,-,-
焦作市康复医院,NA,河南·郑州市,公立医院,综合医院,二级甲等,-,-
