Hospital,Link,Location,Trade,Attribution,Grade,Scale,Establish
平顶山煤业集团公司八矿职工医院,NA,河南·平顶山市,公立医院,综合医院,二级甲等,-,-
平顶山煤业集团公司高庄矿中心医院,NA,河南·平顶山市,公立医院,综合医院,二级甲等,-,-
平顶山煤业集团公司一矿职工医院,NA,河南·平顶山市,公立医院,综合医院,二级甲等,-,-
平顶山市妇幼保健院,NA,河南·平顶山市,公立医院,综合医院,二级甲等,-,-
平顶山市郏县第二人民医院,NA,河南·平顶山市,公立医院,综合医院,二级甲等,-,-
平顶山市郏县中医院,NA,河南·平顶山市,公立医院,综合医院,二级甲等,-,-
平舆县人民医院,NA,河南·平顶山市,公立医院,综合医院,二级甲等,-,-
平舆县中心医院,NA,河南·平顶山市,公立医院,综合医院,二级甲等,-,-
平舆县中医院,NA,河南·平顶山市,公立医院,综合医院,二级甲等,-,-
濮阳市范县人民医院,NA,河南·平顶山市,公立医院,综合医院,二级甲等,-,-
濮阳市红十字医院,NA,河南·平顶山市,公立医院,综合医院,二级甲等,-,-
濮阳市精神卫生中心,NA,河南·平顶山市,公立医院,综合医院,二级甲等,-,-
濮阳县人民医院,NA,河南·平顶山市,公立医院,综合医院,二级甲等,-,-
清丰县人民医院,NA,河南·平顶山市,公立医院,综合医院,二级甲等,-,-
清丰县中医院,NA,河南·平顶山市,公立医院,综合医院,二级甲等,-,-
沁阳市中医院,NA,河南·平顶山市,公立医院,综合医院,二级甲等,-,-
确山县人民医院,NA,河南·平顶山市,公立医院,综合医院,二级甲等,-,-
汝南县人民医院,NA,河南·平顶山市,公立医院,综合医院,二级甲等,-,-
汝南县中医院,NA,河南·平顶山市,公立医院,综合医院,二级甲等,-,-
汝阳县人民医院,NA,河南·平顶山市,公立医院,综合医院,二级甲等,-,-
