Hospital,Link,Location,Trade,Attribution,Grade,Scale,Establish
许昌市中心医院南院区,NA,河南·许昌市,公立医院,综合医院,二级医院,-,1912 年
延津县人民医院,NA,河南·许昌市,公立医院,综合医院,二级医院,-,1912 年
永城报恩堂医院,NA,河南·许昌市,公立医院,综合医院,二级医院,-,1912 年
禹州惠民医院,NA,河南·许昌市,公立医院,综合医院,二级医院,-,1912 年
禹州市第二人民医院,NA,河南·许昌市,公立医院,综合医院,二级医院,-,1912 年
柘城县公费医疗医院,NA,河南·许昌市,公立医院,综合医院,二级医院,-,1912 年
郑州大桥医院,NA,河南·许昌市,公立医院,综合医院,二级医院,-,1912 年
郑州蜂乐康中医院,NA,河南·许昌市,公立医院,综合医院,二级医院,-,1912 年
郑州尖峰眼科医院,NA,河南·许昌市,公立医院,综合医院,二级医院,-,1912 年
郑州金成中医风湿病医院,NA,河南·许昌市,公立医院,综合医院,二级医院,-,1912 年
郑州金庚脑病中医医院,NA,河南·许昌市,公立医院,综合医院,二级医院,-,1912 年
郑州卷烟厂康复医院,NA,河南·许昌市,公立医院,综合医院,二级医院,-,1912 年
郑州康翕医院,NA,河南·许昌市,公立医院,综合医院,二级医院,-,1912 年
郑州美中商都妇产医院,NA,河南·许昌市,公立医院,综合医院,二级医院,-,1912 年
郑州市惠济区康复医院,NA,河南·许昌市,公立医院,综合医院,二级医院,-,1912 年
郑州市欣奕中医院,NA,河南·许昌市,公立医院,综合医院,二级医院,-,1912 年
郑州天佑康复医院,NA,河南·许昌市,公立医院,综合医院,二级医院,-,1912 年
郑州新华医院,NA,河南·许昌市,公立医院,综合医院,二级医院,-,1912 年
郑州悦和佳康复医院,NA,河南·许昌市,公立医院,综合医院,二级医院,-,1912 年
郑州植得口腔医院,NA,河南·许昌市,公立医院,综合医院,二级医院,-,1912 年
