Hospital,Link,Location,Trade,Attribution,Grade,Scale,Establish
管城美奥口腔门诊部,NA,河南·郑州市,民营医院,专科医院,未定级,20-99 人,2018 年
河南省直属机关第一门诊部,NA,河南·郑州市,民营医院,专科医院,未定级,20-99 人,2018 年
金水美奥德贝口腔门诊部,NA,河南·郑州市,民营医院,专科医院,未定级,20-99 人,2018 年
郑州仁济医院,NA,河南·郑州市,民营医院,专科医院,未定级,20-99 人,2018 年
宝丰县卫生学校附属医院,NA,河南·郑州市,民营医院,专科医院,未定级,20-99 人,2018 年
亚美牙科,NA,河南·郑州市,民营医院,专科医院,未定级,20-99 人,2018 年
彭晓丽牙科,NA,河南·郑州市,民营医院,专科医院,未定级,20-99 人,2018 年
柘城县结防所,NA,河南·郑州市,民营医院,专科医院,未定级,20-99 人,2018 年
杜栓柱牙科,NA,河南·郑州市,民营医院,专科医院,未定级,20-99 人,2018 年
驻马店金钟儿童医院,NA,河南·郑州市,民营医院,专科医院,未定级,20-99 人,2018 年
鄢陵县妇幼保健院,NA,河南·郑州市,民营医院,专科医院,未定级,20-99 人,2018 年
山阳区龙源湖社区牙科,NA,河南·郑州市,民营医院,专科医院,未定级,20-99 人,2018 年
