Hospital,Link,Location,Trade,Attribution,Grade,Scale,Establish
登封市中医院,NA,河南·郑州市,公立医院,专科医院,二级甲等,-,-
邓州市中心医院,NA,河南·郑州市,公立医院,专科医院,二级甲等,-,-
邓州市中医院,NA,河南·郑州市,公立医院,专科医院,二级甲等,-,-
方城县中医院,NA,河南·郑州市,公立医院,专科医院,二级甲等,-,-
封丘县人民医院,NA,河南·郑州市,公立医院,专科医院,二级甲等,-,-
封丘县中医院,NA,河南·郑州市,公立医院,专科医院,二级甲等,-,-
巩义市人民医院,NA,河南·郑州市,公立医院,专科医院,二级甲等,-,-
巩义市中医院,NA,河南·郑州市,公立医院,专科医院,二级甲等,-,-
光山县人民医院,NA,河南·郑州市,公立医院,专科医院,二级甲等,-,-
光山县中医院,NA,河南·郑州市,公立医院,专科医院,二级甲等,-,-
国营第四Ｏ七厂职工医院,NA,河南·郑州市,公立医院,专科医院,二级甲等,-,-
国营向东机械厂职工医院,NA,河南·郑州市,公立医院,专科医院,二级甲等,-,-
固始红星医院,NA,河南·郑州市,公立医院,专科医院,二级甲等,-,-
鹤壁煤业集团总医院,NA,河南·郑州市,公立医院,专科医院,二级甲等,-,-
鹤壁市第二人民医院,NA,河南·郑州市,公立医院,专科医院,二级甲等,-,-
鹤壁市浚县人民医院,NA,河南·郑州市,公立医院,专科医院,二级甲等,-,-
鹤壁市口腔医院,NA,河南·郑州市,公立医院,专科医院,二级甲等,-,-
鹤壁市中医院,NA,河南·郑州市,公立医院,专科医院,二级甲等,-,-
鹤壁中古友好眼科医院,NA,河南·郑州市,公立医院,专科医院,二级甲等,-,-
河南电力医院,NA,河南·郑州市,公立医院,专科医院,二级甲等,-,-
