Hospital,Link,Location,Trade,Attribution,Grade,Scale,Establish
扶沟鸿昌医院,NA,河南·周口市,公立医院,综合医院,二级医院,-,2012 年
扶沟县人民医院,NA,河南·周口市,公立医院,综合医院,二级医院,-,2012 年
扶沟县中医院,NA,河南·周口市,公立医院,综合医院,二级医院,-,2012 年
固始中医肛肠医院,NA,河南·周口市,公立医院,综合医院,二级医院,-,2012 年
河南浚县胃肠病肿瘤研究所,NA,河南·周口市,公立医院,综合医院,二级医院,-,2012 年
河南开封圣玛医院,NA,河南·周口市,公立医院,综合医院,二级医院,-,2012 年
河南六建集团医院,NA,河南·周口市,公立医院,综合医院,二级医院,-,2012 年
河南商丘协和医院,NA,河南·周口市,公立医院,综合医院,二级医院,-,2012 年
河南省第二慈善医院,NA,河南·周口市,公立医院,综合医院,二级医院,-,2012 年
河南省康复辅具技术中心附属中医院,NA,河南·周口市,公立医院,综合医院,二级医院,-,2012 年
河南省人民医院省直第二医院,NA,河南·周口市,公立医院,综合医院,二级医院,-,2012 年
河南省省直第一医院,NA,河南·周口市,公立医院,综合医院,二级医院,-,2012 年
河南曙光肛肠医院,NA,河南·周口市,公立医院,综合医院,二级医院,-,2012 年
河南曙光中西医结合医院,NA,河南·周口市,公立医院,综合医院,二级医院,-,2012 年
河南中医药大学第一附属医院龙子湖院区,NA,河南·周口市,公立医院,综合医院,二级医院,-,2012 年
淮滨县群英中医院,NA,河南·周口市,公立医院,综合医院,二级医院,-,2012 年
淮阳县第二人民医院,NA,河南·周口市,公立医院,综合医院,二级医院,-,2012 年
滑县东大医院,NA,河南·周口市,公立医院,综合医院,二级医院,-,2012 年
滑县新区医院,NA,河南·周口市,公立医院,综合医院,二级医院,-,2012 年
辉县市界地惠民中医医院,NA,河南·周口市,公立医院,综合医院,二级医院,-,2012 年
