Hospital,Link,Location,Trade,Attribution,Grade,Scale,Establish
漯河市第二人民医院,NA,河南·漯河市,公立医院,综合医院,二级甲等,-,1956 年
漯河市第二人民医院二分院,NA,河南·漯河市,公立医院,综合医院,二级甲等,-,1956 年
漯河市第六人民医院,NA,河南·漯河市,公立医院,综合医院,二级甲等,-,1956 年
漯河市郾城区第二人民医院,NA,河南·漯河市,公立医院,综合医院,二级甲等,-,1956 年
漯河市郾城区中医院,NA,河南·漯河市,公立医院,综合医院,二级甲等,-,1956 年
漯河医学高等专科学校第三附属医院,NA,河南·漯河市,公立医院,综合医院,二级甲等,-,1956 年
太康县第二人民医院,NA,河南·漯河市,公立医院,综合医院,二级甲等,-,1956 年
太康县人民医院,NA,河南·漯河市,公立医院,综合医院,二级甲等,-,1956 年
台前县人民医院,NA,河南·漯河市,公立医院,综合医院,二级甲等,-,1956 年
唐河县公费医疗医院,NA,河南·漯河市,公立医院,综合医院,二级甲等,-,1956 年
唐河县人民医院,NA,河南·漯河市,公立医院,综合医院,二级甲等,-,1956 年
唐河县中医院,NA,河南·漯河市,公立医院,综合医院,二级甲等,-,1956 年
铁道部第十五工程局医院,NA,河南·漯河市,公立医院,综合医院,二级甲等,-,1956 年
通许县人民医院,NA,河南·漯河市,公立医院,综合医院,二级甲等,-,1956 年
通许县中医院,NA,河南·漯河市,公立医院,综合医院,二级甲等,-,1956 年
卫辉市人民医院,NA,河南·漯河市,公立医院,综合医院,二级甲等,-,1956 年
尉氏县第二人民医院,NA,河南·漯河市,公立医院,综合医院,二级甲等,-,1956 年
尉氏县第三人民医院,NA,河南·漯河市,公立医院,综合医院,二级甲等,-,1956 年
尉氏县第一人民医院,NA,河南·漯河市,公立医院,综合医院,二级甲等,-,1956 年
尉氏县中医院,NA,河南·漯河市,公立医院,综合医院,二级甲等,-,1956 年
