Hospital,Link,Location,Trade,Attribution,Grade,Scale,Establish
保康县中医院,NA,湖北·襄阳市,公立医院,专科医院,二级甲等,-,1985 年
赤壁市人民医院,NA,湖北·襄阳市,公立医院,专科医院,二级甲等,-,1985 年
崇阳县人民医院,NA,湖北·襄阳市,公立医院,专科医院,二级甲等,-,1985 年
当阳市长坂坡医院,NA,湖北·襄阳市,公立医院,专科医院,二级甲等,-,1985 年
当阳市妇幼保健院,NA,湖北·襄阳市,公立医院,专科医院,二级甲等,-,1985 年
当阳市人民医院,NA,湖北·襄阳市,公立医院,专科医院,二级甲等,-,1985 年
当阳市中医院,NA,湖北·襄阳市,公立医院,专科医院,二级甲等,-,1985 年
丹江工程局职工医院,NA,湖北·襄阳市,公立医院,专科医院,二级甲等,-,1985 年
丹江口市中医院,NA,湖北·襄阳市,公立医院,专科医院,二级甲等,-,1985 年
大悟县人民医院,NA,湖北·襄阳市,公立医院,专科医院,二级甲等,-,1985 年
大冶市中医医院,NA,湖北·襄阳市,公立医院,专科医院,二级甲等,-,1985 年
大冶铁矿职工医院,NA,湖北·襄阳市,公立医院,专科医院,二级甲等,-,1985 年
大冶有色金属公司铜禄山矿医院,NA,湖北·襄阳市,公立医院,专科医院,二级甲等,-,1985 年
东风汽车公司茅箭医院,NA,湖北·襄阳市,公立医院,专科医院,二级甲等,-,1985 年
鄂州大学附属莲花山医院,NA,湖北·襄阳市,公立医院,专科医院,二级甲等,-,1985 年
鄂州市第三医院,NA,湖北·襄阳市,公立医院,专科医院,二级甲等,-,1985 年
广水市第二人民医院,NA,湖北·襄阳市,公立医院,专科医院,二级甲等,-,1985 年
广水市第一人民医院,NA,湖北·襄阳市,公立医院,专科医院,二级甲等,-,1985 年
广水市中医医院,NA,湖北·襄阳市,公立医院,专科医院,二级甲等,-,1985 年
谷城县中医院,NA,湖北·襄阳市,公立医院,专科医院,二级甲等,-,1985 年
