Hospital,Link,Location,Trade,Attribution,Grade,Scale,Establish
武汉梧桐妇产医院,NA,湖北·武汉市,民营医院,专科医院,二级乙等,100-499 人,2019 年
安陆市第二人民医院,NA,湖北·武汉市,民营医院,专科医院,二级乙等,100-499 人,2019 年
大悟县第二人民医院,NA,湖北·武汉市,民营医院,专科医院,二级乙等,100-499 人,2019 年
鄂州市精神病医院,NA,湖北·武汉市,民营医院,专科医院,二级乙等,100-499 人,2019 年
公安县第二人民医院,NA,湖北·武汉市,民营医院,专科医院,二级乙等,100-499 人,2019 年
公安县妇幼保健院,NA,湖北·武汉市,民营医院,专科医院,二级乙等,100-499 人,2019 年
谷城县石花医院,NA,湖北·武汉市,民营医院,专科医院,二级乙等,100-499 人,2019 年
汉川市第二人民医院,NA,湖北·武汉市,民营医院,专科医院,二级乙等,100-499 人,2019 年
汉川市第三人民医院,NA,湖北·武汉市,民营医院,专科医院,二级乙等,100-499 人,2019 年
汉川市血防医院,NA,湖北·武汉市,民营医院,专科医院,二级乙等,100-499 人,2019 年
汉川市血吸虫病专科医院,NA,湖北·武汉市,民营医院,专科医院,二级乙等,100-499 人,2019 年
红安县妇幼保健院,NA,湖北·武汉市,民营医院,专科医院,二级乙等,100-499 人,2019 年
洪湖市第二人民医院,NA,湖北·武汉市,民营医院,专科医院,二级乙等,100-499 人,2019 年
洪湖市第三人民医院,NA,湖北·武汉市,民营医院,专科医院,二级乙等,100-499 人,2019 年
后湖管理区职工医院,NA,湖北·武汉市,民营医院,专科医院,二级乙等,100-499 人,2019 年
黄冈市红十字会医院,NA,湖北·武汉市,民营医院,专科医院,二级乙等,100-499 人,2019 年
黄梅县第二人民医院,NA,湖北·武汉市,民营医院,专科医院,二级乙等,100-499 人,2019 年
华容中心卫生院,NA,湖北·武汉市,民营医院,专科医院,二级乙等,100-499 人,2019 年
华中科技大学校医院,NA,湖北·武汉市,民营医院,专科医院,二级乙等,100-499 人,2019 年
湖北脑血管病医院,NA,湖北·武汉市,民营医院,专科医院,二级乙等,100-499 人,2019 年
