Hospital,Link,Location,Trade,Attribution,Grade,Scale,Establish
天门市第二人民医院,NA,湖北·省直辖行政单位,公立医院,综合医院,二级乙等,-,1950 年
天门市第三人民医院,NA,湖北·省直辖行政单位,公立医院,综合医院,二级乙等,-,1950 年
天门市蒋湖农场职工医院,NA,湖北·省直辖行政单位,公立医院,综合医院,二级乙等,-,1950 年
天门市精神病医院,NA,湖北·省直辖行政单位,公立医院,综合医院,二级乙等,-,1950 年
武汉大学医院,NA,湖北·省直辖行政单位,公立医院,综合医院,二级乙等,-,1950 年
武汉东西湖养殖场何家庙职工医院,NA,湖北·省直辖行政单位,公立医院,综合医院,二级乙等,-,1950 年
武汉广发肿瘤医院,NA,湖北·省直辖行政单位,公立医院,综合医院,二级乙等,-,1950 年
武汉老年病医院,NA,湖北·省直辖行政单位,公立医院,综合医院,二级乙等,-,1950 年
武汉仁安眼耳鼻咽喉医院,NA,湖北·省直辖行政单位,公立医院,综合医院,二级乙等,-,1950 年
武汉市汉南区人民医院,NA,湖北·省直辖行政单位,公立医院,综合医院,二级乙等,-,1950 年
武汉市洪山区珞南街社区卫生服务中心,NA,湖北·省直辖行政单位,公立医院,综合医院,二级乙等,-,1950 年
武汉市普仁江岸医院,NA,湖北·省直辖行政单位,公立医院,综合医院,二级乙等,-,1950 年
武汉市石化医院,NA,湖北·省直辖行政单位,公立医院,综合医院,二级乙等,-,1950 年
武汉武锅医院,NA,湖北·省直辖行政单位,公立医院,综合医院,二级乙等,-,1950 年
武穴市第二人民医院,NA,湖北·省直辖行政单位,公立医院,综合医院,二级乙等,-,1950 年
襄北监狱医院,NA,湖北·省直辖行政单位,公立医院,综合医院,二级乙等,-,1950 年
襄南监狱医院,NA,湖北·省直辖行政单位,公立医院,综合医院,二级乙等,-,1950 年
襄阳市军工医院,NA,湖北·省直辖行政单位,公立医院,综合医院,二级乙等,-,1950 年
襄阳市中心医院万山分院,NA,湖北·省直辖行政单位,公立医院,综合医院,二级乙等,-,1950 年
仙桃市第二人民医院,NA,湖北·省直辖行政单位,公立医院,综合医院,二级乙等,-,1950 年
