Hospital,Link,Location,Trade,Attribution,Grade,Scale,Establish
十堰市房县中医院,NA,湖北·十堰市,公立医院,专科医院,二级甲等,-,1985 年
十堰市铁路医院,NA,湖北·十堰市,公立医院,专科医院,二级甲等,-,1985 年
十堰市郧阳区人民医院,NA,湖北·十堰市,公立医院,专科医院,二级甲等,-,1985 年
十堰市郧阳区中医医院,NA,湖北·十堰市,公立医院,专科医院,二级甲等,-,1985 年
双环化工集团有限公司职工医院,NA,湖北·十堰市,公立医院,专科医院,二级甲等,-,1985 年
松滋市中医院,NA,湖北·十堰市,公立医院,专科医院,二级甲等,-,1985 年
随县洪山医院,NA,湖北·十堰市,公立医院,专科医院,二级甲等,-,1985 年
随州市妇幼保健院,NA,湖北·十堰市,公立医院,专科医院,二级甲等,-,1985 年
随州市随县人民医院,NA,湖北·十堰市,公立医院,专科医院,二级甲等,-,1985 年
随州市曾都医院,NA,湖北·十堰市,公立医院,专科医院,二级甲等,-,1985 年
天门市妇幼保健院,NA,湖北·十堰市,公立医院,专科医院,二级甲等,-,1985 年
通城县人民医院,NA,湖北·十堰市,公立医院,专科医院,二级甲等,-,1985 年
通城县中医医院,NA,湖北·十堰市,公立医院,专科医院,二级甲等,-,1985 年
通山县人民医院,NA,湖北·十堰市,公立医院,专科医院,二级甲等,-,1985 年
通山县中医院,NA,湖北·十堰市,公立医院,专科医院,二级甲等,-,1985 年
团风县人民医院,NA,湖北·十堰市,公立医院,专科医院,二级甲等,-,1985 年
团风县中医院,NA,湖北·十堰市,公立医院,专科医院,二级甲等,-,1985 年
五峰土家族自治县人民医院,NA,湖北·十堰市,公立医院,专科医院,二级甲等,-,1985 年
武汉钢铁公司程潮铁矿职工医院,NA,湖北·十堰市,公立医院,专科医院,二级甲等,-,1985 年
武汉市蔡甸中医院,NA,湖北·十堰市,公立医院,专科医院,二级甲等,-,1985 年
