Hospital,Link,Location,Trade,Attribution,Grade,Scale,Establish
恩施土家族苗族自治州中心医院,NA,湖北·恩施土家族苗族自治州,公立医院,综合医院,三级甲等,1000 人以上,1998 年
国药东风总医院,NA,湖北·恩施土家族苗族自治州,公立医院,综合医院,三级甲等,1000 人以上,1998 年
黄冈市中心医院,NA,湖北·恩施土家族苗族自治州,公立医院,综合医院,三级甲等,1000 人以上,1998 年
黄石爱康医院,NA,湖北·恩施土家族苗族自治州,公立医院,综合医院,三级甲等,1000 人以上,1998 年
黄石市妇幼保健院,NA,湖北·恩施土家族苗族自治州,公立医院,综合医院,三级甲等,1000 人以上,1998 年
黄石市中心医院,NA,湖北·恩施土家族苗族自治州,公立医院,综合医院,三级甲等,1000 人以上,1998 年
黄石市中医医院,NA,湖北·恩施土家族苗族自治州,公立医院,综合医院,三级甲等,1000 人以上,1998 年
华润武钢总医院,NA,湖北·恩施土家族苗族自治州,公立医院,综合医院,三级甲等,1000 人以上,1998 年
华中科技大学同济医学院附属梨园医院,NA,湖北·恩施土家族苗族自治州,公立医院,综合医院,三级甲等,1000 人以上,1998 年
华中科技大学同济医学院附属同济医院,NA,湖北·恩施土家族苗族自治州,公立医院,综合医院,三级甲等,1000 人以上,1998 年
华中科技大学同济医学院附属协和医院,NA,湖北·恩施土家族苗族自治州,公立医院,综合医院,三级甲等,1000 人以上,1998 年
湖北民族大学附属民大医院,NA,湖北·恩施土家族苗族自治州,公立医院,综合医院,三级甲等,1000 人以上,1998 年
湖北省妇幼保健院,NA,湖北·恩施土家族苗族自治州,公立医院,综合医院,三级甲等,1000 人以上,1998 年
湖北省十堰市太和医院,NA,湖北·恩施土家族苗族自治州,公立医院,综合医院,三级甲等,1000 人以上,1998 年
湖北省肿瘤医院,NA,湖北·恩施土家族苗族自治州,公立医院,综合医院,三级甲等,1000 人以上,1998 年
荆门市中医医院,NA,湖北·恩施土家族苗族自治州,公立医院,综合医院,三级甲等,1000 人以上,1998 年
荆州市妇幼保健院,NA,湖北·恩施土家族苗族自治州,公立医院,综合医院,三级甲等,1000 人以上,1998 年
荆州市中心医院,NA,湖北·恩施土家族苗族自治州,公立医院,综合医院,三级甲等,1000 人以上,1998 年
麻城市人民医院,NA,湖北·恩施土家族苗族自治州,公立医院,综合医院,三级甲等,1000 人以上,1998 年
潜江市中心医院,NA,湖北·恩施土家族苗族自治州,公立医院,综合医院,三级甲等,1000 人以上,1998 年
