Hospital,Link,Location,Trade,Attribution,Grade,Scale,Establish
武汉名逸中西医结合医院,NA,湖北·武汉市,民营医院,综合医院,二级医院,100-499 人,2015 年
崇阳县康福医院,NA,湖北·武汉市,民营医院,综合医院,二级医院,100-499 人,2015 年
大冶市同仁医院,NA,湖北·武汉市,民营医院,综合医院,二级医院,100-499 人,2015 年
大冶市真爱妇科医院,NA,湖北·武汉市,民营医院,综合医院,二级医院,100-499 人,2015 年
恩施惠康医院,NA,湖北·武汉市,民营医院,综合医院,二级医院,100-499 人,2015 年
恩施市中医医院,NA,湖北·武汉市,民营医院,综合医院,二级医院,100-499 人,2015 年
恩施亚菲亚妇产医院,NA,湖北·武汉市,民营医院,综合医院,二级医院,100-499 人,2015 年
鄂州市华容区人民医院,NA,湖北·武汉市,民营医院,综合医院,二级医院,100-499 人,2015 年
公安孱陵康复医院,NA,湖北·武汉市,民营医院,综合医院,二级医院,100-499 人,2015 年
谷城县第二人民医院,NA,湖北·武汉市,民营医院,综合医院,二级医院,100-499 人,2015 年
汉川肾畅肾病专科医院,NA,湖北·武汉市,民营医院,综合医院,二级医院,100-499 人,2015 年
汉川市精神病医院,NA,湖北·武汉市,民营医院,综合医院,二级医院,100-499 人,2015 年
黄冈冠瑞医院,NA,湖北·武汉市,民营医院,综合医院,二级医院,100-499 人,2015 年
黄梅县第三人民医院,NA,湖北·武汉市,民营医院,综合医院,二级医院,100-499 人,2015 年
黄陂区皮肤病防治医院,NA,湖北·武汉市,民营医院,综合医院,二级医院,100-499 人,2015 年
黄石广慈老年病医院,NA,湖北·武汉市,民营医院,综合医院,二级医院,100-499 人,2015 年
黄石华中福康医院,NA,湖北·武汉市,民营医院,综合医院,二级医院,100-499 人,2015 年
黄石煤炭矿务局职工医院,NA,湖北·武汉市,民营医院,综合医院,二级医院,100-499 人,2015 年
黄石品众口腔医院,NA,湖北·武汉市,民营医院,综合医院,二级医院,100-499 人,2015 年
黄石仁康医院,NA,湖北·武汉市,民营医院,综合医院,二级医院,100-499 人,2015 年
