Hospital,Link,Location,Trade,Attribution,Grade,Scale,Establish
汉川市人民医院,NA,湖北·孝感市,公立医院,综合医院,三级乙等,1000 人以上,1950 年
武汉钢铁（集团）公司第二职工医院,NA,湖北·孝感市,公立医院,综合医院,三级乙等,1000 人以上,1950 年
武汉市肺科医院,NA,湖北·孝感市,公立医院,综合医院,三级乙等,1000 人以上,1950 年
武汉市汉阳医院,NA,湖北·孝感市,公立医院,综合医院,三级乙等,1000 人以上,1950 年
长江航运总医院,NA,湖北·孝感市,公立医院,综合医院,三级乙等,1000 人以上,1950 年
石首市皮肤病医院,NA,湖北·孝感市,公立医院,综合医院,三级乙等,1000 人以上,1950 年
武汉钢铁集团公司第二职工医院,NA,湖北·孝感市,公立医院,综合医院,三级乙等,1000 人以上,1950 年
武汉市黄陂区人民医院,NA,湖北·孝感市,公立医院,综合医院,三级乙等,1000 人以上,1950 年
仙桃市第一人民医院,NA,湖北·孝感市,公立医院,综合医院,三级乙等,1000 人以上,1950 年
宜昌市优抚医院,NA,湖北·孝感市,公立医院,综合医院,三级乙等,1000 人以上,1950 年
枣阳市第一人民医院,NA,湖北·孝感市,公立医院,综合医院,三级乙等,1000 人以上,1950 年
中国人民解放军第四四七医院,NA,湖北·孝感市,公立医院,综合医院,三级乙等,1000 人以上,1950 年
