Hospital,Link,Location,Trade,Attribution,Grade,Scale,Establish
安陆市普爱医院,NA,湖北·孝感市,公立医院,综合医院,二级甲等,500-999 人,1886 年
大悟县中医医院,NA,湖北·孝感市,公立医院,综合医院,二级甲等,500-999 人,1886 年
鄂州二医院,NA,湖北·孝感市,公立医院,综合医院,二级甲等,500-999 人,1886 年
国药东风花果医院,NA,湖北·孝感市,公立医院,综合医院,二级甲等,500-999 人,1886 年
黄梅县人民医院,NA,湖北·孝感市,公立医院,综合医院,二级甲等,500-999 人,1886 年
黄梅县中医医院,NA,湖北·孝感市,公立医院,综合医院,二级甲等,500-999 人,1886 年
华中科技大学同济赤壁医院,NA,湖北·孝感市,公立医院,综合医院,二级甲等,500-999 人,1886 年
湖北航天医院,NA,湖北·孝感市,公立医院,综合医院,二级甲等,500-999 人,1886 年
石首市人民医院,NA,湖北·孝感市,公立医院,综合医院,二级甲等,500-999 人,1886 年
武汉锦华妇产医院,NA,湖北·孝感市,公立医院,综合医院,二级甲等,500-999 人,1886 年
仙桃市妇幼保健院,NA,湖北·孝感市,公立医院,综合医院,二级甲等,500-999 人,1886 年
宜城市人民医院,NA,湖北·孝感市,公立医院,综合医院,二级甲等,500-999 人,1886 年
应城市人民医院,NA,湖北·孝感市,公立医院,综合医院,二级甲等,500-999 人,1886 年
远安县人民医院,NA,湖北·孝感市,公立医院,综合医院,二级甲等,500-999 人,1886 年
安陆市妇幼保健院,NA,湖北·孝感市,公立医院,综合医院,二级甲等,500-999 人,1886 年
安陆市中医院,NA,湖北·孝感市,公立医院,综合医院,二级甲等,500-999 人,1886 年
安远航天医院,NA,湖北·孝感市,公立医院,综合医院,二级甲等,500-999 人,1886 年
巴东县人民医院,NA,湖北·孝感市,公立医院,综合医院,二级甲等,500-999 人,1886 年
巴东县中医院,NA,湖北·孝感市,公立医院,综合医院,二级甲等,500-999 人,1886 年
保康县人民医院,NA,湖北·孝感市,公立医院,综合医院,二级甲等,500-999 人,1886 年
