Hospital,Link,Location,Trade,Attribution,Grade,Scale,Establish
湖北省第三人民医院阳逻院区,NA,湖北·武汉市,公立医院,综合医院,二级乙等,-,1958 年
湖北省武当山医院,NA,湖北·武汉市,公立医院,综合医院,二级乙等,-,1958 年
湖北职业技术学院附属惠济医院,NA,湖北·武汉市,公立医院,综合医院,二级乙等,-,1958 年
湖北中医药高等专科学校附属古城医院,NA,湖北·武汉市,公立医院,综合医院,二级乙等,-,1958 年
监利县第三人民医院,NA,湖北·武汉市,公立医院,综合医院,二级乙等,-,1958 年
京山市第三人民医院,NA,湖北·武汉市,公立医院,综合医院,二级乙等,-,1958 年
荆州市港口医院,NA,湖北·武汉市,公立医院,综合医院,二级乙等,-,1958 年
荆州市荆州区中医院,NA,湖北·武汉市,公立医院,综合医院,二级乙等,-,1958 年
荆州卫校学校附属医院,NA,湖北·武汉市,公立医院,综合医院,二级乙等,-,1958 年
龙感湖管理区医院,NA,湖北·武汉市,公立医院,综合医院,二级乙等,-,1958 年
南漳县第二人民医院,NA,湖北·武汉市,公立医院,综合医院,二级乙等,-,1958 年
潜江市皮肤病防治院,NA,湖北·武汉市,公立医院,综合医院,二级乙等,-,1958 年
潜江市中医院,NA,湖北·武汉市,公立医院,综合医院,二级乙等,-,1958 年
潜江市总口管理区职工医院,NA,湖北·武汉市,公立医院,综合医院,二级乙等,-,1958 年
石首市第二人民医院,NA,湖北·武汉市,公立医院,综合医院,二级乙等,-,1958 年
石首市第三人民医院,NA,湖北·武汉市,公立医院,综合医院,二级乙等,-,1958 年
十堰市第二人民医院,NA,湖北·武汉市,公立医院,综合医院,二级乙等,-,1958 年
十堰市第四人民医院,NA,湖北·武汉市,公立医院,综合医院,二级乙等,-,1958 年
松滋市第二人民医院,NA,湖北·武汉市,公立医院,综合医院,二级乙等,-,1958 年
太和医院武当山分院,NA,湖北·武汉市,公立医院,综合医院,二级乙等,-,1958 年
