Hospital,Link,Location,Trade,Attribution,Grade,Scale,Establish
华新医院,NA,湖北·黄石市,公立医院,综合医院,二级医院,-,1995 年
华中科技大学医院,NA,湖北·黄石市,公立医院,综合医院,二级医院,-,1995 年
湖北大别山康复医院,NA,湖北·黄石市,公立医院,综合医院,二级医院,-,1995 年
湖北恩施恩东口腔医院,NA,湖北·黄石市,公立医院,综合医院,二级医院,-,1995 年
湖北省仁爱医院,NA,湖北·黄石市,公立医院,综合医院,二级医院,-,1995 年
湖北亚太整形美容医院,NA,湖北·黄石市,公立医院,综合医院,二级医院,-,1995 年
江北监狱医院,NA,湖北·黄石市,公立医院,综合医院,二级医院,-,1995 年
监利县妇幼保健院,NA,湖北·黄石市,公立医院,综合医院,二级医院,-,1995 年
监利县精神卫生中心,NA,湖北·黄石市,公立医院,综合医院,二级医院,-,1995 年
嘉鱼县中医院,NA,湖北·黄石市,公立医院,综合医院,二级医院,-,1995 年
荆门屈家岭龙棋康复医院,NA,湖北·黄石市,公立医院,综合医院,二级医院,-,1995 年
荆门市掇刀人民医院,NA,湖北·黄石市,公立医院,综合医院,二级医院,-,1995 年
京山县第二人民医院,NA,湖北·黄石市,公立医院,综合医院,二级医院,-,1995 年
京山县中医院,NA,湖北·黄石市,公立医院,综合医院,二级医院,-,1995 年
荆州华中福康医院,NA,湖北·黄石市,公立医院,综合医院,二级医院,-,1995 年
荆州津汇医院,NA,湖北·黄石市,公立医院,综合医院,二级医院,-,1995 年
老河口市二医院,NA,湖北·黄石市,公立医院,综合医院,二级医院,-,1995 年
罗田县万密斋医院,NA,湖北·黄石市,公立医院,综合医院,二级医院,-,1995 年
麻城冠瑞医院,NA,湖北·黄石市,公立医院,综合医院,二级医院,-,1995 年
麻城华山医院,NA,湖北·黄石市,公立医院,综合医院,二级医院,-,1995 年
