Hospital,Link,Location,Trade,Attribution,Grade,Scale,Establish
武汉市中医医院汉阳院区,NA,湖北·武汉市,公立医院,专科医院,三级甲等,-,-
武汉市中医医院台北分院,NA,湖北·武汉市,公立医院,专科医院,三级甲等,-,-
武汉市中医院,NA,湖北·武汉市,公立医院,专科医院,三级甲等,-,-
武警湖北总队医院,NA,湖北·武汉市,公立医院,专科医院,三级甲等,-,-
襄樊市红十字医院,NA,湖北·武汉市,公立医院,专科医院,三级甲等,-,-
襄阳市第一人民医院西院区,NA,湖北·武汉市,公立医院,专科医院,三级甲等,-,-
襄阳市中心医院,NA,湖北·武汉市,公立医院,专科医院,三级甲等,-,-
襄阳市中心医院北区,NA,湖北·武汉市,公立医院,专科医院,三级甲等,-,-
襄阳市中心医院东津院区,NA,湖北·武汉市,公立医院,专科医院,三级甲等,-,-
襄阳市中医医院,NA,湖北·武汉市,公立医院,专科医院,三级甲等,-,-
咸宁市中医医院,NA,湖北·武汉市,公立医院,专科医院,三级甲等,-,-
仙桃市中医院,NA,湖北·武汉市,公立医院,专科医院,三级甲等,-,-
孝感市中心医院,NA,湖北·武汉市,公立医院,专科医院,三级甲等,-,-
孝感市中医院,NA,湖北·武汉市,公立医院,专科医院,三级甲等,-,-
宜昌市中医医院,NA,湖北·武汉市,公立医院,专科医院,三级甲等,-,-
中国人民解放军第一六一中心医院,NA,湖北·武汉市,公立医院,专科医院,三级甲等,-,-
中国人民解放军四五七医院,NA,湖北·武汉市,公立医院,专科医院,三级甲等,-,-
中国人民解放军一九三医院,NA,湖北·武汉市,公立医院,专科医院,三级甲等,-,-
中国人民解放军中部战区总医院,NA,湖北·武汉市,公立医院,专科医院,三级甲等,-,-
钟祥市中医院,NA,湖北·武汉市,公立医院,专科医院,三级甲等,-,-
