Hospital,Link,Location,Trade,Attribution,Grade,Scale,Establish
宜昌安琪贝儿妇产医院,NA,湖北·宜昌市,民营医院,专科医院,二级医院,-,-
应城市妇幼保健院,NA,湖北·宜昌市,民营医院,专科医院,二级医院,-,-
云梦县德康医院,NA,湖北·宜昌市,民营医院,专科医院,二级医院,-,-
郧西县妇幼保健院,NA,湖北·宜昌市,民营医院,专科医院,二级医院,-,-
枣阳泰兴医院,NA,湖北·宜昌市,民营医院,专科医院,二级医院,-,-
枝江博仁疼痛专科医院,NA,湖北·宜昌市,民营医院,专科医院,二级医院,-,-
枝江康宁精神病医院,NA,湖北·宜昌市,民营医院,专科医院,二级医院,-,-
中国建筑第三工程局武汉中心医院,NA,湖北·宜昌市,民营医院,专科医院,二级医院,-,-
钟祥富华医院,NA,湖北·宜昌市,民营医院,专科医院,二级医院,-,-
钟祥仁惠耳鼻喉医院,NA,湖北·宜昌市,民营医院,专科医院,二级医院,-,-
秭归博德精神病医院,NA,湖北·宜昌市,民营医院,专科医院,二级医院,-,-
