Hospital,Link,Location,Trade,Attribution,Grade,Scale,Establish
湖北江山机械厂职工医院,NA,湖北·襄阳市,公立医院,综合医院,二级甲等,-,-
湖北省荆州市监利县人民大垸农场职工医院,NA,湖北·襄阳市,公立医院,综合医院,二级甲等,-,-
湖北省荣军医院,NA,湖北·襄阳市,公立医院,综合医院,二级甲等,-,-
湖北省钟祥市长安医院,NA,湖北·襄阳市,公立医院,综合医院,二级甲等,-,-
江陵县人民医院,NA,湖北·襄阳市,公立医院,综合医院,二级甲等,-,-
监利县第二人民医院,NA,湖北·襄阳市,公立医院,综合医院,二级甲等,-,-
监利县中医院,NA,湖北·襄阳市,公立医院,综合医院,二级甲等,-,-
建始县人民医院,NA,湖北·襄阳市,公立医院,综合医院,二级甲等,-,-
嘉鱼县人民医院,NA,湖北·襄阳市,公立医院,综合医院,二级甲等,-,-
解放军空军雷达医院,NA,湖北·襄阳市,公立医院,综合医院,二级甲等,-,-
荆门市第三人民医院,NA,湖北·襄阳市,公立医院,综合医院,二级甲等,-,-
荆门市妇幼保健院,NA,湖北·襄阳市,公立医院,综合医院,二级甲等,-,-
荆门市荆襄医院,NA,湖北·襄阳市,公立医院,综合医院,二级甲等,-,-
荆门市康复医院,NA,湖北·襄阳市,公立医院,综合医院,二级甲等,-,-
荆门市沙洋县人民医院,NA,湖北·襄阳市,公立医院,综合医院,二级甲等,-,-
京山市人民医院,NA,湖北·襄阳市,公立医院,综合医院,二级甲等,-,-
荆州市第五人民医院,NA,湖北·襄阳市,公立医院,综合医院,二级甲等,-,-
荆州市精神卫生中心,NA,湖北·襄阳市,公立医院,综合医院,二级甲等,-,-
来凤县中心医院,NA,湖北·襄阳市,公立医院,综合医院,二级甲等,-,-
老河口市第二医院,NA,湖北·襄阳市,公立医院,综合医院,二级甲等,-,-
