Hospital,Link,Location,Trade,Attribution,Grade,Scale,Establish
黄石市第二医院,NA,湖北·黄石市,公立医院,综合医院,三级医院,500-999 人,1954 年
湖北六七二中西医结合骨科医院,NA,湖北·黄石市,公立医院,综合医院,三级医院,500-999 人,1954 年
武汉爱尔眼科医院,NA,湖北·黄石市,公立医院,综合医院,三级医院,500-999 人,1954 年
武汉艾格眼科医院,NA,湖北·黄石市,公立医院,综合医院,三级医院,500-999 人,1954 年
武汉百佳妇产医院,NA,湖北·黄石市,公立医院,综合医院,三级医院,500-999 人,1954 年
武汉存济口腔医院,NA,湖北·黄石市,公立医院,综合医院,三级医院,500-999 人,1954 年
武汉普瑞眼科医院,NA,湖北·黄石市,公立医院,综合医院,三级医院,500-999 人,1954 年
武汉市第六医院,NA,湖北·黄石市,公立医院,综合医院,三级医院,500-999 人,1954 年
武汉市汉口医院,NA,湖北·黄石市,公立医院,综合医院,三级医院,500-999 人,1954 年
武汉市江夏区第一人民医院,NA,湖北·黄石市,公立医院,综合医院,三级医院,500-999 人,1954 年
武汉太康医院,NA,湖北·黄石市,公立医院,综合医院,三级医院,500-999 人,1954 年
武汉紫荆医院,NA,湖北·黄石市,公立医院,综合医院,三级医院,500-999 人,1954 年
宜昌爱尔眼科医院,NA,湖北·黄石市,公立医院,综合医院,三级医院,500-999 人,1954 年
大冶市人民医院,NA,湖北·黄石市,公立医院,综合医院,三级医院,500-999 人,1954 年
鄂钢医院,NA,湖北·黄石市,公立医院,综合医院,三级医院,500-999 人,1954 年
公安县人民医院,NA,湖北·黄石市,公立医院,综合医院,三级医院,500-999 人,1954 年
谷城县人民医院,NA,湖北·黄石市,公立医院,综合医院,三级医院,500-999 人,1954 年
黄冈市妇幼保健院,NA,湖北·黄石市,公立医院,综合医院,三级医院,500-999 人,1954 年
湖北省恩施市中心医院,NA,湖北·黄石市,公立医院,综合医院,三级医院,500-999 人,1954 年
湖北省阳新县人民医院,NA,湖北·黄石市,公立医院,综合医院,三级医院,500-999 人,1954 年
