Hospital,Link,Location,Trade,Attribution,Grade,Scale,Establish
武汉汉南区重离子加速器医疗中心,NA,湖北·武汉市,公立医院,专科医院,二级医院,-,2017 年
武汉弘济骨科医院,NA,湖北·武汉市,公立医院,专科医院,二级医院,-,2017 年
武汉康健妇婴医院,NA,湖北·武汉市,公立医院,专科医院,二级医院,-,2017 年
武汉兰青肿瘤医院,NA,湖北·武汉市,公立医院,专科医院,二级医院,-,2017 年
武汉龙阳医院,NA,湖北·武汉市,公立医院,专科医院,二级医院,-,2017 年
武汉麦芽口腔医院,NA,湖北·武汉市,公立医院,专科医院,二级医院,-,2017 年
武汉玛丽亚妇产医院,NA,湖北·武汉市,公立医院,专科医院,二级医院,-,2017 年
武汉市江岸区人民医院,NA,湖北·武汉市,公立医院,专科医院,二级医院,-,2017 年
武汉市青山区结核病防治所,NA,湖北·武汉市,公立医院,专科医院,二级医院,-,2017 年
武汉市新洲区红会医院,NA,湖北·武汉市,公立医院,专科医院,二级医院,-,2017 年
武汉天雅中医医院,NA,湖北·武汉市,公立医院,专科医院,二级医院,-,2017 年
武汉武中精神病医院,NA,湖北·武汉市,公立医院,专科医院,二级医院,-,2017 年
武汉新城医院,NA,湖北·武汉市,公立医院,专科医院,二级医院,-,2017 年
武汉雅一口腔医院,NA,湖北·武汉市,公立医院,专科医院,二级医院,-,2017 年
武汉长诚医院,NA,湖北·武汉市,公立医院,专科医院,二级医院,-,2017 年
武汉中健银龄康复医院,NA,湖北·武汉市,公立医院,专科医院,二级医院,-,2017 年
武汉中阳中医院,NA,湖北·武汉市,公立医院,专科医院,二级医院,-,2017 年
武穴市第三医院,NA,湖北·武汉市,公立医院,专科医院,二级医院,-,2017 年
襄阳东方妇科医院,NA,湖北·武汉市,公立医院,专科医院,二级医院,-,2017 年
襄阳鼓楼医院,NA,湖北·武汉市,公立医院,专科医院,二级医院,-,2017 年
