Hospital,Link,Location,Trade,Attribution,Grade,Scale,Establish
湖北省中西医结合医院梁子湖医院,NA,湖北·鄂州市,公立医院,综合医院,三级医院,-,-
荆州市第二人民医院,NA,湖北·鄂州市,公立医院,综合医院,三级医院,-,-
荆州市胸科医院,NA,湖北·鄂州市,公立医院,综合医院,三级医院,-,-
利川市人民医院,NA,湖北·鄂州市,公立医院,综合医院,三级医院,-,-
十堰国药东风口腔医院,NA,湖北·鄂州市,公立医院,综合医院,三级医院,-,-
松滋市人民医院,NA,湖北·鄂州市,公立医院,综合医院,三级医院,-,-
随州市关爱口腔医院,NA,湖北·鄂州市,公立医院,综合医院,三级医院,-,-
天门康城医院,NA,湖北·鄂州市,公立医院,综合医院,三级医院,-,-
武汉都市妇产医院,NA,湖北·鄂州市,公立医院,综合医院,三级医院,-,-
武汉儿童医院西院,NA,湖北·鄂州市,公立医院,综合医院,三级医院,-,-
武汉黄浦中西医结合妇产医院,NA,湖北·鄂州市,公立医院,综合医院,三级医院,-,-
武汉江城整形外科医院,NA,湖北·鄂州市,公立医院,综合医院,三级医院,-,-
武汉侨亚博爱康复医院,NA,湖北·鄂州市,公立医院,综合医院,三级医院,-,-
武汉市第八医院,NA,湖北·鄂州市,公立医院,综合医院,三级医院,-,-
武汉市东西湖区人民医院,NA,湖北·鄂州市,公立医院,综合医院,三级医院,-,-
武汉市武东医院,NA,湖北·鄂州市,公立医院,综合医院,三级医院,-,-
武汉市新洲区人民医院,NA,湖北·鄂州市,公立医院,综合医院,三级医院,-,-
武汉首佳耳鼻喉医院,NA,湖北·鄂州市,公立医院,综合医院,三级医院,-,-
武汉同和皮肤病医院,NA,湖北·鄂州市,公立医院,综合医院,三级医院,-,-
襄阳市妇幼保健院,NA,湖北·鄂州市,公立医院,综合医院,三级医院,-,-
