Hospital,Link,Location,Trade,Attribution,Grade,Scale,Establish
仙桃市第三人民医院,NA,湖北·湖北,公立医院,综合医院,二级乙等,-,1956 年
仙桃市第四人民医院,NA,湖北·湖北,公立医院,综合医院,二级乙等,-,1956 年
宜昌市武陵中医院,NA,湖北·湖北,公立医院,综合医院,二级乙等,-,1956 年
郧阳医学院白浪医院,NA,湖北·湖北,公立医院,综合医院,二级乙等,-,1956 年
中国葛洲坝集团夷陵山分院,NA,湖北·湖北,公立医院,综合医院,二级乙等,-,1956 年
钟祥市第二医院,NA,湖北·湖北,公立医院,综合医院,二级乙等,-,1956 年
