Hospital,Link,Location,Trade,Attribution,Grade,Scale,Establish
武汉市第九医院,NA,湖北·武汉市,公立医院,综合医院,二级甲等,-,1960 年
武汉市第七医院,NA,湖北·武汉市,公立医院,综合医院,二级甲等,-,1960 年
武汉市红十字会医院,NA,湖北·武汉市,公立医院,综合医院,二级甲等,-,1960 年
武汉市江夏区妇幼保健院,NA,湖北·武汉市,公立医院,综合医院,二级甲等,-,1960 年
武汉世纪国医堂中医医院,NA,湖北·武汉市,公立医院,综合医院,二级甲等,-,1960 年
武汉市商业职工医院,NA,湖北·武汉市,公立医院,综合医院,二级甲等,-,1960 年
武汉市优抚医院,NA,湖北·武汉市,公立医院,综合医院,二级甲等,-,1960 年
武穴市妇幼保健院,NA,湖北·武汉市,公立医院,综合医院,二级甲等,-,1960 年
武穴市中医医院,NA,湖北·武汉市,公立医院,综合医院,二级甲等,-,1960 年
咸丰县人民医院,NA,湖北·武汉市,公立医院,综合医院,二级甲等,-,1960 年
咸丰县中医院,NA,湖北·武汉市,公立医院,综合医院,二级甲等,-,1960 年
襄阳市第三人民医院,NA,湖北·武汉市,公立医院,综合医院,二级甲等,-,1960 年
襄阳市襄州区人民医院,NA,湖北·武汉市,公立医院,综合医院,二级甲等,-,1960 年
襄阳市襄州区中医院,NA,湖北·武汉市,公立医院,综合医院,二级甲等,-,1960 年
襄阳市中西医结合医院,NA,湖北·武汉市,公立医院,综合医院,二级甲等,-,1960 年
襄阳天和医院,NA,湖北·武汉市,公立医院,综合医院,二级甲等,-,1960 年
襄阳五洲医院,NA,湖北·武汉市,公立医院,综合医院,二级甲等,-,1960 年
襄阳职业技术学院附属医院,NA,湖北·武汉市,公立医院,综合医院,二级甲等,-,1960 年
咸宁市第一人民医院,NA,湖北·武汉市,公立医院,综合医院,二级甲等,-,1960 年
咸宁市麻塘风湿病专科医院,NA,湖北·武汉市,公立医院,综合医院,二级甲等,-,1960 年
