Hospital,Link,Location,Trade,Attribution,Grade,Scale,Establish
荆州市第一人民医院,NA,湖北·荆州市,公立医院,专科医院,三级甲等,-,1949 年
荆州市第一人民医院慈济分院,NA,湖北·荆州市,公立医院,专科医院,三级甲等,-,1949 年
荆州市中医医院,NA,湖北·荆州市,公立医院,专科医院,三级甲等,-,1949 年
利川市民族中医院,NA,湖北·荆州市,公立医院,专科医院,三级甲等,-,1949 年
十堰市妇幼保健院,NA,湖北·荆州市,公立医院,专科医院,三级甲等,-,1949 年
十堰市中医医院,NA,湖北·荆州市,公立医院,专科医院,三级甲等,-,1949 年
随州市中心医院,NA,湖北·荆州市,公立医院,专科医院,三级甲等,-,1949 年
随州市中医医院,NA,湖北·荆州市,公立医院,专科医院,三级甲等,-,1949 年
同济医科大学中西医结合研究所,NA,湖北·荆州市,公立医院,专科医院,三级甲等,-,1949 年
武汉大学人民医院洪山院区,NA,湖北·荆州市,公立医院,专科医院,三级甲等,-,1949 年
武汉市第三医院光谷院区,NA,湖北·荆州市,公立医院,专科医院,三级甲等,-,1949 年
武汉市第四医院,NA,湖北·荆州市,公立医院,专科医院,三级甲等,-,1949 年
武汉市第五医院,NA,湖北·荆州市,公立医院,专科医院,三级甲等,-,1949 年
武汉市妇女儿童医疗保健中心,NA,湖北·荆州市,公立医院,专科医院,三级甲等,-,1949 年
武汉市黄陂区中医医院,NA,湖北·荆州市,公立医院,专科医院,三级甲等,-,1949 年
武汉市精神卫生中心,NA,湖北·荆州市,公立医院,专科医院,三级甲等,-,1949 年
武汉市心理医院,NA,湖北·荆州市,公立医院,专科医院,三级甲等,-,1949 年
武汉市中心医院谌家矶院区,NA,湖北·荆州市,公立医院,专科医院,三级甲等,-,1949 年
武汉市中心医院后湖院区,NA,湖北·荆州市,公立医院,专科医院,三级甲等,-,1949 年
武汉市中医医院二桥分院,NA,湖北·荆州市,公立医院,专科医院,三级甲等,-,1949 年
