Hospital,Link,Location,Trade,Attribution,Grade,Scale,Establish
老河口市第一医院,NA,湖北·襄阳市,公立医院,综合医院,二级甲等,-,1909 年
老河口市中医院,NA,湖北·襄阳市,公立医院,综合医院,二级甲等,-,1909 年
利川市民族妇幼保健院,NA,湖北·襄阳市,公立医院,综合医院,二级甲等,-,1909 年
罗田县第二人民医院,NA,湖北·襄阳市,公立医院,综合医院,二级甲等,-,1909 年
罗田县人民医院,NA,湖北·襄阳市,公立医院,综合医院,二级甲等,-,1909 年
麻城市第二人民医院,NA,湖北·襄阳市,公立医院,综合医院,二级甲等,-,1909 年
麻城市中医院,NA,湖北·襄阳市,公立医院,综合医院,二级甲等,-,1909 年
南漳县人民医院,NA,湖北·襄阳市,公立医院,综合医院,二级甲等,-,1909 年
南漳县中医院,NA,湖北·襄阳市,公立医院,综合医院,二级甲等,-,1909 年
硚口区妇幼保健院,NA,湖北·襄阳市,公立医院,综合医院,二级甲等,-,1909 年
蕲春县红十字会医院,NA,湖北·襄阳市,公立医院,综合医院,二级甲等,-,1909 年
蕲春县李时珍医院,NA,湖北·襄阳市,公立医院,综合医院,二级甲等,-,1909 年
蕲春县人民医院,NA,湖北·襄阳市,公立医院,综合医院,二级甲等,-,1909 年
蕲春县人民医院铁路分院,NA,湖北·襄阳市,公立医院,综合医院,二级甲等,-,1909 年
沙洋农场总医院,NA,湖北·襄阳市,公立医院,综合医院,二级甲等,-,1909 年
神农架林区人民医院,NA,湖北·襄阳市,公立医院,综合医院,二级甲等,-,1909 年
石首市地方病医院,NA,湖北·襄阳市,公立医院,综合医院,二级甲等,-,1909 年
石首市中医院,NA,湖北·襄阳市,公立医院,综合医院,二级甲等,-,1909 年
十堰市房县妇幼保健院,NA,湖北·襄阳市,公立医院,综合医院,二级甲等,-,1909 年
十堰市房县人民医院,NA,湖北·襄阳市,公立医院,综合医院,二级甲等,-,1909 年
