Hospital,Link,Location,Trade,Attribution,Grade,Scale,Establish
襄阳金环医院,NA,湖北·襄阳市,公立医院,综合医院,二级医院,-,2009 年
襄阳农工医院,NA,湖北·襄阳市,公立医院,综合医院,二级医院,-,2009 年
襄阳市安定医院,NA,湖北·襄阳市,公立医院,综合医院,二级医院,-,2009 年
襄阳市第二人民医院,NA,湖北·襄阳市,公立医院,综合医院,二级医院,-,2009 年
襄阳市结核病防治院,NA,湖北·襄阳市,公立医院,综合医院,二级医院,-,2009 年
襄阳市襄州区第二人民医院,NA,湖北·襄阳市,公立医院,综合医院,二级医院,-,2009 年
襄阳新华医院,NA,湖北·襄阳市,公立医院,综合医院,二级医院,-,2009 年
襄阳紫荆妇科医院,NA,湖北·襄阳市,公立医院,综合医院,二级医院,-,2009 年
襄州区惠民医院,NA,湖北·襄阳市,公立医院,综合医院,二级医院,-,2009 年
咸宁科大妇产医院,NA,湖北·襄阳市,公立医院,综合医院,二级医院,-,2009 年
仙桃爱普眼科医院,NA,湖北·襄阳市,公立医院,综合医院,二级医院,-,2009 年
仙桃市江汉医院,NA,湖北·襄阳市,公立医院,综合医院,二级医院,-,2009 年
仙桃市沔州康复医院,NA,湖北·襄阳市,公立医院,综合医院,二级医院,-,2009 年
仙桃职业学院附属医院,NA,湖北·襄阳市,公立医院,综合医院,二级医院,-,2009 年
孝昌县中医医院,NA,湖北·襄阳市,公立医院,综合医院,二级医院,-,2009 年
孝感华益医院,NA,湖北·襄阳市,公立医院,综合医院,二级医院,-,2009 年
孝感口腔医院,NA,湖北·襄阳市,公立医院,综合医院,二级医院,-,2009 年
许昌华厦眼科医院,NA,湖北·襄阳市,公立医院,综合医院,二级医院,-,2009 年
阳新慈济医院,NA,湖北·襄阳市,公立医院,综合医院,二级医院,-,2009 年
阳新县第三人民医院,NA,湖北·襄阳市,公立医院,综合医院,二级医院,-,2009 年
