Hospital,Link,Location,Trade,Attribution,Grade,Scale,Establish
襄阳市口腔医院,NA,湖北·襄阳市,公立医院,专科医院,三级医院,-,1960 年
孝感市第一人民医院,NA,湖北·襄阳市,公立医院,专科医院,三级医院,-,1960 年
孝感市妇幼保健院,NA,湖北·襄阳市,公立医院,专科医院,三级医院,-,1960 年
孝感市康复医院,NA,湖北·襄阳市,公立医院,专科医院,三级医院,-,1960 年
孝感中港心理医院,NA,湖北·襄阳市,公立医院,专科医院,三级医院,-,1960 年
浠水县人民医院,NA,湖北·襄阳市,公立医院,专科医院,三级医院,-,1960 年
宜昌市第三人民医院,NA,湖北·襄阳市,公立医院,专科医院,三级医院,-,1960 年
宜昌市妇幼保健院,NA,湖北·襄阳市,公立医院,专科医院,三级医院,-,1960 年
钟祥市第四人民医院,NA,湖北·襄阳市,公立医院,专科医院,三级医院,-,1960 年
钟祥市人民医院,NA,湖北·襄阳市,公立医院,专科医院,三级医院,-,1960 年
