Hospital,Link,Location,Trade,Attribution,Grade,Scale,Establish
黄石宏悦妇产医院,NA,湖北·黄石市,民营医院,专科医院,未定级,20-99 人,2017 年
建始民族医院,NA,湖北·黄石市,民营医院,专科医院,未定级,20-99 人,2017 年
荆门爱尔眼科医院,NA,湖北·黄石市,民营医院,专科医院,未定级,20-99 人,2017 年
武汉爱瑞家儿科门诊部,NA,湖北·黄石市,民营医院,专科医院,未定级,20-99 人,2017 年
武汉佰视佳眼科门诊部,NA,湖北·黄石市,民营医院,专科医院,未定级,20-99 人,2017 年
武汉华佑精神病医院,NA,湖北·黄石市,民营医院,专科医院,未定级,20-99 人,2017 年
武汉平安好医医学检验实验室,NA,湖北·黄石市,民营医院,专科医院,未定级,20-99 人,2017 年
武汉平安好医医学影像诊断中心,NA,湖北·黄石市,民营医院,专科医院,未定级,20-99 人,2017 年
武汉首颐堂中医门诊部,NA,湖北·黄石市,民营医院,专科医院,未定级,20-99 人,2017 年
武汉眼视光眼科医院,NA,湖北·黄石市,民营医院,专科医院,未定级,20-99 人,2017 年
襄阳爱尔眼科医院,NA,湖北·黄石市,民营医院,专科医院,未定级,20-99 人,2017 年
仙桃康和医院,NA,湖北·黄石市,民营医院,专科医院,未定级,20-99 人,2017 年
华中科技大学同济医学院生殖医学中心,NA,湖北·黄石市,民营医院,专科医院,未定级,20-99 人,2017 年
孝南区朱湖农场职工医院,NA,湖北·黄石市,民营医院,专科医院,未定级,20-99 人,2017 年
