Hospital,Link,Location,Trade,Attribution,Grade,Scale,Establish
汉川市妇幼保健院,NA,湖北·孝感市,公立医院,专科医院,二级甲等,-,1955 年
汉川市中医医院,NA,湖北·孝感市,公立医院,专科医院,二级甲等,-,1955 年
鹤峰县中心医院,NA,湖北·孝感市,公立医院,专科医院,二级甲等,-,1955 年
红安县人民医院,NA,湖北·孝感市,公立医院,专科医院,二级甲等,-,1955 年
红安县中医院,NA,湖北·孝感市,公立医院,专科医院,二级甲等,-,1955 年
洪湖市人民医院,NA,湖北·孝感市,公立医院,专科医院,二级甲等,-,1955 年
黄冈市第二人民医院,NA,湖北·孝感市,公立医院,专科医院,二级甲等,-,1955 年
黄梅县妇幼保健院,NA,湖北·孝感市,公立医院,专科医院,二级甲等,-,1955 年
黄石普仁医院,NA,湖北·孝感市,公立医院,专科医院,二级甲等,-,1955 年
黄石人福医院,NA,湖北·孝感市,公立医院,专科医院,二级甲等,-,1955 年
黄石市第四医院,NA,湖北·孝感市,公立医院,专科医院,二级甲等,-,1955 年
黄石市第五医院,NA,湖北·孝感市,公立医院,专科医院,二级甲等,-,1955 年
黄石市石灰窑区妇幼保健院,NA,湖北·孝感市,公立医院,专科医院,二级甲等,-,1955 年
黄石市团城山医院,NA,湖北·孝感市,公立医院,专科医院,二级甲等,-,1955 年
黄石市西塞山区人民医院,NA,湖北·孝感市,公立医院,专科医院,二级甲等,-,1955 年
黄州区妇幼保健院,NA,湖北·孝感市,公立医院,专科医院,二级甲等,-,1955 年
黄州区脑血管病医院,NA,湖北·孝感市,公立医院,专科医院,二级甲等,-,1955 年
黄州区人民医院,NA,湖北·孝感市,公立医院,专科医院,二级甲等,-,1955 年
华中科技大学协和江北医院,NA,湖北·孝感市,公立医院,专科医院,二级甲等,-,1955 年
湖北黄石明康医院,NA,湖北·孝感市,公立医院,专科医院,二级甲等,-,1955 年
