Hospital,Link,Location,Trade,Attribution,Grade,Scale,Establish
监利县人民医院,NA,湖北·荆州市,公立医院,综合医院,三级丙等,1000 人以上,1950 年
荆州市第三人民医院,NA,湖北·荆州市,公立医院,综合医院,三级丙等,1000 人以上,1950 年
十堰市中西医结合医院,NA,湖北·荆州市,公立医院,综合医院,三级丙等,1000 人以上,1950 年
武汉华美整形外科医院,NA,湖北·荆州市,公立医院,综合医院,三级丙等,1000 人以上,1950 年
武汉民生眼耳鼻喉专科医院,NA,湖北·荆州市,公立医院,综合医院,三级丙等,1000 人以上,1950 年
武汉市武昌医院,NA,湖北·荆州市,公立医院,综合医院,三级丙等,1000 人以上,1950 年
武穴市第一人民医院,NA,湖北·荆州市,公立医院,综合医院,三级丙等,1000 人以上,1950 年
