Hospital,Link,Location,Trade,Attribution,Grade,Scale,Establish
咸宁医学院附属第二医院,NA,湖北·咸宁市,公立医院,综合医院,二级甲等,-,-
孝昌县人民医院,NA,湖北·咸宁市,公立医院,综合医院,二级甲等,-,-
兴山县人民医院,NA,湖北·咸宁市,公立医院,综合医院,二级甲等,-,-
兴山县中医医院,NA,湖北·咸宁市,公立医院,综合医院,二级甲等,-,-
新洲区中医医院,NA,湖北·咸宁市,公立医院,综合医院,二级甲等,-,-
浠水县红十字会医院,NA,湖北·咸宁市,公立医院,综合医院,二级甲等,-,-
浠水县中医院,NA,湖北·咸宁市,公立医院,综合医院,二级甲等,-,-
宣恩县人民医院,NA,湖北·咸宁市,公立医院,综合医院,二级甲等,-,-
宣恩县中医院,NA,湖北·咸宁市,公立医院,综合医院,二级甲等,-,-
阳新县第二人民医院,NA,湖北·咸宁市,公立医院,综合医院,二级甲等,-,-
阳新县妇幼保健院,NA,湖北·咸宁市,公立医院,综合医院,二级甲等,-,-
阳新县中医院,NA,湖北·咸宁市,公立医院,综合医院,二级甲等,-,-
宜昌市第五人民医院,NA,湖北·咸宁市,公立医院,综合医院,二级甲等,-,-
宜昌市血防医院,NA,湖北·咸宁市,公立医院,综合医院,二级甲等,-,-
宜昌市夷陵区人民医院,NA,湖北·咸宁市,公立医院,综合医院,二级甲等,-,-
宜昌市夷陵医院,NA,湖北·咸宁市,公立医院,综合医院,二级甲等,-,-
宜昌长航医院,NA,湖北·咸宁市,公立医院,综合医院,二级甲等,-,-
宜城市中医医院,NA,湖北·咸宁市,公立医院,综合医院,二级甲等,-,-
宜都市第二人民医院,NA,湖北·咸宁市,公立医院,综合医院,二级甲等,-,-
宜都市第一人民医院,NA,湖北·咸宁市,公立医院,综合医院,二级甲等,-,-
