Hospital,Link,Location,Trade,Attribution,Grade,Scale,Establish
潜江市二医院,NA,湖北·省直辖行政单位,公立医院,综合医院,二级医院,-,1956 年
潜江市精神病医院,NA,湖北·省直辖行政单位,公立医院,综合医院,二级医院,-,1956 年
沙洋仁爱医院,NA,湖北·省直辖行政单位,公立医院,综合医院,二级医院,-,1956 年
沙洋县妇幼保健院,NA,湖北·省直辖行政单位,公立医院,综合医院,二级医院,-,1956 年
沙洋县中医院,NA,湖北·省直辖行政单位,公立医院,综合医院,二级医院,-,1956 年
石首市精神病医院,NA,湖北·省直辖行政单位,公立医院,综合医院,二级医院,-,1956 年
十堰市西苑医院,NA,湖北·省直辖行政单位,公立医院,综合医院,二级医院,-,1956 年
十堰市郧阳区妇幼保健院,NA,湖北·省直辖行政单位,公立医院,综合医院,二级医院,-,1956 年
松滋爱尔眼科医院,NA,湖北·省直辖行政单位,公立医院,综合医院,二级医院,-,1956 年
随州华升医院,NA,湖北·省直辖行政单位,公立医院,综合医院,二级医院,-,1956 年
随州老年康复护理医院,NA,湖北·省直辖行政单位,公立医院,综合医院,二级医院,-,1956 年
随州市曾都区中医医院,NA,湖北·省直辖行政单位,公立医院,综合医院,二级医院,-,1956 年
天门康复医院,NA,湖北·省直辖行政单位,公立医院,综合医院,二级医院,-,1956 年
天门南洋医院,NA,湖北·省直辖行政单位,公立医院,综合医院,二级医院,-,1956 年
通山康泰医院,NA,湖北·省直辖行政单位,公立医院,综合医院,二级医院,-,1956 年
五峰土家族自治县第二人民医院,NA,湖北·省直辖行政单位,公立医院,综合医院,二级医院,-,1956 年
武汉岱山医院,NA,湖北·省直辖行政单位,公立医院,综合医院,二级医院,-,1956 年
武汉东方博德精神病医院,NA,湖北·省直辖行政单位,公立医院,综合医院,二级医院,-,1956 年
武汉方泰医院,NA,湖北·省直辖行政单位,公立医院,综合医院,二级医院,-,1956 年
武汉航运医院,NA,湖北·省直辖行政单位,公立医院,综合医院,二级医院,-,1956 年
