Hospital,Link,Location,Trade,Attribution,Grade,Scale,Establish
宜都市中医医院,NA,湖北·宜昌市,公立医院,专科医院,二级甲等,-,-
应城市中医医院,NA,湖北·宜昌市,公立医院,专科医院,二级甲等,-,-
英山县人民医院,NA,湖北·宜昌市,公立医院,专科医院,二级甲等,-,-
英山县中医医院,NA,湖北·宜昌市,公立医院,专科医院,二级甲等,-,-
远安县中医院,NA,湖北·宜昌市,公立医院,专科医院,二级甲等,-,-
云梦县人民医院,NA,湖北·宜昌市,公立医院,专科医院,二级甲等,-,-
郧西县人民医院,NA,湖北·宜昌市,公立医院,专科医院,二级甲等,-,-
枣阳市中医院,NA,湖北·宜昌市,公立医院,专科医院,二级甲等,-,-
长阳土家族自治县人民医院,NA,湖北·宜昌市,公立医院,专科医院,二级甲等,-,-
长阳土家族自治县中医院,NA,湖北·宜昌市,公立医院,专科医院,二级甲等,-,-
枝城市第一人民医院,NA,湖北·宜昌市,公立医院,专科医院,二级甲等,-,-
枝江市人民医院,NA,湖北·宜昌市,公立医院,专科医院,二级甲等,-,-
中国人民解放军一九五医院,NA,湖北·宜昌市,公立医院,专科医院,二级甲等,-,-
中航工业三六四医院,NA,湖北·宜昌市,公立医院,专科医院,二级甲等,-,-
竹山县官渡镇中心卫生院,NA,湖北·宜昌市,公立医院,专科医院,二级甲等,-,-
竹山县人民医院,NA,湖北·宜昌市,公立医院,专科医院,二级甲等,-,-
竹山县中医医院,NA,湖北·宜昌市,公立医院,专科医院,二级甲等,-,-
竹溪县中医医院,NA,湖北·宜昌市,公立医院,专科医院,二级甲等,-,-
秭归县医疗中心,NA,湖北·宜昌市,公立医院,专科医院,二级甲等,-,-
秭归县中医院,NA,湖北·宜昌市,公立医院,专科医院,二级甲等,-,-
