Hospital,Link,Location,Trade,Attribution,Grade,Scale,Establish
鄂东医疗集团市中医医院,NA,湖北·黄石市,公立医院,专科医院,三级甲等,-,1958 年
恩施州中心医院中医部,NA,湖北·黄石市,公立医院,专科医院,三级甲等,-,1958 年
鄂州市妇幼保健院,NA,湖北·黄石市,公立医院,专科医院,三级甲等,-,1958 年
鄂州市中心医院,NA,湖北·黄石市,公立医院,专科医院,三级甲等,-,1958 年
鄂州市中医医院,NA,湖北·黄石市,公立医院,专科医院,三级甲等,-,1958 年
葛洲坝集团中心医院,NA,湖北·黄石市,公立医院,专科医院,三级甲等,-,1958 年
公安县中医医院,NA,湖北·黄石市,公立医院,专科医院,三级甲等,-,1958 年
洪湖市中医医院,NA,湖北·黄石市,公立医院,专科医院,三级甲等,-,1958 年
黄冈市中医医院,NA,湖北·黄石市,公立医院,专科医院,三级甲等,-,1958 年
黄石妇幼保健院（钟楼分院）,NA,湖北·黄石市,公立医院,专科医院,三级甲等,-,1958 年
黄石市中心医院普爱院区,NA,湖北·黄石市,公立医院,专科医院,三级甲等,-,1958 年
华中科技大学同济医学院附属普爱医院西院,NA,湖北·黄石市,公立医院,专科医院,三级甲等,-,1958 年
华中科技大学同济医学院附属同济医院中法新城院区,NA,湖北·黄石市,公立医院,专科医院,三级甲等,-,1958 年
湖北江汉油田总医院,NA,湖北·黄石市,公立医院,专科医院,三级甲等,-,1958 年
湖北省第三人民医院,NA,湖北·黄石市,公立医院,专科医院,三级甲等,-,1958 年
湖北省中西医结合医院,NA,湖北·黄石市,公立医院,专科医院,三级甲等,-,1958 年
湖北省中医院,NA,湖北·黄石市,公立医院,专科医院,三级甲等,-,1958 年
建始县中医院,NA,湖北·黄石市,公立医院,专科医院,三级甲等,-,1958 年
荆门市第二人民医院,NA,湖北·黄石市,公立医院,专科医院,三级甲等,-,1958 年
荆门市第一人民医院,NA,湖北·黄石市,公立医院,专科医院,三级甲等,-,1958 年
