Hospital,Link,Location,Trade,Attribution,Grade,Scale,Establish
三峡大学附属仁和医院,NA,湖北·宜昌市,公立医院,综合医院,三级甲等,1000 人以上,1965 年
十堰市人民医院,NA,湖北·宜昌市,公立医院,综合医院,三级甲等,1000 人以上,1965 年
泰康同济武汉医院,NA,湖北·宜昌市,公立医院,综合医院,三级甲等,1000 人以上,1965 年
天门市第一人民医院,NA,湖北·宜昌市,公立医院,综合医院,三级甲等,1000 人以上,1965 年
天门市中医医院,NA,湖北·宜昌市,公立医院,综合医院,三级甲等,1000 人以上,1965 年
武汉大学口腔医院,NA,湖北·宜昌市,公立医院,综合医院,三级甲等,1000 人以上,1965 年
武汉大学人民医院（湖北省人民医院）,NA,湖北·宜昌市,公立医院,综合医院,三级甲等,1000 人以上,1965 年
武汉大学中南医院,NA,湖北·宜昌市,公立医院,综合医院,三级甲等,1000 人以上,1965 年
武汉科技大学附属天佑医院,NA,湖北·宜昌市,公立医院,综合医院,三级甲等,1000 人以上,1965 年
武汉市第三医院,NA,湖北·宜昌市,公立医院,综合医院,三级甲等,1000 人以上,1965 年
武汉市第一医院,NA,湖北·宜昌市,公立医院,综合医院,三级甲等,1000 人以上,1965 年
武汉市金银潭医院,NA,湖北·宜昌市,公立医院,综合医院,三级甲等,1000 人以上,1965 年
武汉市普仁医院,NA,湖北·宜昌市,公立医院,综合医院,三级甲等,1000 人以上,1965 年
武汉市中心医院,NA,湖北·宜昌市,公立医院,综合医院,三级甲等,1000 人以上,1965 年
武汉亚洲心脏病医院,NA,湖北·宜昌市,公立医院,综合医院,三级甲等,1000 人以上,1965 年
襄阳市第一人民医院,NA,湖北·宜昌市,公立医院,综合医院,三级甲等,1000 人以上,1965 年
咸宁市中心医院,NA,湖北·宜昌市,公立医院,综合医院,三级甲等,1000 人以上,1965 年
宜昌市第二人民医院,NA,湖北·宜昌市,公立医院,综合医院,三级甲等,1000 人以上,1965 年
宜昌市第一人民医院,NA,湖北·宜昌市,公立医院,综合医院,三级甲等,1000 人以上,1965 年
宜昌市中心人民医院,NA,湖北·宜昌市,公立医院,综合医院,三级甲等,1000 人以上,1965 年
