Hospital,Link,Location,Trade,Attribution,Grade,Scale,Establish
常德市第二人民医院,NA,湖南·常德市,公立医院,综合医院,三级医院,500-999 人,1959 年
常德市第四人民医院,NA,湖南·常德市,公立医院,综合医院,三级医院,500-999 人,1959 年
常德市妇幼保健院,NA,湖南·常德市,公立医院,综合医院,三级医院,500-999 人,1959 年
常德市澧县人民医院,NA,湖南·常德市,公立医院,综合医院,三级医院,500-999 人,1959 年
长沙珂信肿瘤医院,NA,湖南·常德市,公立医院,综合医院,三级医院,500-999 人,1959 年
长沙泰和医院,NA,湖南·常德市,公立医院,综合医院,三级医院,500-999 人,1959 年
湖南省胸科医院,NA,湖南·常德市,公立医院,综合医院,三级医院,500-999 人,1959 年
湖南益阳康雅医院,NA,湖南·常德市,公立医院,综合医院,三级医院,500-999 人,1959 年
邵东市人民医院,NA,湖南·常德市,公立医院,综合医院,三级医院,500-999 人,1959 年
邵阳学院附属第二医院,NA,湖南·常德市,公立医院,综合医院,三级医院,500-999 人,1959 年
石门县人民医院,NA,湖南·常德市,公立医院,综合医院,三级医院,500-999 人,1959 年
湘雅常德医院,NA,湖南·常德市,公立医院,综合医院,三级医院,500-999 人,1959 年
中信湘雅生殖与遗传专科医院,NA,湖南·常德市,公立医院,综合医院,三级医院,500-999 人,1959 年
长沙江湾妇产医院,NA,湖南·常德市,公立医院,综合医院,三级医院,500-999 人,1959 年
常德市颐养苑医院,NA,湖南·常德市,公立医院,综合医院,三级医院,500-999 人,1959 年
常德西博图医院,NA,湖南·常德市,公立医院,综合医院,三级医院,500-999 人,1959 年
长沙宏朗眼科医院,NA,湖南·常德市,公立医院,综合医院,三级医院,500-999 人,1959 年
长沙康华医院,NA,湖南·常德市,公立医院,综合医院,三级医院,500-999 人,1959 年
长沙市第三医院,NA,湖南·常德市,公立医院,综合医院,三级医院,500-999 人,1959 年
郴州爱尔眼科医院,NA,湖南·常德市,公立医院,综合医院,三级医院,500-999 人,1959 年
