Hospital,Link,Location,Trade,Attribution,Grade,Scale,Establish
常德美奥口腔医院,NA,湖南·常德市,民营医院,专科医院,二级医院,20-99 人,2014 年
长沙长好医院,NA,湖南·常德市,民营医院,专科医院,二级医院,20-99 人,2014 年
安化卫宁精神病医院,NA,湖南·常德市,民营医院,专科医院,二级医院,20-99 人,2014 年
安化县大福中心医院,NA,湖南·常德市,民营医院,专科医院,二级医院,20-99 人,2014 年
北湖区妇幼保健院,NA,湖南·常德市,民营医院,专科医院,二级医院,20-99 人,2014 年
常德耳鼻喉医院,NA,湖南·常德市,民营医院,专科医院,二级医院,20-99 人,2014 年
常德肛肠医院,NA,湖南·常德市,民营医院,专科医院,二级医院,20-99 人,2014 年
常德骨伤专科医院,NA,湖南·常德市,民营医院,专科医院,二级医院,20-99 人,2014 年
常德军创医院,NA,湖南·常德市,民营医院,专科医院,二级医院,20-99 人,2014 年
常德民生医院,NA,湖南·常德市,民营医院,专科医院,二级医院,20-99 人,2014 年
常德市鼎城区血吸虫病专科医院,NA,湖南·常德市,民营医院,专科医院,二级医院,20-99 人,2014 年
常德市第七人民医院,NA,湖南·常德市,民营医院,专科医院,二级医院,20-99 人,2014 年
常德市澧县第四人民医院,NA,湖南·常德市,民营医院,专科医院,二级医院,20-99 人,2014 年
常德市西洞庭管理区人民医院,NA,湖南·常德市,民营医院,专科医院,二级医院,20-99 人,2014 年
常德市职业病防治所,NA,湖南·常德市,民营医院,专科医院,二级医院,20-99 人,2014 年
常宁市第二人民医院,NA,湖南·常德市,民营医院,专科医院,二级医院,20-99 人,2014 年
常宁市第四人民医院,NA,湖南·常德市,民营医院,专科医院,二级医院,20-99 人,2014 年
长沙贝诺尔儿童医院,NA,湖南·常德市,民营医院,专科医院,二级医院,20-99 人,2014 年
长沙昌恒康复医院,NA,湖南·常德市,民营医院,专科医院,二级医院,20-99 人,2014 年
长沙东协盛医院,NA,湖南·常德市,民营医院,专科医院,二级医院,20-99 人,2014 年
