Hospital,Link,Location,Trade,Attribution,Grade,Scale,Establish
常德武陵新德华眼科门诊部,NA,湖南·常德市,民营医院,专科医院,未定级,20-99 人,2016 年
长沙百佳玛丽亚妇产医院,NA,湖南·常德市,民营医院,专科医院,未定级,20-99 人,2016 年
长沙美奥河西口腔门诊部,NA,湖南·常德市,民营医院,专科医院,未定级,20-99 人,2016 年
长沙美奥口腔医院,NA,湖南·常德市,民营医院,专科医院,未定级,20-99 人,2016 年
长沙普瑞生殖与遗传专科医院,NA,湖南·常德市,民营医院,专科医院,未定级,20-99 人,2016 年
长沙雨花美奥湘府口腔门诊部,NA,湖南·常德市,民营医院,专科医院,未定级,20-99 人,2016 年
衡阳爱尔眼科医院,NA,湖南·常德市,民营医院,专科医院,未定级,20-99 人,2016 年
湖南妇女儿童医院,NA,湖南·常德市,民营医院,专科医院,未定级,20-99 人,2016 年
郴州建国男科医院,NA,湖南·常德市,民营医院,专科医院,未定级,20-99 人,2016 年
