Hospital,Link,Location,Trade,Attribution,Grade,Scale,Establish
湘潭市中心医院,NA,湖南·湘潭市,公立医院,综合医院,三级甲等,1000 人以上,1900 年
湘雅博爱康复医院,NA,湖南·湘潭市,公立医院,综合医院,三级甲等,1000 人以上,1900 年
益阳市第一中医医院,NA,湖南·湘潭市,公立医院,综合医院,三级甲等,1000 人以上,1900 年
永州市中心医院,NA,湖南·湘潭市,公立医院,综合医院,三级甲等,1000 人以上,1900 年
岳阳市第一人民医院,NA,湖南·湘潭市,公立医院,综合医院,三级甲等,1000 人以上,1900 年
岳阳市二人民医院,NA,湖南·湘潭市,公立医院,综合医院,三级甲等,1000 人以上,1900 年
正大邵阳骨伤科医院,NA,湖南·湘潭市,公立医院,综合医院,三级甲等,1000 人以上,1900 年
中南大学湘雅二医院,NA,湖南·湘潭市,公立医院,综合医院,三级甲等,1000 人以上,1900 年
中南大学湘雅三医院,NA,湖南·湘潭市,公立医院,综合医院,三级甲等,1000 人以上,1900 年
中南大学湘雅医院,NA,湖南·湘潭市,公立医院,综合医院,三级甲等,1000 人以上,1900 年
长沙市第四医院滨水新城院区,NA,湖南·湘潭市,公立医院,综合医院,三级甲等,1000 人以上,1900 年
长沙市第一医院,NA,湖南·湘潭市,公立医院,综合医院,三级甲等,1000 人以上,1900 年
长沙市中医医院东院,NA,湖南·湘潭市,公立医院,综合医院,三级甲等,1000 人以上,1900 年
长沙市中医医院南院,NA,湖南·湘潭市,公立医院,综合医院,三级甲等,1000 人以上,1900 年
郴州市中医医院,NA,湖南·湘潭市,公立医院,综合医院,三级甲等,1000 人以上,1900 年
国防科技大学医院,NA,湖南·湘潭市,公立医院,综合医院,三级甲等,1000 人以上,1900 年
衡阳市中医医院,NA,湖南·湘潭市,公立医院,综合医院,三级甲等,1000 人以上,1900 年
怀化市中医医院,NA,湖南·湘潭市,公立医院,综合医院,三级甲等,1000 人以上,1900 年
湖南省妇幼保健院,NA,湖南·湘潭市,公立医院,综合医院,三级甲等,1000 人以上,1900 年
湖南省人民医院,NA,湖南·湘潭市,公立医院,综合医院,三级甲等,1000 人以上,1900 年
