Hospital,Link,Location,Trade,Attribution,Grade,Scale,Establish
常德市第一人民医院,NA,湖南·常德市,公立医院,综合医院,三级甲等,1000 人以上,1898 年
常德市第一中医医院,NA,湖南·常德市,公立医院,综合医院,三级甲等,1000 人以上,1898 年
长沙市妇幼保健院,NA,湖南·常德市,公立医院,综合医院,三级甲等,1000 人以上,1898 年
长沙市中心医院,NA,湖南·常德市,公立医院,综合医院,三级甲等,1000 人以上,1898 年
长沙市中医医院,NA,湖南·常德市,公立医院,综合医院,三级甲等,1000 人以上,1898 年
郴州市第一人民医院,NA,湖南·常德市,公立医院,综合医院,三级甲等,1000 人以上,1898 年
衡阳市中心医院,NA,湖南·常德市,公立医院,综合医院,三级甲等,1000 人以上,1898 年
怀化市第一人民医院,NA,湖南·常德市,公立医院,综合医院,三级甲等,1000 人以上,1898 年
湖南省儿童医院,NA,湖南·常德市,公立医院,综合医院,三级甲等,1000 人以上,1898 年
湖南省脑科医院,NA,湖南·常德市,公立医院,综合医院,三级甲等,1000 人以上,1898 年
湖南省直中医医院,NA,湖南·常德市,公立医院,综合医院,三级甲等,1000 人以上,1898 年
湖南省肿瘤医院,NA,湖南·常德市,公立医院,综合医院,三级甲等,1000 人以上,1898 年
湖南中医药大学第二附属医院,NA,湖南·常德市,公立医院,综合医院,三级甲等,1000 人以上,1898 年
醴陵市中医院,NA,湖南·常德市,公立医院,综合医院,三级甲等,1000 人以上,1898 年
浏阳市中医医院,NA,湖南·常德市,公立医院,综合医院,三级甲等,1000 人以上,1898 年
娄底市中心医院,NA,湖南·常德市,公立医院,综合医院,三级甲等,1000 人以上,1898 年
南华大学附属第一医院,NA,湖南·常德市,公立医院,综合医院,三级甲等,1000 人以上,1898 年
南华大学附属南华医院,NA,湖南·常德市,公立医院,综合医院,三级甲等,1000 人以上,1898 年
湘潭市第一人民医院,NA,湖南·常德市,公立医院,综合医院,三级甲等,1000 人以上,1898 年
湘潭市妇幼保健院,NA,湖南·常德市,公立医院,综合医院,三级甲等,1000 人以上,1898 年
