Hospital,Link,Location,Trade,Attribution,Grade,Scale,Establish
长沙县第一人民医院,NA,湖南·长沙市,公立医院,综合医院,二级甲等,100-499 人,1958 年
衡山县人民医院,NA,湖南·长沙市,公立医院,综合医院,二级甲等,100-499 人,1958 年
怀化市肿瘤医院,NA,湖南·长沙市,公立医院,综合医院,二级甲等,100-499 人,1958 年
湖南省财贸医院,NA,湖南·长沙市,公立医院,综合医院,二级甲等,100-499 人,1958 年
桃源县人民医院,NA,湖南·长沙市,公立医院,综合医院,二级甲等,100-499 人,1958 年
湘潭市第二人民医院,NA,湖南·长沙市,公立医院,综合医院,二级甲等,100-499 人,1958 年
新宁县人民医院,NA,湖南·长沙市,公立医院,综合医院,二级甲等,100-499 人,1958 年
岳阳爱康医院,NA,湖南·长沙市,公立医院,综合医院,二级甲等,100-499 人,1958 年
安化县人民医院,NA,湖南·长沙市,公立医院,综合医院,二级甲等,100-499 人,1958 年
安化县中医院,NA,湖南·长沙市,公立医院,综合医院,二级甲等,100-499 人,1958 年
安仁县人民医院,NA,湖南·长沙市,公立医院,综合医院,二级甲等,100-499 人,1958 年
安仁县中医院,NA,湖南·长沙市,公立医院,综合医院,二级甲等,100-499 人,1958 年
安乡县第三人民医院,NA,湖南·长沙市,公立医院,综合医院,二级甲等,100-499 人,1958 年
安乡县人民医院,NA,湖南·长沙市,公立医院,综合医院,二级甲等,100-499 人,1958 年
安乡县中医院,NA,湖南·长沙市,公立医院,综合医院,二级甲等,100-499 人,1958 年
白云家用电器总厂职工医院,NA,湖南·长沙市,公立医院,综合医院,二级甲等,100-499 人,1958 年
保靖县人民医院,NA,湖南·长沙市,公立医院,综合医院,二级甲等,100-499 人,1958 年
茶陵县人民医院,NA,湖南·长沙市,公立医院,综合医院,二级甲等,100-499 人,1958 年
茶陵县中医院,NA,湖南·长沙市,公立医院,综合医院,二级甲等,100-499 人,1958 年
常德德星医院,NA,湖南·长沙市,公立医院,综合医院,二级甲等,100-499 人,1958 年
