Hospital,Link,Location,Trade,Attribution,Grade,Scale,Establish
道州慈济医院,NA,湖南·永州市,-,综合医院,二级医院,-,2011 年
东安县中医院,NA,湖南·永州市,-,综合医院,二级医院,-,2011 年
桂东县中医医院,NA,湖南·永州市,-,综合医院,二级医院,-,2011 年
桂阳泰康医院,NA,湖南·永州市,-,综合医院,二级医院,-,2011 年
古丈县中医医院,NA,湖南·永州市,-,综合医院,二级医院,-,2011 年
汉寿百信医院,NA,湖南·永州市,-,综合医院,二级医院,-,2011 年
汉寿太子庙中心医院,NA,湖南·永州市,-,综合医院,二级医院,-,2011 年
汉寿县矫形医院,NA,湖南·永州市,-,综合医院,二级医院,-,2011 年
衡东福诚骨科医院,NA,湖南·永州市,-,综合医院,二级医院,-,2011 年
衡东县妇幼保健院,NA,湖南·永州市,-,综合医院,二级医院,-,2011 年
衡山普济康复医院,NA,湖南·永州市,-,综合医院,二级医院,-,2011 年
衡山县中医院,NA,湖南·永州市,-,综合医院,二级医院,-,2011 年
衡阳博爱儿童康复医院,NA,湖南·永州市,-,综合医院,二级医院,-,2011 年
衡阳华程医院,NA,湖南·永州市,-,综合医院,二级医院,-,2011 年
衡阳市第二精神病院,NA,湖南·永州市,-,综合医院,二级医院,-,2011 年
衡阳市第二人民医院,NA,湖南·永州市,-,综合医院,二级医院,-,2011 年
衡阳市第四人民医院,NA,湖南·永州市,-,综合医院,二级医院,-,2011 年
衡阳市江东中医院,NA,湖南·永州市,-,综合医院,二级医院,-,2011 年
衡阳市祁东新区医院,NA,湖南·永州市,-,综合医院,二级医院,-,2011 年
衡阳县第三人民医院,NA,湖南·永州市,-,综合医院,二级医院,-,2011 年
