Hospital,Link,Location,Trade,Attribution,Grade,Scale,Establish
郴州市第三人民医院,NA,湖南·郴州市,公立医院,综合医院,三级医院,-,1958 年
郴州市第四人民医院,NA,湖南·郴州市,公立医院,综合医院,三级医院,-,1958 年
郴州市精神病医院,NA,湖南·郴州市,公立医院,综合医院,三级医院,-,1958 年
衡阳市第一人民医院,NA,湖南·郴州市,公立医院,综合医院,三级医院,-,1958 年
怀化市妇女儿童医院,NA,湖南·郴州市,公立医院,综合医院,三级医院,-,1958 年
湖南师范大学附属湘东医院,NA,湖南·郴州市,公立医院,综合医院,三级医院,-,1958 年
湖南旺旺医院,NA,湖南·郴州市,公立医院,综合医院,三级医院,-,1958 年
浏阳市人民医院,NA,湖南·郴州市,公立医院,综合医院,三级医院,-,1958 年
娄底市第一人民医院,NA,湖南·郴州市,公立医院,综合医院,三级医院,-,1958 年
娄底市中医院,NA,湖南·郴州市,公立医院,综合医院,三级医院,-,1958 年
平江县第一人民医院,NA,湖南·郴州市,公立医院,综合医院,三级医院,-,1958 年
祁东富军综合医院,NA,湖南·郴州市,公立医院,综合医院,三级医院,-,1958 年
邵东县中医院,NA,湖南·郴州市,公立医院,综合医院,三级医院,-,1958 年
邵阳市中心医院东院,NA,湖南·郴州市,公立医院,综合医院,三级医院,-,1958 年
湘潭县人民医院,NA,湖南·郴州市,公立医院,综合医院,三级医院,-,1958 年
湘乡市人民医院,NA,湖南·郴州市,公立医院,综合医院,三级医院,-,1958 年
湘雅口腔医院,NA,湖南·郴州市,公立医院,综合医院,三级医院,-,1958 年
益阳市第四人民医院,NA,湖南·郴州市,公立医院,综合医院,三级医院,-,1958 年
永州市第三人民医院,NA,湖南·郴州市,公立医院,综合医院,三级医院,-,1958 年
永州市第一人民医院,NA,湖南·郴州市,公立医院,综合医院,三级医院,-,1958 年
