Hospital,Link,Location,Trade,Attribution,Grade,Scale,Establish
衡东县中医医院,NA,湖南·衡阳市,公立医院,专科医院,二级甲等,-,-
衡南县第三人民医院,NA,湖南·衡阳市,公立医院,专科医院,二级甲等,-,-
衡南县红十字医院,NA,湖南·衡阳市,公立医院,专科医院,二级甲等,-,-
衡南县人民医院,NA,湖南·衡阳市,公立医院,专科医院,二级甲等,-,-
衡阳市滨江医院,NA,湖南·衡阳市,公立医院,专科医院,二级甲等,-,-
衡阳市第五人民医院,NA,湖南·衡阳市,公立医院,专科医院,二级甲等,-,-
衡阳市妇幼保健院,NA,湖南·衡阳市,公立医院,专科医院,二级甲等,-,-
衡阳市肛肠医院,NA,湖南·衡阳市,公立医院,专科医院,二级甲等,-,-
衡阳石鼓妇女儿童医院,NA,湖南·衡阳市,公立医院,专科医院,二级甲等,-,-
衡阳市中西医结合医院,NA,湖南·衡阳市,公立医院,专科医院,二级甲等,-,-
衡阳县人民医院,NA,湖南·衡阳市,公立医院,专科医院,二级甲等,-,-
衡阳县中医院,NA,湖南·衡阳市,公立医院,专科医院,二级甲等,-,-
洪江市人民医院,NA,湖南·衡阳市,公立医院,专科医院,二级甲等,-,-
洪江市中医院,NA,湖南·衡阳市,公立医院,专科医院,二级甲等,-,-
怀化市第五人民医院,NA,湖南·衡阳市,公立医院,专科医院,二级甲等,-,-
怀化市洪江区中医院,NA,湖南·衡阳市,公立医院,专科医院,二级甲等,-,-
华容县人民医院,NA,湖南·衡阳市,公立医院,专科医院,二级甲等,-,-
华容县血防医院,NA,湖南·衡阳市,公立医院,专科医院,二级甲等,-,-
华容县中医院,NA,湖南·衡阳市,公立医院,专科医院,二级甲等,-,-
花垣县人民医院,NA,湖南·衡阳市,公立医院,专科医院,二级甲等,-,-
