Hospital,Link,Location,Trade,Attribution,Grade,Scale,Establish
益阳市第五人民医院,NA,湖南·益阳市,公立医院,专科医院,二级甲等,-,1979 年
益阳市妇幼保健院,NA,湖南·益阳市,公立医院,专科医院,二级甲等,-,1979 年
益阳市南县中医医院,NA,湖南·益阳市,公立医院,专科医院,二级甲等,-,1979 年
益阳市人民医院,NA,湖南·益阳市,公立医院,专科医院,二级甲等,-,1979 年
益阳市四人民医院市委机关卫生所,NA,湖南·益阳市,公立医院,专科医院,二级甲等,-,1979 年
益阳市中医院,NA,湖南·益阳市,公立医院,专科医院,二级甲等,-,1979 年
益阳市资阳区妇幼保健院,NA,湖南·益阳市,公立医院,专科医院,二级甲等,-,1979 年
益阳医专附属医院,NA,湖南·益阳市,公立医院,专科医院,二级甲等,-,1979 年
宜章康复医院,NA,湖南·益阳市,公立医院,专科医院,二级甲等,-,1979 年
宜章县第三人民医院,NA,湖南·益阳市,公立医院,专科医院,二级甲等,-,1979 年
宜章县人民医院,NA,湖南·益阳市,公立医院,专科医院,二级甲等,-,1979 年
宜章县中医院,NA,湖南·益阳市,公立医院,专科医院,二级甲等,-,1979 年
永顺县人民医院,NA,湖南·益阳市,公立医院,专科医院,二级甲等,-,1979 年
永顺县中医院,NA,湖南·益阳市,公立医院,专科医院,二级甲等,-,1979 年
永兴县人民医院,NA,湖南·益阳市,公立医院,专科医院,二级甲等,-,1979 年
永兴县中医医院,NA,湖南·益阳市,公立医院,专科医院,二级甲等,-,1979 年
永州市第四人民医院,NA,湖南·益阳市,公立医院,专科医院,二级甲等,-,1979 年
永州市零陵区中医医院,NA,湖南·益阳市,公立医院,专科医院,二级甲等,-,1979 年
沅江市第二人民医院,NA,湖南·益阳市,公立医院,专科医院,二级甲等,-,1979 年
沅江市妇幼保健院,NA,湖南·益阳市,公立医院,专科医院,二级甲等,-,1979 年
