Hospital,Link,Location,Trade,Attribution,Grade,Scale,Establish
辰溪县人民医院,NA,湖南·怀化市,公立医院,综合医院,二级甲等,-,1956 年
郴州骨科医院,NA,湖南·怀化市,公立医院,综合医院,二级甲等,-,1956 年
郴州市第三人民医院解放路口腔门诊,NA,湖南·怀化市,公立医院,综合医院,二级甲等,-,1956 年
郴州市东方泌尿专科医院,NA,湖南·怀化市,公立医院,综合医院,二级甲等,-,1956 年
郴州市桂东县人民医院,NA,湖南·怀化市,公立医院,综合医院,二级甲等,-,1956 年
慈利县人民医院,NA,湖南·怀化市,公立医院,综合医院,二级甲等,-,1956 年
慈利县中医医院,NA,湖南·怀化市,公立医院,综合医院,二级甲等,-,1956 年
道县中医医院,NA,湖南·怀化市,公立医院,综合医院,二级甲等,-,1956 年
东安县人民医院,NA,湖南·怀化市,公立医院,综合医院,二级甲等,-,1956 年
洞口县人民医院,NA,湖南·怀化市,公立医院,综合医院,二级甲等,-,1956 年
洞口县中医院,NA,湖南·怀化市,公立医院,综合医院,二级甲等,-,1956 年
凤凰县民族中医院,NA,湖南·怀化市,公立医院,综合医院,二级甲等,-,1956 年
凤凰县人民医院,NA,湖南·怀化市,公立医院,综合医院,二级甲等,-,1956 年
桂阳县第一人民医院,NA,湖南·怀化市,公立医院,综合医院,二级甲等,-,1956 年
桂阳县中医院,NA,湖南·怀化市,公立医院,综合医院,二级甲等,-,1956 年
汩罗市中医院,NA,湖南·怀化市,公立医院,综合医院,二级甲等,-,1956 年
汉寿县妇幼保健院,NA,湖南·怀化市,公立医院,综合医院,二级甲等,-,1956 年
汉寿县人民医院,NA,湖南·怀化市,公立医院,综合医院,二级甲等,-,1956 年
汉寿县中医院,NA,湖南·怀化市,公立医院,综合医院,二级甲等,-,1956 年
衡东县人民医院,NA,湖南·怀化市,公立医院,综合医院,二级甲等,-,1956 年
