Hospital,Link,Location,Trade,Attribution,Grade,Scale,Establish
中国人民解放军联勤保障部队第九二一医院,NA,湖南·长沙市,公立医院,综合医院,三级甲等,-,-
中国人民解放军联勤保障部队九二二医院,NA,湖南·长沙市,公立医院,综合医院,三级甲等,-,-
株洲市中心医院,NA,湖南·长沙市,公立医院,综合医院,三级甲等,-,-
株洲市中心医院田心院区,NA,湖南·长沙市,公立医院,综合医院,三级甲等,-,-
株洲市中医伤科医院,NA,湖南·长沙市,公立医院,综合医院,三级甲等,-,-
