Hospital,Link,Location,Trade,Attribution,Grade,Scale,Establish
常德市第二中医院,NA,湖南·常德市,公立医院,专科医院,二级甲等,-,1957 年
常德市第三人民医院,NA,湖南·常德市,公立医院,专科医院,二级甲等,-,1957 年
常德市康复医院,NA,湖南·常德市,公立医院,专科医院,二级甲等,-,1957 年
常德市澧县中医院,NA,湖南·常德市,公立医院,专科医院,二级甲等,-,1957 年
常德市血吸虫病防治院,NA,湖南·常德市,公立医院,专科医院,二级甲等,-,1957 年
常德市职业技术学院附属医院,NA,湖南·常德市,公立医院,专科医院,二级甲等,-,1957 年
常德市肿瘤医院,NA,湖南·常德市,公立医院,专科医院,二级甲等,-,1957 年
常德维多利亚妇产医院,NA,湖南·常德市,公立医院,专科医院,二级甲等,-,1957 年
常宁市人民医院,NA,湖南·常德市,公立医院,专科医院,二级甲等,-,1957 年
常宁市中医院,NA,湖南·常德市,公立医院,专科医院,二级甲等,-,1957 年
长沙市按摩医院,NA,湖南·常德市,公立医院,专科医院,二级甲等,-,1957 年
长沙市望城区人民医院,NA,湖南·常德市,公立医院,专科医院,二级甲等,-,1957 年
长沙市中心医院分院,NA,湖南·常德市,公立医院,专科医院,二级甲等,-,1957 年
长沙县第二人民医院,NA,湖南·常德市,公立医院,专科医院,二级甲等,-,1957 年
长沙县第三人民医院,NA,湖南·常德市,公立医院,专科医院,二级甲等,-,1957 年
长沙县妇幼保健院,NA,湖南·常德市,公立医院,专科医院,二级甲等,-,1957 年
长沙县梅花医院,NA,湖南·常德市,公立医院,专科医院,二级甲等,-,1957 年
长沙县南托医院,NA,湖南·常德市,公立医院,专科医院,二级甲等,-,1957 年
长沙县中医院,NA,湖南·常德市,公立医院,专科医院,二级甲等,-,1957 年
长沙亚韩医学美容医院,NA,湖南·常德市,公立医院,专科医院,二级甲等,-,1957 年
