Hospital,Link,Location,Trade,Attribution,Grade,Scale,Establish
新田县人民医院,NA,湖南·永州市,公立医院,综合医院,二级医院,-,1950 年
益阳爱尔眼科医院,NA,湖南·永州市,公立医院,综合医院,二级医院,-,1950 年
益阳安邦精神病医院,NA,湖南·永州市,公立医院,综合医院,二级医院,-,1950 年
益阳南方骨伤医院,NA,湖南·永州市,公立医院,综合医院,二级医院,-,1950 年
益阳市大通湖区人民医院,NA,湖南·永州市,公立医院,综合医院,二级医院,-,1950 年
益阳市红十字会医院,NA,湖南·永州市,公立医院,综合医院,二级医院,-,1950 年
益阳市南县华安医院,NA,湖南·永州市,公立医院,综合医院,二级医院,-,1950 年
永州红十字中西结合医院,NA,湖南·永州市,公立医院,综合医院,二级医院,-,1950 年
永州红十字中西医结合医院祁阳分院,NA,湖南·永州市,公立医院,综合医院,二级医院,-,1950 年
攸县泓德口腔医院,NA,湖南·永州市,公立医院,综合医院,二级医院,-,1950 年
攸县慧仁眼科医院,NA,湖南·永州市,公立医院,综合医院,二级医院,-,1950 年
沅江市草尾镇中心卫生院,NA,湖南·永州市,公立医院,综合医院,二级医院,-,1950 年
沅江市福康医院,NA,湖南·永州市,公立医院,综合医院,二级医院,-,1950 年
沅陵爱尔眼科医院,NA,湖南·永州市,公立医院,综合医院,二级医院,-,1950 年
沅陵县第二人民医院,NA,湖南·永州市,公立医院,综合医院,二级医院,-,1950 年
岳阳华厦恒康五官科医院,NA,湖南·永州市,公立医院,综合医院,二级医院,-,1950 年
岳阳临湘中医肝病医院,NA,湖南·永州市,公立医院,综合医院,二级医院,-,1950 年
岳阳三五一七职工医院,NA,湖南·永州市,公立医院,综合医院,二级医院,-,1950 年
岳阳世纪医院,NA,湖南·永州市,公立医院,综合医院,二级医院,-,1950 年
岳阳市君山区第二人民医院,NA,湖南·永州市,公立医院,综合医院,二级医院,-,1950 年
