Hospital,Link,Location,Trade,Attribution,Grade,Scale,Establish
邵阳雪峰医院,NA,湖南·邵阳市,民营医院,专科医院,二级医院,-,-
邵阳真美妇产医院,NA,湖南·邵阳市,民营医院,专科医院,二级医院,-,-
邵阳资江医院,NA,湖南·邵阳市,民营医院,专科医院,二级医院,-,-
双牌县中医院,NA,湖南·邵阳市,民营医院,专科医院,二级医院,-,-
桃江县桃花江中心医院,NA,湖南·邵阳市,民营医院,专科医院,二级医院,-,-
武冈市中医医院,NA,湖南·邵阳市,民营医院,专科医院,二级医院,-,-
武冈万康医院,NA,湖南·邵阳市,民营医院,专科医院,二级医院,-,-
湘潭市江麓医院,NA,湖南·邵阳市,民营医院,专科医院,二级医院,-,-
湘潭市康复中心,NA,湖南·邵阳市,民营医院,专科医院,二级医院,-,-
湘潭市湘鹤医院,NA,湖南·邵阳市,民营医院,专科医院,二级医院,-,-
湘潭湘乡起蛟中医医院,NA,湖南·邵阳市,民营医院,专科医院,二级医院,-,-
湘乡市东山医院,NA,湖南·邵阳市,民营医院,专科医院,二级医院,-,-
湘阴华雅医院,NA,湖南·邵阳市,民营医院,专科医院,二级医院,-,-
湘阴县第三人民医院,NA,湖南·邵阳市,民营医院,专科医院,二级医院,-,-
湘阴县康复医院,NA,湖南·邵阳市,民营医院,专科医院,二级医院,-,-
湘中煤炭医院,NA,湖南·邵阳市,民营医院,专科医院,二级医院,-,-
新港妇幼保健院,NA,湖南·邵阳市,民营医院,专科医院,二级医院,-,-
新化天和医院,NA,湖南·邵阳市,民营医院,专科医院,二级医院,-,-
新化县第二人民医院,NA,湖南·邵阳市,民营医院,专科医院,二级医院,-,-
新宁县中新医院,NA,湖南·邵阳市,民营医院,专科医院,二级医院,-,-
