Hospital,Link,Location,Trade,Attribution,Grade,Scale,Establish
衡阳湘中医院,NA,湖南·衡阳市,民营医院,综合医院,二级医院,-,1952 年
衡阳新安康复医院,NA,湖南·衡阳市,民营医院,综合医院,二级医院,-,1952 年
怀化滨江医院,NA,湖南·衡阳市,民营医院,综合医院,二级医院,-,1952 年
怀化博雅医院,NA,湖南·衡阳市,民营医院,综合医院,二级医院,-,1952 年
怀化武陵医院,NA,湖南·衡阳市,民营医院,综合医院,二级医院,-,1952 年
怀化沅陵南方医院,NA,湖南·衡阳市,民营医院,综合医院,二级医院,-,1952 年
怀化智德医院,NA,湖南·衡阳市,民营医院,综合医院,二级医院,-,1952 年
怀化中山医院,NA,湖南·衡阳市,民营医院,综合医院,二级医院,-,1952 年
华容县精神病专科医院,NA,湖南·衡阳市,民营医院,综合医院,二级医院,-,1952 年
会同县人民医院,NA,湖南·衡阳市,民营医院,综合医院,二级医院,-,1952 年
湖南黑金时代牛马司矿业有限公司职工医院,NA,湖南·衡阳市,民营医院,综合医院,二级医院,-,1952 年
湖南环境生物学院附属第一医院,NA,湖南·衡阳市,民营医院,综合医院,二级医院,-,1952 年
湖南尚美妇幼医院,NA,湖南·衡阳市,民营医院,综合医院,二级医院,-,1952 年
湖南社港正骨中医医院,NA,湖南·衡阳市,民营医院,综合医院,二级医院,-,1952 年
湖南省警官总医院,NA,湖南·衡阳市,民营医院,综合医院,二级医院,-,1952 年
湖南省五一九医院,NA,湖南·衡阳市,民营医院,综合医院,二级医院,-,1952 年
靖州苗族侗族自治县中医医院,NA,湖南·衡阳市,民营医院,综合医院,二级医院,-,1952 年
靖州县妇幼保健院,NA,湖南·衡阳市,民营医院,综合医院,二级医院,-,1952 年
靖州县中医院,NA,湖南·衡阳市,民营医院,综合医院,二级医院,-,1952 年
吉首大学张家界学院附属医院,NA,湖南·衡阳市,民营医院,综合医院,二级医院,-,1952 年
