Hospital,Link,Location,Trade,Attribution,Grade,Scale,Establish
长沙红枫康复医院,NA,湖南·长沙市,民营医院,专科医院,二级医院,-,2016 年
长沙巨氧金福医院,NA,湖南·长沙市,民营医院,专科医院,二级医院,-,2016 年
长沙桔洲康复医院,NA,湖南·长沙市,民营医院,专科医院,二级医院,-,2016 年
长沙康达医院,NA,湖南·长沙市,民营医院,专科医院,二级医院,-,2016 年
长沙康乃馨医院,NA,湖南·长沙市,民营医院,专科医院,二级医院,-,2016 年
长沙老年康复医院,NA,湖南·长沙市,民营医院,专科医院,二级医院,-,2016 年
长沙丽人妇产医院,NA,湖南·长沙市,民营医院,专科医院,二级医院,-,2016 年
长沙睦邻康复医院,NA,湖南·长沙市,民营医院,专科医院,二级医院,-,2016 年
长沙南雅医院,NA,湖南·长沙市,民营医院,专科医院,二级医院,-,2016 年
长沙年轮骨科医院,NA,湖南·长沙市,民营医院,专科医院,二级医院,-,2016 年
长沙三真康复医院,NA,湖南·长沙市,民营医院,专科医院,二级医院,-,2016 年
长沙星沙年轮骨科医院,NA,湖南·长沙市,民营医院,专科医院,二级医院,-,2016 年
长沙怡康医院,NA,湖南·长沙市,民营医院,专科医院,二级医院,-,2016 年
长沙友爱医院,NA,湖南·长沙市,民营医院,专科医院,二级医院,-,2016 年
长沙正和骨科医院,NA,湖南·长沙市,民营医院,专科医院,二级医院,-,2016 年
城步苗族自治县中医医院,NA,湖南·长沙市,民营医院,专科医院,二级医院,-,2016 年
郴州东华医院,NA,湖南·长沙市,民营医院,专科医院,二级医院,-,2016 年
郴州市第二人民医院,NA,湖南·长沙市,民营医院,专科医院,二级医院,-,2016 年
郴州市芙蓉口腔医院,NA,湖南·长沙市,民营医院,专科医院,二级医院,-,2016 年
道县湘南肾病专科医院,NA,湖南·长沙市,民营医院,专科医院,二级医院,-,2016 年
