Hospital,Link,Location,Trade,Attribution,Grade,Scale,Establish
岳阳市君山区人民医院,NA,湖南·岳阳市,公立医院,综合医院,二级医院,-,1958 年
岳阳市岳阳楼区人民医院,NA,湖南·岳阳市,公立医院,综合医院,二级医院,-,1958 年
岳阳市职业病防治医院,NA,湖南·岳阳市,公立医院,综合医院,二级医院,-,1958 年
岳阳五洲医院,NA,湖南·岳阳市,公立医院,综合医院,二级医院,-,1958 年
岳阳县血防医院,NA,湖南·岳阳市,公立医院,综合医院,二级医院,-,1958 年
张家界宏仁医院,NA,湖南·岳阳市,公立医院,综合医院,二级医院,-,1958 年
中国建筑第五工程局中心医院,NA,湖南·岳阳市,公立医院,综合医院,二级医院,-,1958 年
中国水电八局东江职工医院,NA,湖南·岳阳市,公立医院,综合医院,二级医院,-,1958 年
珠晖区人民医院,NA,湖南·岳阳市,公立医院,综合医院,二级医院,-,1958 年
株洲耳鼻喉专科医院,NA,湖南·岳阳市,公立医院,综合医院,二级医院,-,1958 年
株洲神农中医康复医院,NA,湖南·岳阳市,公立医院,综合医院,二级医院,-,1958 年
株洲市康复医院,NA,湖南·岳阳市,公立医院,综合医院,二级医院,-,1958 年
株洲市天元区人民医院,NA,湖南·岳阳市,公立医院,综合医院,二级医院,-,1958 年
资兴市第二人民医院,NA,湖南·岳阳市,公立医院,综合医院,二级医院,-,1958 年
