Hospital,Link,Location,Trade,Attribution,Grade,Scale,Establish
恺德微创茶陵医院,NA,湖南·株洲市,公立医院,综合医院,二级医院,-,2006 年
耒阳市第三人民医院,NA,湖南·株洲市,公立医院,综合医院,二级医院,-,2006 年
冷钢湘安医院,NA,湖南·株洲市,公立医院,综合医院,二级医院,-,2006 年
涟源城北综合医院,NA,湖南·株洲市,公立医院,综合医院,二级医院,-,2006 年
涟源康胜口腔医院,NA,湖南·株洲市,公立医院,综合医院,二级医院,-,2006 年
醴陵泰安医院,NA,湖南·株洲市,公立医院,综合医院,二级医院,-,2006 年
临武湘南健民医院,NA,湖南·株洲市,公立医院,综合医院,二级医院,-,2006 年
临湘市长河医院,NA,湖南·株洲市,公立医院,综合医院,二级医院,-,2006 年
浏阳利美医院,NA,湖南·株洲市,公立医院,综合医院,二级医院,-,2006 年
浏阳市第三医院,NA,湖南·株洲市,公立医院,综合医院,二级医院,-,2006 年
浏阳市第五医院,NA,湖南·株洲市,公立医院,综合医院,二级医院,-,2006 年
浏阳市精神病医院,NA,湖南·株洲市,公立医院,综合医院,二级医院,-,2006 年
澧县现代妇产医院,NA,湖南·株洲市,公立医院,综合医院,二级医院,-,2006 年
澧州眼科医院,NA,湖南·株洲市,公立医院,综合医院,二级医院,-,2006 年
隆回荣兴医院,NA,湖南·株洲市,公立医院,综合医院,二级医院,-,2006 年
隆回魏源医院,NA,湖南·株洲市,公立医院,综合医院,二级医院,-,2006 年
隆回县第二人民医院,NA,湖南·株洲市,公立医院,综合医院,二级医院,-,2006 年
龙山龙凤精神病医院,NA,湖南·株洲市,公立医院,综合医院,二级医院,-,2006 年
娄底恺德医院,NA,湖南·株洲市,公立医院,综合医院,二级医院,-,2006 年
娄底民生医院,NA,湖南·株洲市,公立医院,综合医院,二级医院,-,2006 年
