Hospital,Link,Location,Trade,Attribution,Grade,Scale,Establish
湖南省人民医院马王堆院区,NA,湖南·长沙市,公立医院,专科医院,三级甲等,-,1912 年
湖南省中医研究院附属医院,NA,湖南·长沙市,公立医院,专科医院,三级甲等,-,1912 年
湖南医药学院第一附属医院,NA,湖南·长沙市,公立医院,专科医院,三级甲等,-,1912 年
湖南中医药大学第一附属医院,NA,湖南·长沙市,公立医院,专科医院,三级甲等,-,1912 年
南华大学附属第二医院,NA,湖南·长沙市,公立医院,专科医院,三级甲等,-,1912 年
南华大学附属第三医院,NA,湖南·长沙市,公立医院,专科医院,三级甲等,-,1912 年
宁乡市中医院,NA,湖南·长沙市,公立医院,专科医院,三级甲等,-,1912 年
邵阳市中心医院,NA,湖南·长沙市,公立医院,专科医院,三级甲等,-,1912 年
邵阳市中医院,NA,湖南·长沙市,公立医院,专科医院,三级甲等,-,1912 年
湘南学院附属医院,NA,湖南·长沙市,公立医院,专科医院,三级甲等,-,1912 年
湘潭市妇幼保健院河西院区,NA,湖南·长沙市,公立医院,专科医院,三级甲等,-,1912 年
湘潭市中医医院,NA,湖南·长沙市,公立医院,专科医院,三级甲等,-,1912 年
湘西土家族苗族自治州民族中医院,NA,湖南·长沙市,公立医院,专科医院,三级甲等,-,1912 年
湘西自治州人民医院,NA,湖南·长沙市,公立医院,专科医院,三级甲等,-,1912 年
益阳市中心医院,NA,湖南·长沙市,公立医院,专科医院,三级甲等,-,1912 年
永州市中医院,NA,湖南·长沙市,公立医院,专科医院,三级甲等,-,1912 年
岳阳市妇幼保健院,NA,湖南·长沙市,公立医院,专科医院,三级甲等,-,1912 年
岳阳市中医院,NA,湖南·长沙市,公立医院,专科医院,三级甲等,-,1912 年
张家界市人民医院,NA,湖南·长沙市,公立医院,专科医院,三级甲等,-,1912 年
张家界市中医医院,NA,湖南·长沙市,公立医院,专科医院,三级甲等,-,1912 年
