Hospital,Link,Location,Trade,Attribution,Grade,Scale,Establish
娄底市骨伤医院,NA,湖南·娄底市,民营医院,专科医院,二级医院,-,1960 年
娄底市康一馨医院,NA,湖南·娄底市,民营医院,专科医院,二级医院,-,1960 年
泸溪县人民医院,NA,湖南·娄底市,民营医院,专科医院,二级医院,-,1960 年
泸溪县中医院,NA,湖南·娄底市,民营医院,专科医院,二级医院,-,1960 年
汨罗市第二人民医院,NA,湖南·娄底市,民营医院,专科医院,二级医院,-,1960 年
汨罗市利民妇产医院,NA,湖南·娄底市,民营医院,专科医院,二级医院,-,1960 年
汨罗市中医理疗康复医院,NA,湖南·娄底市,民营医院,专科医院,二级医院,-,1960 年
南华附二醴陵兆和医院,NA,湖南·娄底市,民营医院,专科医院,二级医院,-,1960 年
宁乡县西冲山医院,NA,湖南·娄底市,民营医院,专科医院,二级医院,-,1960 年
宁远骨科专科医院,NA,湖南·娄底市,民营医院,专科医院,二级医院,-,1960 年
宁远县红十字会博爱医院,NA,湖南·娄底市,民营医院,专科医院,二级医院,-,1960 年
平江县第四人民医院,NA,湖南·娄底市,民营医院,专科医院,二级医院,-,1960 年
祁东现代妇科医院,NA,湖南·娄底市,民营医院,专科医院,二级医院,-,1960 年
祁东县骨伤科医院,NA,湖南·娄底市,民营医院,专科医院,二级医院,-,1960 年
祁阳康原医院,NA,湖南·娄底市,民营医院,专科医院,二级医院,-,1960 年
屈原管理区人民医院,NA,湖南·娄底市,民营医院,专科医院,二级医院,-,1960 年
邵东县妇幼保健院,NA,湖南·娄底市,民营医院,专科医院,二级医院,-,1960 年
邵阳耳鼻喉科医院,NA,湖南·娄底市,民营医院,专科医院,二级医院,-,1960 年
邵阳市红十字会博爱医院,NA,湖南·娄底市,民营医院,专科医院,二级医院,-,1960 年
邵阳县第二人民医院,NA,湖南·娄底市,民营医院,专科医院,二级医院,-,1960 年
