Hospital,Link,Location,Trade,Attribution,Grade,Scale,Establish
湖南航天医院,NA,湖南·湖南省,公立医院,综合医院,三级乙等,500-999 人,1970 年
长沙市第四医院,NA,湖南·湖南省,公立医院,综合医院,三级乙等,500-999 人,1970 年
长沙市口腔医院,NA,湖南·湖南省,公立医院,综合医院,三级乙等,500-999 人,1970 年
长沙市口腔医院五一路院区,NA,湖南·湖南省,公立医院,综合医院,三级乙等,500-999 人,1970 年
邵阳市第一人民医院,NA,湖南·湖南省,公立医院,综合医院,三级乙等,500-999 人,1970 年
株洲市二医院,NA,湖南·湖南省,公立医院,综合医院,三级乙等,500-999 人,1970 年
资阳人民医院,NA,湖南·湖南省,公立医院,综合医院,三级乙等,500-999 人,1970 年
